Timestamp,Name,Year,Shop,Rating,Review,source,predicted_sentiment,confidence,pos_score,neu_score,neg_score
3/1/2026 13:37:04,Sneha Kapte,TE,Cluckins,1,Overall good,real,Positive,0.9133015275001526,0.9133015275001526,0.0571924373507499,0.0295060072094202
03/17/2026 00:00:00,Tina George,SE,Manchurian Shop,4,"Good food at reasonable prices, students can afford it.",synthetic,Positive,0.932196319103241,0.932196319103241,0.0419733859598636,0.0258303675800561
3/21/2026 0:14:27,Prachi Barhate,TE,Shawarma Shop,3,tasty,real,Positive,0.9083780646324158,0.9083780646324158,0.0574291385710239,0.0341928042471408
03/04/2026 00:00:00,Neha Saxena,BE,Shawarma Shop,5,I think so tasty! Best shawarma around campus,synthetic,Positive,0.9279785752296448,0.9279785752296448,0.0448254756629467,0.0271959695965051
02/20/2026 00:00:00,Varun Karnik,SE,College Canteen Ground Floor,5,okay service but food is decent enough,synthetic,Positive,0.8227275013923645,0.8227275013923645,0.1249485462903976,0.0523239262402057
03/04/2026 00:00:00,Simran Kaur,BE,College Canteen Ground Floor,5,"Overall, need more items on the menu but overall good",synthetic,Positive,0.8025418519973755,0.8025418519973755,0.1283799260854721,0.0690781772136688
02/21/2026 00:00:00,Isha Dixit,BE,Manchurian Shop,2,I think taste is okay but hygiene could be much better,synthetic,Negative,0.3764232099056244,0.2922037541866302,0.3313730359077453,0.3764232099056244
03/10/2026 00:00:00,Chetan Rawat,SE,Vrindavan,1,Pricy and not worth it for what they serve tbh,synthetic,Negative,0.4820824563503265,0.2687938809394836,0.249123677611351,0.4820824563503265
2/26/2026 10:54:35,Ananyasingh S. Chauhan,TE,Amar Frankie,3,Not much idea,real,Negative,0.4617197811603546,0.252755731344223,0.2855244874954223,0.4617197811603546
02/26/2026 00:00:00,Nisha Kulkarni,SE,College Canteen 3rd Floor,2,Slightly more decent but still not good enough!,synthetic,Negative,0.4526928663253784,0.288432776927948,0.2588743269443512,0.4526928663253784
2/26/2026 10:49:29,Madhura Lolayekar,TE,Amar Frankie,4,I liked it,real,Positive,0.7885861992835999,0.7885861992835999,0.10944864153862,0.1019650995731353
03/06/2026 00:00:00,Faizan Khan,TE,Vrindavan,4,"Another banger from Vrindavan, never disappoints",synthetic,Positive,0.92155921459198,0.92155921459198,0.0422144494950771,0.0362263619899749
02/24/2026 00:00:00,Nisha Kulkarni,BE,Cluckins,4,One of the best non-veg spots near campus,synthetic,Positive,0.9197579026222228,0.9197579026222228,0.0501005947589874,0.0301414802670478
02/23/2026 00:00:00,Manish Khanna,SE,Shawarma Shop,5,"Always packed for a reason, the food is great!",synthetic,Positive,0.9109936356544496,0.9109936356544496,0.053933098912239,0.0350732542574405
02/25/2026 00:00:00,Aditya Nair,TE,Cluckins,1,food was oily and not fresh at all,synthetic,Negative,0.4489256143569946,0.263807088136673,0.2872672379016876,0.4489256143569946
03/06/2026 00:00:00,Rashmi Sawant,SE,Manchurian Shop,5,"the manchurian is nostalgic, love the spice level",synthetic,Positive,0.9088025093078612,0.9088025093078612,0.056479774415493,0.0347177200019359
03/06/2026 00:00:00,Raj Kapoor,TE,Amar Frankie,5,"Great value for money, delicious frankies every time ngl",synthetic,Positive,0.9268427491188048,0.9268427491188048,0.0428963750600814,0.030260844156146
2/26/2026 13:24:02,Riya More,TE,Amar Frankie,4,nice menu,real,Positive,0.9253909587860109,0.9253909587860109,0.0485306158661842,0.0260783620178699
02/23/2026 00:00:00,Aarav Sharma,BE,College Canteen 3rd Floor,5,"Sandwiches are the best here, must try honestly",synthetic,Positive,0.9087820649147034,0.9087820649147034,0.0596065036952495,0.0316115207970142
03/12/2026 00:00:00,Priya Joshi,BE,College Canteen 3rd Floor,5,"Overall, peaceful, quiet and airy space to sit and eat",synthetic,Positive,0.9220977425575256,0.9220977425575256,0.0464738570153713,0.0314284637570381
03/07/2026 00:00:00,Sneha Iyer,BE,SPJIMR Mess,5,Good food quality and quantity at great prices!,synthetic,Positive,0.9233936071395874,0.9233936071395874,0.0448784381151199,0.0317279249429702
02/24/2026 00:00:00,Ananya Patel,SE,Juice Center,4,"Really refreshing drinks, perfect for hot days tbh",synthetic,Positive,0.9365931749343872,0.9365931749343872,0.0399778299033641,0.0234290175139904
03/06/2026 00:00:00,Ojas Wagh,SE,Manchurian Shop,2,the stall is dirty and they dont wear gloves,synthetic,Negative,0.4511897265911102,0.2507255971431732,0.2980846166610718,0.4511897265911102
03/18/2026 00:00:00,Sakshi Bhatia,BE,Vrindavan,3,I like their dosa but rest is average.,synthetic,Neutral,0.3572153151035309,0.293259710073471,0.3572153151035309,0.349524974822998
02/28/2026 00:00:00,Sneha Iyer,SE,Shawarma Shop,3,Decent crowd but hygiene could be improved.,synthetic,Negative,0.3431841433048248,0.3299609124660492,0.3268549740314483,0.3431841433048248
2/26/2026 11:44:27,Samiksha,TE,Manchurian Shop,5,Good quality food at some good restaurants,real,Positive,0.9318987727165222,0.9318987727165222,0.0442222543060779,0.0238790605217218
03/17/2026 00:00:00,Sonia Roy,BE,Manchurian Shop,2,"Mid option, nothing great nothing terrible",synthetic,Negative,0.4334439039230346,0.2975296080112457,0.2690265476703644,0.4334439039230346
03/16/2026 00:00:00,Aditya Nair,BE,Juice Center,4,"Choco, Oreo, chocolate strawberry are amazing!",synthetic,Positive,0.926540732383728,0.926540732383728,0.0451043061912059,0.0283549483865499
02/26/2026 00:00:00,Ekta Bhardwaj,BE,Manchurian Shop,5,"Good quality food, consistent taste every time!",synthetic,Positive,0.935049831867218,0.935049831867218,0.0392550490796566,0.0256950668990612
2/26/2026 7:25:39,Harsh Bhatt,TE,Amar Frankie,4,Insane frakies,real,Negative,0.4161922037601471,0.3746585845947265,0.2091491818428039,0.4161922037601471
03/21/2026 00:00:00,Komal Rane,TE,Shawarma Shop,3,I think not bad but cleanliness is a concern,synthetic,Negative,0.3677650690078735,0.2978419065475464,0.3343930840492248,0.3677650690078735
03/03/2026 00:00:00,Gaurav Patil,TE,SPJIMR Mess,4,Best canteen to ever exist on campus ngl,synthetic,Positive,0.9046421051025392,0.9046421051025392,0.0551996268332004,0.0401582233607769
03/17/2026 00:00:00,Simran Kaur,SE,Shawarma Shop,5,"Overall, service is really good and shawarma tastes great",synthetic,Positive,0.9382388591766356,0.9382388591766356,0.0420504696667194,0.0197106171399354
03/16/2026 00:00:00,Pankaj More,BE,Juice Center,5,"Choco, Oreo, chocolate strawberry are amazing",synthetic,Positive,0.9199127554893494,0.9199127554893494,0.0523055642843246,0.0277816858142614
03/03/2026 00:00:00,Faizan Khan,BE,College Canteen Ground Floor,1,"Overall, needs cleanliness maintenance, food quality bad",synthetic,Negative,0.4544020891189575,0.2511468827724457,0.2944510579109192,0.4544020891189575
03/23/2026 00:00:00,Shreya Mishra,TE,College Canteen Ground Floor,4,"Chat centre is very good here, love the chaat tbh",synthetic,Positive,0.9254975318908693,0.9254975318908693,0.0501771345734596,0.0243253652006387
03/14/2026 00:00:00,Vikram Rathod,TE,Amar Frankie,2,Not clean enough for my standards,synthetic,Negative,0.449690580368042,0.2641944289207458,0.2861149907112121,0.449690580368042
02/23/2026 00:00:00,Shreya Mishra,BE,College Canteen Ground Floor,5,"I think like it, decent food at student-friendly prices",synthetic,Positive,0.9336633086204528,0.9336633086204528,0.038345593959093,0.0279911328107118
03/20/2026 00:00:00,Nikhil Das,TE,Amar Frankie,4,spicy but okayish overall quality,synthetic,Positive,0.5836879014968872,0.5836879014968872,0.2115843594074249,0.2047277987003326
03/18/2026 00:00:00,Manish Khanna,BE,College Canteen 3rd Floor,2,Standard 3rd floor canteen experience honestly,synthetic,Positive,0.8476609587669373,0.8476609587669373,0.0866724699735641,0.065666563808918
2/26/2026 12:31:38,Shreya Mahajan,TE,SPJIMR Mess,1,Unhygienic,real,Negative,0.5221124887466431,0.2792060077190399,0.1986815184354782,0.5221124887466431
03/25/2026 00:00:00,Akash Sinha,SE,College Canteen 3rd Floor,2,Slightly more decent but still not good enough tbh,synthetic,Negative,0.4306997060775757,0.2651140689849853,0.3041862249374389,0.4306997060775757
02/23/2026 00:00:00,Lalit Pawar,TE,Shawarma Shop,4,"Top quality shawarma, would recommend to everyone",synthetic,Positive,0.9220535159111024,0.9220535159111024,0.0496722236275672,0.0282742828130722
03/25/2026 00:00:00,Lalit Pawar,TE,Juice Center,2,Quality of ingredients is sometimes a concern,synthetic,Negative,0.4221990406513214,0.313539981842041,0.2642609477043152,0.4221990406513214
03/20/2026 00:00:00,Ojas Wagh,TE,College Canteen Ground Floor,1,"It smells awful, needs deep cleaning honestly",synthetic,Negative,0.4913319051265716,0.288543552160263,0.2201244831085205,0.4913319051265716
3/1/2026 13:35:58,Asmiya Sayyad,TE,Vrindavan,4,Good food quality,real,Positive,0.9258604049682616,0.9258604049682616,0.0487723387777805,0.0253672432154417
03/23/2026 00:00:00,Ananya Patel,SE,College Canteen Ground Floor,2,"I think needs cleanliness maintenance, food quality bad",synthetic,Negative,0.4605185091495514,0.2516518533229828,0.2878296971321106,0.4605185091495514
03/25/2026 00:00:00,Simran Kaur,BE,Juice Center,5,Healthiest and bestest juice place on campus honestly,synthetic,Positive,0.9286356568336488,0.9286356568336488,0.0432066582143306,0.0281577333807945
2/26/2026 10:54:35,Ananyasingh S. Chauhan,TE,SPJIMR Mess,4,Very good,real,Positive,0.8968396782875061,0.8968396782875061,0.0635488480329513,0.0396115183830261
03/01/2026 00:00:00,Suresh Pandey,SE,Manchurian Shop,2,I think cleanliness standards did not meet expectations,synthetic,Negative,0.4472288489341736,0.2777869403362274,0.2749841809272766,0.4472288489341736
03/18/2026 00:00:00,Kabir Desai,BE,College Canteen 3rd Floor,3,I dont think they use fresh veggies always honestly,synthetic,Negative,0.4188466668128967,0.3193998038768768,0.2617535293102264,0.4188466668128967
02/20/2026 00:00:00,Raj Kapoor,SE,College Canteen 3rd Floor,2,I dont think they use fresh veggies always!,synthetic,Negative,0.4244274795055389,0.3373713195323944,0.238201156258583,0.4244274795055389
02/28/2026 00:00:00,Faizan Khan,SE,Juice Center,4,"Always gets fresh juice, love the variety",synthetic,Positive,0.9136629104614258,0.9136629104614258,0.0560517236590385,0.0302853547036647
3/1/2026 12:37:32,Arushi Jain,TE,Juice Center,5,"Warm and sweet staff, seasonal menu upgrades the uniqueness, have softies mangoes and strawberry in summers. Healthiest and bestest juice place.",real,Positive,0.9291892647743224,0.9291892647743224,0.0450264886021614,0.0257842168211936
03/11/2026 00:00:00,Bhavna Dubey,TE,Shawarma Shop,4,"I think shawarma is my life, love this place",synthetic,Positive,0.9106224775314332,0.9106224775314332,0.0574210248887538,0.0319564528763294
03/23/2026 00:00:00,Sneha Iyer,BE,Amar Frankie,1,"Overall, not clean enough for my standards",synthetic,Negative,0.4511459469795227,0.2613889873027801,0.28746497631073,0.4511459469795227
02/23/2026 00:00:00,Diya Kumar,TE,Shawarma Shop,2,The dining area needed better upkeep seriously honestly,synthetic,Negative,0.4031355082988739,0.298997551202774,0.297866940498352,0.4031355082988739
3/1/2026 12:45:09,Nidhi Patel,TE,Vrindavan,5,"Vrindavan offers excellent, high-quality, and flavorful food with a pleasant dining environment. The service is efficient, and cleanliness standards are well maintained. The pricing is justified by the taste and portion size. Overall, an outstanding and highly satisfying experience.",real,Positive,0.927155077457428,0.927155077457428,0.0464395470917224,0.0264054704457521
03/08/2026 00:00:00,Tanvi Chopra,BE,Cluckins,3,I think not tried much but looks appealing enough,synthetic,Positive,0.4271107912063598,0.4271107912063598,0.2485497146844864,0.3243394494056701
02/27/2026 00:00:00,Simran Kaur,SE,Shawarma Shop,1,"Dust from road gets into the food, gross",synthetic,Negative,0.4765844643115997,0.2539752721786499,0.2694403231143951,0.4765844643115997
03/07/2026 00:00:00,Deepak Jain,BE,Vrindavan,3,Good services but water glasses arent clean.,synthetic,Positive,0.471013069152832,0.471013069152832,0.2505779862403869,0.2784089744091034
03/18/2026 00:00:00,Amit Agarwal,SE,SPJIMR Mess,4,"Fast clean and tasty, the holy trinity honestly",synthetic,Positive,0.9402298927307128,0.9402298927307128,0.0356535241007804,0.0241165943443775
03/25/2026 00:00:00,Suresh Pandey,TE,Manchurian Shop,3,"Food is average, cleanliness needs work.",synthetic,Negative,0.4808685779571533,0.2561784088611603,0.262952983379364,0.4808685779571533
3/1/2026 22:54:26,Harsh Malpani,TE,Shawarma Shop,2,Only non veg options,real,Negative,0.4181180894374847,0.2865656316280365,0.2953162491321563,0.4181180894374847
03/22/2026 00:00:00,Vihaan Verma,SE,College Canteen Ground Floor,3,Too crowded during lunch hours always tbh,synthetic,Negative,0.4846924543380737,0.2632325291633606,0.2520750164985657,0.4846924543380737
03/16/2026 00:00:00,Anjali Bansal,TE,Vrindavan,5,"I think best food around campus, excellent quality!",synthetic,Positive,0.9346380233764648,0.9346380233764648,0.0405809208750724,0.0247810762375593
03/23/2026 00:00:00,Divya Tiwari,BE,College Canteen Ground Floor,4,The ground floor canteen is nice overall honestly,synthetic,Positive,0.9131419658660888,0.9131419658660888,0.0576675906777381,0.0291904397308826
03/12/2026 00:00:00,Kiran Srivastava,BE,SPJIMR Mess,5,"best overall, food quality and quantity both great",synthetic,Positive,0.9237788915634156,0.9237788915634156,0.0463224723935127,0.0298986043781042
2/26/2026 11:53:39,Vedika Pardeshi,TE,Juice Center,5,Fresh fruits,real,Positive,0.9070714116096495,0.9070714116096495,0.05946796387434,0.0334607176482677
03/04/2026 00:00:00,Ananya Patel,BE,College Canteen Ground Floor,5,I think food quality is good and pricing is student-friendly,synthetic,Positive,0.9280465245246888,0.9280465245246888,0.0460896976292133,0.0258637554943561
02/28/2026 00:00:00,Himanshu Lakra,BE,Manchurian Shop,5,"Good quality food, consistent taste every time ngl",synthetic,Positive,0.9311888217926024,0.9311888217926024,0.0420516580343246,0.0267595704644918
03/11/2026 00:00:00,Riya Thakur,BE,College Canteen 3rd Floor,1,Slightly more decent but still not good enough honestly,synthetic,Negative,0.435099720954895,0.2721723020076751,0.292727917432785,0.435099720954895
03/11/2026 00:00:00,Tanvi Chopra,BE,College Canteen Ground Floor,4,the go-to place but menu is limited,synthetic,Negative,0.37504643201828,0.3080746829509735,0.3168788850307464,0.37504643201828
03/19/2026 00:00:00,Isha Dixit,SE,Juice Center,1,Too expensive for the quantity and quality honestly,synthetic,Negative,0.4851861298084259,0.262478232383728,0.2523356974124908,0.4851861298084259
03/16/2026 00:00:00,Anjali Bansal,BE,Amar Frankie,5,"Top 2 frankie shops, uses gloves, nice quantity tbh",synthetic,Positive,0.906511664390564,0.906511664390564,0.0511065497994422,0.0423817709088325
03/10/2026 00:00:00,Anjali Bansal,BE,Cluckins,1,"Overall, common kitchen for veg and non veg is bad",synthetic,Negative,0.4021986722946167,0.2925296127796173,0.3052716851234436,0.4021986722946167
02/23/2026 00:00:00,Nikhil Das,BE,College Canteen 3rd Floor,4,"sandwiches are the best here, must try!",synthetic,Positive,0.9135496020317078,0.9135496020317078,0.0541425682604312,0.0323078595101833
03/20/2026 00:00:00,Suresh Pandey,BE,Cluckins,3,Not tried much but looks appealing enough tbh,synthetic,Negative,0.41260626912117,0.3033995628356933,0.2839941382408142,0.41260626912117
02/28/2026 00:00:00,Vivek Yadav,SE,Manchurian Shop,4,one of the better options near college for quick food,synthetic,Positive,0.926588237285614,0.926588237285614,0.0486536286771297,0.024758132174611
03/06/2026 00:00:00,Amit Agarwal,BE,Amar Frankie,3,"I think average taste, decent portion size",synthetic,Negative,0.4299156963825226,0.2996840178966522,0.2704002559185028,0.4299156963825226
2/26/2026 10:54:35,Ananyasingh S. Chauhan,TE,College Canteen 3rd Floor,3,I dont think they use fresh veggies in sandwiches everytime.,real,Positive,0.4013532102108001,0.4013532102108001,0.2566983997821808,0.3419483304023742
02/22/2026 00:00:00,Aarav Sharma,TE,Vrindavan,1,"Overall, pricy and not worth it for what they serve",synthetic,Negative,0.4737990200519562,0.2828327119350433,0.243368312716484,0.4737990200519562
03/15/2026 00:00:00,Simran Kaur,SE,Vrindavan,4,"I think a really good place for vegetarians, great variety",synthetic,Positive,0.9335924983024596,0.9335924983024596,0.0446128211915493,0.0217945482581853
03/06/2026 00:00:00,Bhavna Dubey,BE,SPJIMR Mess,3,I think good but food quality can be improved more,synthetic,Positive,0.3559087812900543,0.3559087812900543,0.3329425752162933,0.3111486136913299
03/18/2026 00:00:00,Shreya Mishra,SE,Cluckins,3,Sourcing of ingredients not fully trustworthy honestly,synthetic,Negative,0.5227203965187073,0.2705615758895874,0.2067180424928665,0.5227203965187073
02/26/2026 00:00:00,Arjun Singh,SE,College Canteen 3rd Floor,4,"Nice canteen, comfortable seating area tbh",synthetic,Positive,0.9324594140052797,0.9324594140052797,0.0442011691629886,0.0233394466340541
02/26/2026 00:00:00,Faizan Khan,TE,Manchurian Shop,4,Taste is okay but hygiene could be much better.,synthetic,Negative,0.3566049039363861,0.3026274144649505,0.3407677114009857,0.3566049039363861
03/23/2026 00:00:00,Lalit Pawar,SE,Juice Center,1,"It tastes like water, overpriced for bland juice!",synthetic,Negative,0.5000396370887756,0.2793730199337005,0.2205873876810073,0.5000396370887756
02/27/2026 00:00:00,Kiran Srivastava,SE,Amar Frankie,5,"Yummy, tastier and healthier option for snacks.",synthetic,Positive,0.9238397479057312,0.9238397479057312,0.0520139820873737,0.0241462644189596
03/25/2026 00:00:00,Ritika Mukherjee,SE,Shawarma Shop,5,The shawarma here is worth every rupee ngl,synthetic,Positive,0.9040967226028442,0.9040967226028442,0.0584107898175716,0.0374925062060356
03/07/2026 00:00:00,Manish Khanna,TE,Amar Frankie,5,"Overall, yummy, tastier and healthier option for snacks",synthetic,Positive,0.92868834733963,0.92868834733963,0.048386450856924,0.022925142198801
02/24/2026 00:00:00,Sneha Iyer,SE,Shawarma Shop,5,"I think shawarma is my life, love this place",synthetic,Positive,0.9106224775314332,0.9106224775314332,0.0574210248887538,0.0319564528763294
03/08/2026 00:00:00,Tina George,SE,College Canteen Ground Floor,5,Food quality is good and pricing is student-friendly!,synthetic,Positive,0.9276913404464722,0.9276913404464722,0.0454057604074478,0.0269028767943382
02/25/2026 00:00:00,Nikhil Das,BE,Amar Frankie,3,"Not much idea, havent tried enough to comment ngl",synthetic,Negative,0.4873627722263336,0.2699175775051117,0.2427196502685547,0.4873627722263336
02/24/2026 00:00:00,Pallavi Naik,BE,College Canteen Ground Floor,2,"Cheap but unhygienic, needs improvement honestly",synthetic,Negative,0.4648410379886627,0.2766430377960205,0.258515864610672,0.4648410379886627
03/20/2026 00:00:00,Komal Rane,TE,Cluckins,2,Food was oily and not fresh at all tbh,synthetic,Negative,0.4483445882797241,0.2628617882728576,0.2887935638427734,0.4483445882797241
02/21/2026 00:00:00,Ananya Patel,BE,Vrindavan,5,"Best of all in comparison, top quality!",synthetic,Positive,0.9177374839782716,0.9177374839782716,0.0453148335218429,0.0369476154446601
03/01/2026 00:00:00,Riya Thakur,TE,Manchurian Shop,5,"Really enjoy the manchurian here, it hits different ngl",synthetic,Positive,0.9124590158462524,0.9124590158462524,0.0584364086389541,0.0291044954210519
03/18/2026 00:00:00,Lalit Pawar,TE,SPJIMR Mess,5,Strongly recommended for college students!,synthetic,Positive,0.9087775349617004,0.9087775349617004,0.0568087249994277,0.0344137549400329
03/16/2026 00:00:00,Faizan Khan,TE,Vrindavan,3,Dost idhar le aate but pet nahi bharta fully.,synthetic,Positive,0.7503964304924011,0.7503964304924011,0.1291513741016388,0.1204522401094436
03/25/2026 00:00:00,Komal Rane,TE,Vrindavan,5,I love their service and food quality both ngl,synthetic,Positive,0.9226117134094238,0.9226117134094238,0.0486969426274299,0.0286914259195327
03/20/2026 00:00:00,Ananya Patel,TE,College Canteen 3rd Floor,4,Thali and lunch option available which is great tbh,synthetic,Positive,0.9151217341423036,0.9151217341423036,0.0591244660317897,0.0257537830621004
03/17/2026 00:00:00,Divya Tiwari,BE,Cluckins,3,"Average food, menu needs more options honestly",synthetic,Negative,0.4317592978477478,0.2760899066925049,0.2921508848667145,0.4317592978477478
03/22/2026 00:00:00,Gauri Menon,BE,Cluckins,5,Really tasty with good portion sizes ngl,synthetic,Positive,0.910929262638092,0.910929262638092,0.0609845146536827,0.0280862636864185
3/1/2026 12:49:03,Rehan Ansari,TE,Juice Center,4,Looks much more professional,real,Positive,0.4703133702278137,0.4703133702278137,0.2329594939947128,0.2967271506786346
02/21/2026 00:00:00,Ojas Wagh,BE,Vrindavan,3,worth it but pricing could be more student-friendly,synthetic,Negative,0.3768979907035827,0.3088238537311554,0.3142781853675842,0.3768979907035827
03/08/2026 00:00:00,Isha Dixit,SE,Shawarma Shop,3,"Average shawarma, nothing special about it honestly",synthetic,Negative,0.4110046029090881,0.3186386227607727,0.2703568041324615,0.4110046029090881
3/1/2026 13:37:04,Sneha Kapte,TE,Amar Frankie,2,Improve order accuracy would strengthen the overall service experience.,real,Positive,0.7997527122497559,0.7997527122497559,0.110968142747879,0.0892791673541069
3/1/2026 12:45:09,Nidhi Patel,TE,College Canteen 3rd Floor,3,"The food quality is average, and pricing is student-friendly. Similar to the ground floor canteen, hygiene standards require improvement. Better cleanliness and proper food handling practices would significantly enhance the overall experience.",real,Positive,0.5036305785179138,0.5036305785179138,0.2119543850421905,0.284415066242218
03/09/2026 00:00:00,Rashmi Sawant,SE,Manchurian Shop,5,Bhaji pav and manchurian both are really tasty honestly,synthetic,Positive,0.928666055202484,0.928666055202484,0.0469665303826332,0.0243674200028181
02/22/2026 00:00:00,Kabir Desai,SE,College Canteen Ground Floor,5,Very good food quality when they maintain it!,synthetic,Positive,0.9213130474090576,0.9213130474090576,0.0500109419226646,0.0286760441958904
03/12/2026 00:00:00,Varun Karnik,BE,Shawarma Shop,1,"Dust from road gets into the food, gross!",synthetic,Negative,0.5020089745521545,0.2624519169330597,0.2355391085147857,0.5020089745521545
03/18/2026 00:00:00,Manish Khanna,TE,Juice Center,1,"flavor was too diluted, tastes like water",synthetic,Negative,0.4943116903305053,0.2509865164756775,0.2547017931938171,0.4943116903305053
03/07/2026 00:00:00,Ojas Wagh,SE,Manchurian Shop,3,"They maintain bare minimum hygiene, taste is okay honestly",synthetic,Negative,0.3937170505523681,0.3039601147174835,0.3023228347301483,0.3937170505523681
03/17/2026 00:00:00,Ekta Bhardwaj,BE,Manchurian Shop,5,"Flavourful food, one of the better stalls around campus ngl",synthetic,Positive,0.9367108345031738,0.9367108345031738,0.0407608076930046,0.0225283298641443
03/24/2026 00:00:00,Jayesh Pillai,SE,Cluckins,2,Sometimes maybe good sometimes maybe not good ngl,synthetic,Negative,0.4108486473560333,0.2945477962493896,0.294603556394577,0.4108486473560333
03/25/2026 00:00:00,Pooja Chauhan,SE,College Canteen Ground Floor,4,Cost-effective meals for daily eating ngl,synthetic,Positive,0.9306462407112122,0.9306462407112122,0.0416879504919052,0.0276657734066247
03/19/2026 00:00:00,Gaurav Patil,TE,College Canteen Ground Floor,2,"Overall, it smells awful, needs deep cleaning",synthetic,Negative,0.4751721322536468,0.2763825058937073,0.2484454065561294,0.4751721322536468
02/24/2026 00:00:00,Vikram Rathod,SE,Amar Frankie,4,"Follows norms and regulations, good food quality honestly",synthetic,Positive,0.9041998982429504,0.9041998982429504,0.0601575076580047,0.0356425940990448
03/08/2026 00:00:00,Priya Joshi,TE,SPJIMR Mess,2,Some things need to be improved for sure!,synthetic,Negative,0.3759807348251343,0.3450464308261871,0.2789727747440338,0.3759807348251343
03/03/2026 00:00:00,Akash Sinha,BE,Amar Frankie,5,"Loved the frankie, mesmerising taste ngl",synthetic,Positive,0.881892740726471,0.881892740726471,0.0639150962233543,0.0541921369731426
03/06/2026 00:00:00,Ishaan Gupta,SE,Manchurian Shop,5,"Solid food, bhaji pav is especially good here",synthetic,Positive,0.9110618829727172,0.9110618829727172,0.0627523213624954,0.0261857658624649
3/1/2026 12:37:32,Arushi Jain,TE,Cluckins,3,"Proper shop not a stall, have student offers are good",real,Positive,0.885684072971344,0.885684072971344,0.0778727158904075,0.0364432521164417
02/23/2026 00:00:00,Harsh Goyal,BE,College Canteen 3rd Floor,3,I dont think they use fresh veggies always honestly,synthetic,Negative,0.4188466668128967,0.3193998038768768,0.2617535293102264,0.4188466668128967
3/1/2026 12:37:32,Arushi Jain,TE,College Canteen Ground Floor,3,"Limited menu, monotonous and boring, coffee is too sweet, very affordable, no space to sit",real,Negative,0.495273232460022,0.2799686789512634,0.2247581034898758,0.495273232460022
02/27/2026 00:00:00,Tanvi Chopra,TE,SPJIMR Mess,3,Quality did not meet expectations sometimes!,synthetic,Negative,0.4578810632228851,0.284810870885849,0.2573080956935882,0.4578810632228851
03/23/2026 00:00:00,Pallavi Naik,SE,Manchurian Shop,3,"Overall, can be better, needs improvement in cleanliness",synthetic,Positive,0.3743058145046234,0.3743058145046234,0.2988367080688476,0.3268574178218841
03/18/2026 00:00:00,Priya Joshi,BE,Juice Center,5,Healthiest and bestest juice place on campus honestly,synthetic,Positive,0.9286356568336488,0.9286356568336488,0.0432066582143306,0.0281577333807945
03/25/2026 00:00:00,Rashmi Sawant,TE,Juice Center,2,I think fresh juice but portions could be bigger,synthetic,Negative,0.3377200961112976,0.3360657095909118,0.3262141346931457,0.3377200961112976
02/25/2026 00:00:00,Sneha Iyer,BE,College Canteen 3rd Floor,5,"I think good food, homely, very good overall",synthetic,Positive,0.9346685409545898,0.9346685409545898,0.0430895201861858,0.0222420394420623
03/15/2026 00:00:00,Vihaan Verma,BE,SPJIMR Mess,2,"Overall, quality did not meet expectations sometimes",synthetic,Negative,0.453870415687561,0.2862218022346496,0.2599078118801117,0.453870415687561
02/21/2026 00:00:00,Rashmi Sawant,BE,Juice Center,2,Fresh juice but portions could be bigger ngl,synthetic,Negative,0.3625750839710235,0.3025504350662231,0.334874540567398,0.3625750839710235
03/01/2026 00:00:00,Tina George,BE,SPJIMR Mess,1,"Never been there, no interest honestly",synthetic,Negative,0.4916757643222809,0.2480776309967041,0.2602465450763702,0.4916757643222809
3/1/2026 13:35:58,Asmiya Sayyad,TE,Cluckins,4,Good hygiene,real,Positive,0.9026088118553162,0.9026088118553162,0.0605627261102199,0.0368284881114959
03/05/2026 00:00:00,Umesh Nayak,BE,SPJIMR Mess,5,best canteen to ever exist on campus!,synthetic,Positive,0.905660092830658,0.905660092830658,0.0536228008568286,0.0407170392572879
03/21/2026 00:00:00,Kavya Shah,SE,College Canteen 3rd Floor,3,"Sometimes good sometimes bad, inconsistent.",synthetic,Negative,0.4565577208995819,0.2765915691852569,0.2668506801128387,0.4565577208995819
02/21/2026 00:00:00,Pankaj More,BE,Manchurian Shop,3,"Overall, okayish, mix veg and non veg utensils is an issue",synthetic,Negative,0.3866678178310394,0.3138164579868316,0.299515813589096,0.3866678178310394
03/14/2026 00:00:00,Vihaan Verma,BE,Cluckins,4,"Crispy and flavorful food, worth trying honestly",synthetic,Positive,0.9297890663146972,0.9297890663146972,0.0420853607356548,0.0281256102025508
03/21/2026 00:00:00,Harsh Goyal,BE,Cluckins,4,The chicken is fresh and well-cooked always!,synthetic,Positive,0.9210119247436525,0.9210119247436525,0.0490426644682884,0.0299454238265752
03/12/2026 00:00:00,Sneha Iyer,TE,Shawarma Shop,4,The shawarma here is worth every rupee honestly,synthetic,Positive,0.9001170992851257,0.9001170992851257,0.0602602064609527,0.0396226830780506
02/24/2026 00:00:00,Isha Dixit,BE,College Canteen Ground Floor,2,"It smells awful, needs deep cleaning!",synthetic,Negative,0.500303328037262,0.291498064994812,0.2081985920667648,0.500303328037262
3/21/2026 0:14:27,Prachi Barhate,TE,Vrindavan,5,expensive,real,Negative,0.3990049362182617,0.313642144203186,0.2873528599739074,0.3990049362182617
03/23/2026 00:00:00,Rohan Reddy,BE,SPJIMR Mess,4,"fast clean and tasty, the holy trinity",synthetic,Positive,0.9288675785064696,0.9288675785064696,0.0414241999387741,0.0297082588076591
02/22/2026 00:00:00,Gaurav Patil,TE,College Canteen 3rd Floor,5,"Peaceful, quiet and airy space to sit and eat",synthetic,Positive,0.9120664596557616,0.9120664596557616,0.0497496575117111,0.0381839014589786
03/12/2026 00:00:00,Shreya Mishra,TE,Amar Frankie,1,"hygiene wise its very bad, saw tobacco chewing",synthetic,Negative,0.4530374407768249,0.2544570863246918,0.2925055027008056,0.4530374407768249
03/12/2026 00:00:00,Umesh Nayak,SE,Amar Frankie,5,I think the go to place for delicious frankie,synthetic,Positive,0.8855630159378052,0.8855630159378052,0.0653866156935691,0.0490503944456577
03/21/2026 00:00:00,Manish Khanna,TE,Manchurian Shop,4,One of the better options near college for quick food honestly,synthetic,Positive,0.932280957698822,0.932280957698822,0.0435779727995395,0.0241410415619611
03/25/2026 00:00:00,Kavya Shah,TE,SPJIMR Mess,3,"Decent mess, food is okay most days ngl",synthetic,Positive,0.5605350732803345,0.5605350732803345,0.2648974359035492,0.1745674759149551
02/25/2026 00:00:00,Ekta Bhardwaj,BE,College Canteen Ground Floor,5,I think very good food quality when they maintain it,synthetic,Positive,0.9021528959274292,0.9021528959274292,0.0639415681362152,0.0339056327939033
2/26/2026 12:31:38,Shreya Mahajan,TE,Juice Center,5,Love the Ganga Jamuna Saraswati drink and cold coffee,real,Positive,0.9302276968955994,0.9302276968955994,0.0454324521124362,0.0243398938328027
02/26/2026 00:00:00,Vihaan Verma,SE,College Canteen Ground Floor,2,"Cheap but unhygienic, needs improvement.",synthetic,Negative,0.4700140058994293,0.2807157039642334,0.2492702901363372,0.4700140058994293
03/01/2026 00:00:00,Ishaan Gupta,SE,Shawarma Shop,5,"Shawarma is my life, love this place honestly",synthetic,Positive,0.9244335889816284,0.9244335889816284,0.0456750094890594,0.029891338199377
03/08/2026 00:00:00,Chetan Rawat,SE,Amar Frankie,3,Gives hot food in plastic which is concerning.,synthetic,Positive,0.5708564519882202,0.5708564519882202,0.1937397569417953,0.2354038655757904
03/14/2026 00:00:00,Bhavna Dubey,SE,College Canteen Ground Floor,5,Good variety of food options available,synthetic,Positive,0.927949607372284,0.927949607372284,0.0482688024640083,0.0237816218286752
02/21/2026 00:00:00,Isha Dixit,TE,Manchurian Shop,4,one of the better options near college for quick food,synthetic,Positive,0.926588237285614,0.926588237285614,0.0486536286771297,0.024758132174611
2/26/2026 13:26:45,Naman,TE,Manchurian Shop,3,Not so hygienic,real,Negative,0.4581091403961181,0.2660311460494995,0.2758596539497375,0.4581091403961181
03/09/2026 00:00:00,Faizan Khan,TE,Shawarma Shop,5,So tasty! Best shawarma around campus!,synthetic,Positive,0.9259884357452391,0.9259884357452391,0.0446107760071754,0.0294007305055856
03/03/2026 00:00:00,Arjun Singh,SE,Shawarma Shop,5,"Shawarma is my life, love this place ngl",synthetic,Positive,0.9247658252716064,0.9247658252716064,0.0466368421912193,0.0285972729325294
03/01/2026 00:00:00,Manish Khanna,BE,Manchurian Shop,2,I think not worth risking your health for this food,synthetic,Negative,0.4386533796787262,0.2951917648315429,0.2661548852920532,0.4386533796787262
03/04/2026 00:00:00,Ojas Wagh,SE,Manchurian Shop,4,It was good just hygiene issues are a concern.,synthetic,Positive,0.3406882882118225,0.3406882882118225,0.3210591375827789,0.3382526040077209
03/19/2026 00:00:00,Shreya Mishra,TE,College Canteen 3rd Floor,1,Food quality is average and overpriced!,synthetic,Negative,0.5200863480567932,0.2811839580535888,0.1987297683954239,0.5200863480567932
02/28/2026 00:00:00,Gaurav Patil,TE,Amar Frankie,2,"Overall, the frankies are overpriced for the quality",synthetic,Negative,0.4612420499324798,0.3144051134586334,0.2243528366088867,0.4612420499324798
2/26/2026 11:53:39,Vedika Pardeshi,TE,Shawarma Shop,5,Service is really good,real,Positive,0.903986155986786,0.903986155986786,0.0669196173548698,0.0290942545980215
03/08/2026 00:00:00,Amit Agarwal,TE,Vrindavan,3,"Would prefer more options, same food sometimes ngl",synthetic,Negative,0.3737371861934662,0.3290437757968902,0.2972190678119659,0.3737371861934662
03/14/2026 00:00:00,Diya Kumar,BE,College Canteen 3rd Floor,5,Better options than ground floor canteen.,synthetic,Positive,0.915332555770874,0.915332555770874,0.0575086325407028,0.0271588079631328
3/1/2026 12:49:03,Rehan Ansari,TE,College Canteen Ground Floor,2,Too expensive,real,Negative,0.4663134515285492,0.2690327763557434,0.2646537125110626,0.4663134515285492
03/14/2026 00:00:00,Akash Sinha,BE,Juice Center,4,Best juice place! Fresh fruits always.,synthetic,Positive,0.92567241191864,0.92567241191864,0.046347688883543,0.0279799010604619
02/23/2026 00:00:00,Umesh Nayak,BE,Shawarma Shop,5,"Good food, the flavours are delicious",synthetic,Positive,0.9304707646369934,0.9304707646369934,0.0468210726976394,0.0227080937474966
03/15/2026 00:00:00,Deepak Jain,BE,SPJIMR Mess,5,"Outstanding food, clean and well-maintained!",synthetic,Positive,0.926981508731842,0.926981508731842,0.0436960868537426,0.0293224565684795
02/27/2026 00:00:00,Tanvi Chopra,TE,College Canteen Ground Floor,5,Good variety of food options available honestly,synthetic,Positive,0.932930827140808,0.932930827140808,0.0449654534459114,0.0221036355942487
03/14/2026 00:00:00,Pankaj More,TE,College Canteen 3rd Floor,5,"sandwiches are the best here, must try!",synthetic,Positive,0.9135496020317078,0.9135496020317078,0.0541425682604312,0.0323078595101833
02/22/2026 00:00:00,Umesh Nayak,SE,Amar Frankie,5,The go to place for delicious frankie.,synthetic,Positive,0.8957357406616211,0.8957357406616211,0.0590555034577846,0.0452087931334972
03/10/2026 00:00:00,Neha Saxena,TE,Amar Frankie,4,"Great value for money, delicious frankies every time.",synthetic,Positive,0.9294596910476683,0.9294596910476683,0.0418929085135459,0.028647419065237
02/26/2026 00:00:00,Simran Kaur,SE,Amar Frankie,4,fast tasty frankie and reasonable pricing,synthetic,Positive,0.9346062541007996,0.9346062541007996,0.0426856204867363,0.022708099335432
03/02/2026 00:00:00,Harsh Goyal,TE,SPJIMR Mess,3,"Good for daily meals, basic but decent tbh",synthetic,Positive,0.7492206692695618,0.7492206692695618,0.1455836147069931,0.1051957085728645
03/11/2026 00:00:00,Himanshu Lakra,TE,Vrindavan,5,"Really good, pocket friendly and great food.",synthetic,Positive,0.929921805858612,0.929921805858612,0.0474505983293056,0.0226275492459535
03/18/2026 00:00:00,Pooja Chauhan,BE,College Canteen Ground Floor,1,"Overall, the place is filthy, no gloves used by staff",synthetic,Negative,0.4559846222400665,0.2762443721294403,0.2677709460258484,0.4559846222400665
02/22/2026 00:00:00,Suresh Pandey,BE,College Canteen 3rd Floor,4,Good management and clean environment!,synthetic,Positive,0.9222511053085328,0.9222511053085328,0.047530997544527,0.030217932537198
03/06/2026 00:00:00,Kriti Goel,TE,SPJIMR Mess,1,"cockroaches in the kitchen, not clean at all",synthetic,Negative,0.4948552548885345,0.2608837485313415,0.2442610263824463,0.4948552548885345
02/22/2026 00:00:00,Vikram Rathod,SE,Juice Center,1,Not worth the price students are paying,synthetic,Negative,0.4690686464309692,0.2809780836105346,0.2499531954526901,0.4690686464309692
02/21/2026 00:00:00,Simran Kaur,TE,Juice Center,4,"Nice and fresh juices, healthy option.",synthetic,Positive,0.9386937022209167,0.9386937022209167,0.0404105186462402,0.0208958182483911
03/08/2026 00:00:00,Aarav Sharma,BE,College Canteen 3rd Floor,4,Fresh ingredients and great flavors here tbh,synthetic,Positive,0.9327895641326904,0.9327895641326904,0.043235283344984,0.0239752028137445
03/17/2026 00:00:00,Varun Karnik,SE,Amar Frankie,3,Decent but unhealthy ingredients sometimes!,synthetic,Negative,0.4842485785484314,0.2920176982879638,0.2237337082624435,0.4842485785484314
03/03/2026 00:00:00,Aditya Nair,BE,College Canteen Ground Floor,3,"Overall, too crowded during lunch hours always",synthetic,Negative,0.4948287308216095,0.2839620113372803,0.2212092280387878,0.4948287308216095
3/1/2026 15:21:54,Lalita Dhavale,TE,Manchurian Shop,2,Okayish Not a big fan tbh,real,Negative,0.4219450652599334,0.2659730315208435,0.3120819330215454,0.4219450652599334
02/26/2026 00:00:00,Meera Bhat,TE,Vrindavan,1,Pricy and not worth it for what they serve,synthetic,Negative,0.4899954199790954,0.2736185193061828,0.2363861203193664,0.4899954199790954
03/11/2026 00:00:00,Ekta Bhardwaj,SE,Amar Frankie,4,"Insane frankies, best snack near campus.",synthetic,Positive,0.9358752369880676,0.9358752369880676,0.0395209938287735,0.0246038101613521
03/05/2026 00:00:00,Vihaan Verma,TE,College Canteen 3rd Floor,3,"Sometimes good sometimes bad, inconsistent ngl",synthetic,Negative,0.4263140857219696,0.2755466997623443,0.2981392443180084,0.4263140857219696
03/06/2026 00:00:00,Suresh Pandey,BE,College Canteen 3rd Floor,5,I think fresh ingredients and great flavors here,synthetic,Positive,0.9305986762046814,0.9305986762046814,0.0446641892194747,0.0247371904551982
03/05/2026 00:00:00,Suresh Pandey,TE,Shawarma Shop,5,"Shawarma is my life, love this place ngl",synthetic,Positive,0.9247658252716064,0.9247658252716064,0.0466368421912193,0.0285972729325294
03/25/2026 00:00:00,Anjali Bansal,SE,Shawarma Shop,2,I think never tried because it looks so unhygienic,synthetic,Negative,0.4344968497753143,0.2785629034042358,0.2869402170181274,0.4344968497753143
03/24/2026 00:00:00,Priya Joshi,SE,College Canteen Ground Floor,4,"standard campus canteen, nothing special",synthetic,Negative,0.3707846701145172,0.3552111983299255,0.2740041315555572,0.3707846701145172
2/26/2026 10:47:42,Kriya Mehta,TE,Cluckins,1,na,real,Negative,0.4121248424053192,0.3207772672176361,0.267097920179367,0.4121248424053192
03/20/2026 00:00:00,Ritika Mukherjee,TE,SPJIMR Mess,3,I think good but food quality can be improved more,synthetic,Positive,0.3559087812900543,0.3559087812900543,0.3329425752162933,0.3111486136913299
03/15/2026 00:00:00,Harsh Goyal,BE,Shawarma Shop,4,I think the shawarma here is worth every rupee,synthetic,Positive,0.8693723082542419,0.8693723082542419,0.0807505100965499,0.0498771779239177
03/20/2026 00:00:00,Arjun Singh,SE,Vrindavan,5,"Overall, amazing food and great service, love it!",synthetic,Positive,0.9374891519546508,0.9374891519546508,0.0392697006464004,0.0232411902397871
02/22/2026 00:00:00,Tanvi Chopra,TE,Juice Center,2,"it tastes like water, overpriced for bland juice",synthetic,Negative,0.4839116334915161,0.2608186900615692,0.2552696764469147,0.4839116334915161
03/25/2026 00:00:00,Anjali Bansal,SE,Vrindavan,3,I think i like their dosa but rest is average,synthetic,Neutral,0.3481221795082092,0.3238042294979095,0.3481221795082092,0.3280735611915588
03/14/2026 00:00:00,Ishaan Gupta,BE,Cluckins,5,I think the chicken is fresh and well-cooked always,synthetic,Positive,0.9187049865722656,0.9187049865722656,0.0532558225095272,0.0280391331762075
02/23/2026 00:00:00,Amit Agarwal,BE,Amar Frankie,5,"I think tasty but spicy, love the frankie options here",synthetic,Positive,0.931416928768158,0.931416928768158,0.045122280716896,0.0234608799219131
2/27/2026 8:32:29,Siddh Jain,TE,Amar Frankie,4,"top 2 frankie shops, uses gloves, nice quantity, taste is above par",real,Positive,0.7702610492706299,0.7702610492706299,0.1257885247468948,0.1039503887295723
03/16/2026 00:00:00,Aarav Sharma,BE,Amar Frankie,3,"Overall, average taste, decent portion size",synthetic,Negative,0.4242609441280365,0.2823632359504699,0.2933757603168487,0.4242609441280365
02/25/2026 00:00:00,Ekta Bhardwaj,BE,Amar Frankie,5,"Overall, follows norms and regulations, good food quality",synthetic,Positive,0.910581648349762,0.910581648349762,0.0571094900369644,0.0323089174926281
02/25/2026 00:00:00,Komal Rane,SE,College Canteen Ground Floor,5,"Overall, good variety of food options available",synthetic,Positive,0.9316048622131348,0.9316048622131348,0.0438864529132843,0.0245087351649999
03/05/2026 00:00:00,Tina George,BE,Cluckins,3,"The place smells strong, ambiance could be better honestly",synthetic,Positive,0.4804461002349853,0.4804461002349853,0.2594431042671203,0.2601107954978943
03/10/2026 00:00:00,Shreya Mishra,SE,Vrindavan,4,Good services but water glasses arent clean honestly,synthetic,Negative,0.3815532922744751,0.3536712825298309,0.2647754251956939,0.3815532922744751
3/1/2026 15:21:54,Lalita Dhavale,TE,College Canteen Ground Floor,3,the go-to place the menu is limited but taste wise not a bad option,real,Positive,0.5217100977897644,0.5217100977897644,0.2624246180057525,0.2158652544021606
2/26/2026 7:05:52,Bhavik Bhatia,TE,College Canteen Ground Floor,2,Hygiene issue,real,Negative,0.4277408123016357,0.3151160180568695,0.2571431696414947,0.4277408123016357
03/02/2026 00:00:00,Kavya Shah,TE,SPJIMR Mess,1,No other option so have to eat here sadly ngl,synthetic,Negative,0.4363003373146057,0.2789090275764465,0.2847906053066253,0.4363003373146057
2/26/2026 10:54:35,Ananyasingh S. Chauhan,TE,Manchurian Shop,3,Only some of them use clean utensils. They just sometimes dip in the tub of water which is already a bit dirty. Mix veg and non veg utensils,real,Positive,0.4596444070339203,0.4596444070339203,0.2517299652099609,0.2886255979537964
03/12/2026 00:00:00,Chetan Rawat,BE,Vrindavan,2,Not everything on the menu is available always!,synthetic,Negative,0.4549296498298645,0.2816534638404846,0.2634169161319732,0.4549296498298645
3/1/2026 12:35:33,Vatsal Jain,TE,Vrindavan,5,Perfect,real,Positive,0.8563752174377441,0.8563752174377441,0.0784889012575149,0.0651358589529991
03/02/2026 00:00:00,Lalit Pawar,TE,College Canteen 3rd Floor,3,Misal pav is good and fulfilling at least tbh,synthetic,Positive,0.7799619436264038,0.7799619436264038,0.1398853808641433,0.080152653157711
03/09/2026 00:00:00,Kavya Shah,SE,Juice Center,4,Best juice place! Fresh fruits always!,synthetic,Positive,0.9269773364067078,0.9269773364067078,0.0450064465403556,0.028016285970807
03/09/2026 00:00:00,Gaurav Patil,BE,SPJIMR Mess,4,"Good for daily meals, basic but decent ngl",synthetic,Positive,0.8414767980575562,0.8414767980575562,0.1023782938718795,0.0561449751257896
03/16/2026 00:00:00,Vivek Yadav,TE,Manchurian Shop,5,Bhaji pav and manchurian both are really tasty,synthetic,Positive,0.9239055514335632,0.9239055514335632,0.0504396930336952,0.0256546698510646
03/02/2026 00:00:00,Chetan Rawat,SE,College Canteen 3rd Floor,4,"Nice canteen, comfortable seating area!",synthetic,Positive,0.933399498462677,0.933399498462677,0.0430601611733436,0.0235403664410114
03/16/2026 00:00:00,Ekta Bhardwaj,BE,Amar Frankie,3,"Meh, nothing special about the frankies.",synthetic,Negative,0.4029785990715027,0.3118957281112671,0.2851257026195526,0.4029785990715027
03/02/2026 00:00:00,Ishaan Gupta,BE,Vrindavan,1,"Overall, overpriced restaurant, not campus-friendly pricing",synthetic,Negative,0.4931779503822326,0.2599474191665649,0.2468745857477188,0.4931779503822326
3/1/2026 12:36:15,Rachel,TE,SPJIMR Mess,4,"cockroaches in the kitchen, not clean at all, they dont even wear gloves so its very unhygienic",real,Negative,0.520500659942627,0.2653605937957763,0.2141387313604354,0.520500659942627
03/09/2026 00:00:00,Harsh Goyal,BE,Manchurian Shop,2,"Overall, i got sick after eating here, never again",synthetic,Negative,0.4517348706722259,0.2937215864658355,0.2545435428619385,0.4517348706722259
03/07/2026 00:00:00,Aditya Nair,TE,Manchurian Shop,5,"the manchurian is really good, tasty and flavourful",synthetic,Positive,0.925565242767334,0.925565242767334,0.049023613333702,0.0254111811518669
03/08/2026 00:00:00,Umesh Nayak,TE,Juice Center,3,Quality of ingredients is sometimes a concern tbh,synthetic,Negative,0.4432686269283294,0.2788531482219696,0.2778781950473785,0.4432686269283294
03/11/2026 00:00:00,Vivek Yadav,BE,Cluckins,2,I think expensive for what they serve honestly,synthetic,Negative,0.4506771564483642,0.2896706461906433,0.2596522271633148,0.4506771564483642
03/21/2026 00:00:00,Sakshi Bhatia,BE,Manchurian Shop,4,"I think mid option, nothing great nothing terrible",synthetic,Negative,0.4365694522857666,0.2878435850143432,0.2755869626998901,0.4365694522857666
2/26/2026 11:44:27,Samiksha,TE,Shawarma Shop,3,Unhealthy everywhere,real,Negative,0.5217511653900146,0.2893873751163482,0.1888614743947982,0.5217511653900146
03/23/2026 00:00:00,Jayesh Pillai,SE,SPJIMR Mess,5,"Overall, strongly recommended for college students",synthetic,Positive,0.9071606397628784,0.9071606397628784,0.0575189068913459,0.0353204235434532
03/05/2026 00:00:00,Sakshi Bhatia,BE,Manchurian Shop,5,"The manchurian is nostalgic, love the spice level tbh",synthetic,Positive,0.9202572703361512,0.9202572703361512,0.0496895052492618,0.0300532225519418
03/22/2026 00:00:00,Gauri Menon,TE,Vrindavan,3,I like their dosa but rest is average ngl,synthetic,Negative,0.3481568396091461,0.3062721788883209,0.3455710113048553,0.3481568396091461
3/1/2026 12:42:41,Rasika Tukaram Mane,TE,Cluckins,4,Good,real,Positive,0.912220060825348,0.912220060825348,0.0546148903667926,0.0331650711596012
03/03/2026 00:00:00,Riya Thakur,TE,Juice Center,3,Quality of ingredients is sometimes a concern,synthetic,Negative,0.4221990406513214,0.313539981842041,0.2642609477043152,0.4221990406513214
02/25/2026 00:00:00,Siddharth Malhotra,TE,Cluckins,5,The chicken is fresh and well-cooked always tbh,synthetic,Positive,0.9279495477676392,0.9279495477676392,0.0477160140872001,0.0243344698101282
03/24/2026 00:00:00,Ishaan Gupta,BE,Juice Center,1,"it tastes like water, overpriced for bland juice",synthetic,Negative,0.4839116334915161,0.2608186900615692,0.2552696764469147,0.4839116334915161
03/14/2026 00:00:00,Faizan Khan,BE,Vrindavan,1,I think not everything on the menu is available always,synthetic,Negative,0.4274438619613647,0.2829965949058532,0.2895595133304596,0.4274438619613647
02/28/2026 00:00:00,Gaurav Patil,TE,Amar Frankie,1,"Improve order accuracy, service is poor honestly",synthetic,Negative,0.4492913782596588,0.2894742786884308,0.2612342834472656,0.4492913782596588
03/13/2026 00:00:00,Lalit Pawar,SE,Shawarma Shop,3,not bad but cleanliness is a concern,synthetic,Negative,0.3669518828392029,0.317227303981781,0.3158207833766937,0.3669518828392029
03/23/2026 00:00:00,Deepak Jain,SE,SPJIMR Mess,2,"I think cockroaches in the kitchen, not clean at all",synthetic,Negative,0.4752222597599029,0.2764551341533661,0.2483226805925369,0.4752222597599029
03/16/2026 00:00:00,Komal Rane,SE,College Canteen 3rd Floor,4,better options than ground floor canteen,synthetic,Positive,0.8967128396034241,0.8967128396034241,0.0660705119371414,0.037216693162918
03/17/2026 00:00:00,Manish Khanna,SE,Amar Frankie,5,"Insane frankies, best snack near campus",synthetic,Positive,0.9238529801368712,0.9238529801368712,0.0467372871935367,0.0294097624719142
03/11/2026 00:00:00,Aarav Sharma,SE,Cluckins,2,"Average at best, Bombay burgers is better!",synthetic,Positive,0.372835636138916,0.372835636138916,0.2803172171115875,0.3468471467494964
02/22/2026 00:00:00,Meera Bhat,BE,Juice Center,5,"Overall, 10/10 would recommend for fresh healthy drinks",synthetic,Positive,0.9138280749320984,0.9138280749320984,0.0548290386795997,0.0313428938388824
02/28/2026 00:00:00,Aditya Nair,BE,Juice Center,5,Love the Ganga Jamuna Saraswati drink honestly,synthetic,Positive,0.9342002272605896,0.9342002272605896,0.0409720838069915,0.0248276758939027
03/12/2026 00:00:00,Kabir Desai,TE,SPJIMR Mess,5,The food is hygienic and meals are well-balanced ngl,synthetic,Positive,0.9215601086616516,0.9215601086616516,0.0535456910729408,0.02489416860044
2/26/2026 11:53:39,Vedika Pardeshi,TE,SPJIMR Mess,5,Best experience,real,Positive,0.8741474151611328,0.8741474151611328,0.0713412538170814,0.054511371999979
02/28/2026 00:00:00,Arjun Singh,TE,Shawarma Shop,4,Its popular but I have my doubts about freshness honestly,synthetic,Negative,0.3734344840049743,0.3253092467784881,0.3012562692165375,0.3734344840049743
03/10/2026 00:00:00,Arjun Singh,TE,Amar Frankie,1,"Unhygienic, cant see employees wearing gloves.",synthetic,Negative,0.5057220458984375,0.2565164268016815,0.2377615272998809,0.5057220458984375
03/21/2026 00:00:00,Rahul Mehta,SE,College Canteen 3rd Floor,1,I think slightly more decent but still not good enough,synthetic,Negative,0.4119642078876495,0.2717385292053222,0.3162972331047058,0.4119642078876495
03/22/2026 00:00:00,Rahul Mehta,BE,Vrindavan,4,Dost idhar le aate but pet nahi bharta fully.,synthetic,Positive,0.7503964304924011,0.7503964304924011,0.1291513741016388,0.1204522401094436
03/10/2026 00:00:00,Rashmi Sawant,BE,College Canteen Ground Floor,5,"Like it, decent food at student-friendly prices",synthetic,Positive,0.92573481798172,0.92573481798172,0.0407292246818542,0.0335359014570713
03/11/2026 00:00:00,Nikhil Das,BE,Manchurian Shop,2,"Very unhygienic, flies hovering around the food!",synthetic,Negative,0.4872880280017853,0.281688928604126,0.2310230135917663,0.4872880280017853
03/21/2026 00:00:00,Deepak Jain,SE,Vrindavan,4,"Perfect place for vegetarians, amazing variety.",synthetic,Positive,0.932316780090332,0.932316780090332,0.042400985956192,0.0252821501344442
03/24/2026 00:00:00,Kabir Desai,BE,Juice Center,5,"Nice and fresh juices, healthy option ngl",synthetic,Positive,0.9426187872886658,0.9426187872886658,0.0372067503631114,0.0201744604855775
03/24/2026 00:00:00,Pallavi Naik,BE,College Canteen Ground Floor,5,The ground floor canteen is nice overall ngl,synthetic,Positive,0.9277958869934082,0.9277958869934082,0.0483013466000556,0.0239027366042137
03/15/2026 00:00:00,Aditya Nair,TE,Juice Center,4,"Good cleanliness and quality, very professional!",synthetic,Positive,0.9275880455970764,0.9275880455970764,0.0435365103185176,0.0288754105567932
03/21/2026 00:00:00,Meera Bhat,SE,SPJIMR Mess,3,tasty food and good options available,synthetic,Positive,0.9098482728004456,0.9098482728004456,0.0619162172079086,0.0282356161624193
03/24/2026 00:00:00,Manya Hegde,TE,SPJIMR Mess,5,The food is hygienic and meals are well-balanced tbh,synthetic,Positive,0.9084376096725464,0.9084376096725464,0.0612603724002838,0.0303020309656858
03/23/2026 00:00:00,Sneha Iyer,SE,Manchurian Shop,5,Bhaji pav and manchurian both are really tasty ngl,synthetic,Positive,0.9245177507400512,0.9245177507400512,0.0500286668539047,0.025453582406044
02/25/2026 00:00:00,Kabir Desai,TE,Juice Center,3,"Overall, contaminated water is a concern honestly",synthetic,Negative,0.4603328108787536,0.3004536032676697,0.2392135560512542,0.4603328108787536
03/25/2026 00:00:00,Chetan Rawat,SE,College Canteen Ground Floor,5,good enough for daily campus meals,synthetic,Positive,0.9016455411911012,0.9016455411911012,0.060338232666254,0.038016241043806
2/26/2026 10:55:39,Param,TE,College Canteen 3rd Floor,3,Good,real,Positive,0.912220060825348,0.912220060825348,0.0546148903667926,0.0331650711596012
03/06/2026 00:00:00,Chetan Rawat,TE,Cluckins,5,"Best chicken in the town, love it ngl",synthetic,Positive,0.9207804203033448,0.9207804203033448,0.048111505806446,0.0311081688851118
2/26/2026 7:25:39,Harsh Bhatt,TE,College Canteen Ground Floor,4,Need more items on the menu,real,Negative,0.3885014951229095,0.3878338932991028,0.2236645817756652,0.3885014951229095
03/25/2026 00:00:00,Pooja Chauhan,TE,Juice Center,5,"Always gets fresh juice, love the variety.",synthetic,Positive,0.9126256704330444,0.9126256704330444,0.0574736930429935,0.0299006141722202
02/24/2026 00:00:00,Manya Hegde,SE,College Canteen 3rd Floor,5,"Nice canteen, comfortable seating area.",synthetic,Positive,0.927467405796051,0.927467405796051,0.0477112717926502,0.0248213671147823
03/24/2026 00:00:00,Gauri Menon,TE,College Canteen 3rd Floor,5,"Sandwiches are good, cold coffee is nice too",synthetic,Positive,0.905286967754364,0.905286967754364,0.0675688311457634,0.0271442364901304
02/26/2026 00:00:00,Diya Kumar,BE,Manchurian Shop,5,"I think solid food, bhaji pav is especially good here",synthetic,Positive,0.925452709197998,0.925452709197998,0.051391277462244,0.0231560170650482
2/26/2026 20:43:38,Yug Bhanushali,TE,Shawarma Shop,5,Shawarma can never go wrong,real,Positive,0.7532795071601868,0.7532795071601868,0.1128167659044265,0.133903682231903
3/1/2026 12:37:30,Hitesh Ghanchi,TE,College Canteen Ground Floor,3,"The food is fine, but they can try to improve hygiene. The place is filthy, and the food is eatable, not great.",real,Negative,0.4180486798286438,0.2849774658679962,0.2969739139080047,0.4180486798286438
02/24/2026 00:00:00,Tanvi Chopra,SE,Amar Frankie,2,"Average taste, decent portion size honestly",synthetic,Negative,0.4318065941333771,0.2776319682598114,0.2905614674091339,0.4318065941333771
3/1/2026 16:09:16,Krishika Jalali,TE,Amar Frankie,5,Tasty but spicy,real,Positive,0.8181458115577698,0.8181458115577698,0.1103040724992752,0.0715500861406326
02/23/2026 00:00:00,Aditya Nair,BE,Juice Center,5,I think best juice place! Fresh fruits always,synthetic,Positive,0.933639407157898,0.933639407157898,0.0428148098289966,0.0235457029193639
02/20/2026 00:00:00,Nikhil Das,TE,Vrindavan,4,Only place which provides proper sitting area!,synthetic,Positive,0.8721712827682495,0.8721712827682495,0.0725322887301445,0.0552963800728321
03/15/2026 00:00:00,Sonia Roy,BE,Manchurian Shop,4,"They make really good manchurian, always my go-to",synthetic,Positive,0.8755569458007812,0.8755569458007812,0.0787606090307235,0.0456824526190757
03/03/2026 00:00:00,Arjun Singh,BE,Vrindavan,2,Not everything on the menu is available always ngl,synthetic,Negative,0.4123594164848327,0.2926988005638122,0.2949416935443878,0.4123594164848327
02/26/2026 00:00:00,Aarav Sharma,SE,Amar Frankie,2,the frankies are overpriced for the quality,synthetic,Negative,0.4546288549900055,0.3058951199054718,0.2394759804010391,0.4546288549900055
03/09/2026 00:00:00,Tina George,TE,Juice Center,2,I think tasty but a bit expensive for students,synthetic,Positive,0.4013943076133728,0.4013943076133728,0.2892772257328033,0.3093284964561462
03/20/2026 00:00:00,Arjun Singh,TE,Shawarma Shop,3,Its popular but I have my doubts about freshness!,synthetic,Negative,0.3687466979026794,0.346577525138855,0.2846757769584656,0.3687466979026794
02/20/2026 00:00:00,Rohan Reddy,BE,SPJIMR Mess,2,"Unhygienic, saw issues in the kitchen area honestly",synthetic,Negative,0.5035392045974731,0.264620691537857,0.231840044260025,0.5035392045974731
3/1/2026 12:42:41,Rasika Tukaram Mane,TE,Amar Frankie,5,But still again hygiene should have been maintained more,real,Negative,0.3831296265125274,0.3357827365398407,0.2810876369476318,0.3831296265125274
02/24/2026 00:00:00,Priya Joshi,SE,Vrindavan,3,"Overall, vegetarian food only, need non-veg options too",synthetic,Negative,0.4068688154220581,0.3263821303844452,0.2667490541934967,0.4068688154220581
03/16/2026 00:00:00,Nisha Kulkarni,TE,Vrindavan,1,"Overall, overpriced restaurant, not campus-friendly pricing",synthetic,Negative,0.4931779503822326,0.2599474191665649,0.2468745857477188,0.4931779503822326
03/09/2026 00:00:00,Manya Hegde,SE,Shawarma Shop,3,Not bad but cleanliness is a concern ngl,synthetic,Negative,0.3840556144714355,0.3117076158523559,0.3042367696762085,0.3840556144714355
03/23/2026 00:00:00,Rahul Mehta,TE,College Canteen Ground Floor,5,"Like it, decent food at student-friendly prices!",synthetic,Positive,0.9207479953765868,0.9207479953765868,0.0464267469942569,0.0328252762556076
03/17/2026 00:00:00,Lalit Pawar,TE,Amar Frankie,4,Fast tasty frankie and reasonable pricing,synthetic,Positive,0.9346062541007996,0.9346062541007996,0.0426856204867363,0.022708099335432
2/26/2026 10:49:29,Madhura Lolayekar,TE,College Canteen Ground Floor,4,Like it,real,Positive,0.4607745110988617,0.4607745110988617,0.2076694518327713,0.3315560817718506
3/21/2026 0:14:27,Prachi Barhate,TE,Manchurian Shop,3,Good,real,Positive,0.912220060825348,0.912220060825348,0.0546148903667926,0.0331650711596012
03/18/2026 00:00:00,Manya Hegde,TE,Cluckins,2,"Service is very slow, needs improvement.",synthetic,Negative,0.4689204394817352,0.2837610840797424,0.2473184615373611,0.4689204394817352
2/26/2026 10:55:39,Param,TE,Shawarma Shop,1,Find it very unhygienic,real,Negative,0.4689474403858185,0.3116827011108398,0.2193698436021804,0.4689474403858185
2/26/2026 20:43:38,Yug Bhanushali,TE,Manchurian Shop,4,Very good,real,Positive,0.8968396782875061,0.8968396782875061,0.0635488480329513,0.0396115183830261
03/17/2026 00:00:00,Vivek Yadav,SE,College Canteen Ground Floor,5,Good variety of food options available ngl,synthetic,Positive,0.9247851967811584,0.9247851967811584,0.0518379993736743,0.0233767628669738
03/22/2026 00:00:00,Bhavna Dubey,SE,SPJIMR Mess,3,Tasty food and good options available.,synthetic,Positive,0.9139960408210754,0.9139960408210754,0.0590030588209629,0.0270008705556392
03/24/2026 00:00:00,Nisha Kulkarni,SE,Shawarma Shop,5,"best non-veg option near college, tasty shawarma",synthetic,Positive,0.938373863697052,0.938373863697052,0.0384412258863449,0.0231849625706672
03/01/2026 00:00:00,Manish Khanna,TE,Vrindavan,1,Not everything on the menu is available always tbh,synthetic,Negative,0.4253442883491516,0.2753375768661499,0.2993180751800537,0.4253442883491516
03/03/2026 00:00:00,Rashmi Sawant,SE,Juice Center,1,"flavor was too diluted, tastes like water",synthetic,Negative,0.4943116903305053,0.2509865164756775,0.2547017931938171,0.4943116903305053
02/28/2026 00:00:00,Nisha Kulkarni,SE,SPJIMR Mess,3,"Decent mess, food is okay most days honestly",synthetic,Positive,0.5047352313995361,0.5047352313995361,0.2787293493747711,0.2165353894233703
2/26/2026 10:47:42,Kriya Mehta,TE,Manchurian Shop,4,very flavourful,real,Positive,0.906345784664154,0.906345784664154,0.0610829815268516,0.0325713343918323
03/20/2026 00:00:00,Harsh Goyal,SE,College Canteen Ground Floor,2,"it smells awful, needs deep cleaning",synthetic,Negative,0.4862867593765259,0.274458646774292,0.2392545938491821,0.4862867593765259
02/20/2026 00:00:00,Isha Dixit,TE,Cluckins,4,One of the best non-veg spots near campus,synthetic,Positive,0.9197579026222228,0.9197579026222228,0.0501005947589874,0.0301414802670478
03/13/2026 00:00:00,Aarav Sharma,TE,Manchurian Shop,3,Taste is okay but hygiene could be much better ngl,synthetic,Negative,0.3597902059555053,0.3004690408706665,0.3397406935691833,0.3597902059555053
02/25/2026 00:00:00,Himanshu Lakra,TE,College Canteen Ground Floor,5,"Chat centre is very good here, love the chaat!",synthetic,Positive,0.9307991862297058,0.9307991862297058,0.0457577221095562,0.0234430339187383
2/26/2026 10:55:39,Param,TE,Cluckins,1,Never been there,real,Negative,0.4889979362487793,0.2491554468870163,0.2618466317653656,0.4889979362487793
03/04/2026 00:00:00,Chetan Rawat,TE,Vrindavan,3,Good 2nd option after the mess honestly,synthetic,Positive,0.754762589931488,0.754762589931488,0.1286223083734512,0.1166151091456413
03/04/2026 00:00:00,Siddharth Malhotra,TE,College Canteen Ground Floor,2,"Needs cleanliness maintenance, food quality bad.",synthetic,Negative,0.4872812330722809,0.2571067214012146,0.2556120455265045,0.4872812330722809
03/05/2026 00:00:00,Tanvi Chopra,TE,College Canteen 3rd Floor,2,"No thank you, not going back there!",synthetic,Negative,0.4815667569637298,0.2763146758079529,0.2421185225248336,0.4815667569637298
03/23/2026 00:00:00,Siddharth Malhotra,BE,Manchurian Shop,2,"Overall, unhygienic, roadside dirty, not healthy at all",synthetic,Negative,0.4764221012592315,0.2646569907665252,0.2589208483695984,0.4764221012592315
03/06/2026 00:00:00,Gauri Menon,BE,Cluckins,5,Really tasty with good portion sizes.,synthetic,Positive,0.8927477598190308,0.8927477598190308,0.0722469314932823,0.0350053571164608
03/09/2026 00:00:00,Rashmi Sawant,SE,Vrindavan,4,Dost idhar le aate but pet nahi bharta fully,synthetic,Positive,0.5991277694702148,0.5991277694702148,0.2050959914922714,0.1957762688398361
03/14/2026 00:00:00,Deepak Jain,SE,Amar Frankie,3,I think good taste but hygiene can be improved,synthetic,Negative,0.360952079296112,0.2980057895183563,0.3410421013832092,0.360952079296112
2/26/2026 7:25:39,Harsh Bhatt,TE,Juice Center,5,Only healthy option here,real,Positive,0.4252083301544189,0.4252083301544189,0.2207389771938324,0.3540526330471039
02/28/2026 00:00:00,Gauri Menon,BE,Cluckins,4,The chicken is fresh and well-cooked always honestly,synthetic,Positive,0.931095004081726,0.931095004081726,0.0455193854868412,0.0233856905251741
03/23/2026 00:00:00,Ananya Patel,TE,Juice Center,5,"Overall, good cleanliness and quality, very professional",synthetic,Positive,0.918660044670105,0.918660044670105,0.052764393389225,0.0285755656659603
03/25/2026 00:00:00,Komal Rane,TE,SPJIMR Mess,5,"og place, cannot beat this quality",synthetic,Negative,0.4064982235431671,0.3430390954017639,0.2504626810550689,0.4064982235431671
03/03/2026 00:00:00,Divya Tiwari,TE,Amar Frankie,3,"Average taste, decent portion size honestly",synthetic,Negative,0.4318065941333771,0.2776319682598114,0.2905614674091339,0.4318065941333771
03/10/2026 00:00:00,Manish Khanna,BE,Cluckins,1,"Never been there, doesnt look inviting.",synthetic,Negative,0.4995086193084717,0.2722115516662597,0.2282797694206237,0.4995086193084717
02/26/2026 00:00:00,Faizan Khan,SE,Cluckins,1,"Overall, too pricy for students, not affordable",synthetic,Negative,0.4611802101135254,0.2655659914016723,0.2732538282871246,0.4611802101135254
03/15/2026 00:00:00,Akash Sinha,TE,College Canteen 3rd Floor,2,"Average food quality, pricing is okay!",synthetic,Negative,0.4247433841228485,0.2808767259120941,0.294379860162735,0.4247433841228485
02/24/2026 00:00:00,Ananya Patel,SE,College Canteen 3rd Floor,4,Better but still lacks diversity in menu.,synthetic,Positive,0.5910475850105286,0.5910475850105286,0.2182559520006179,0.190696582198143
03/19/2026 00:00:00,Shreya Mishra,TE,College Canteen Ground Floor,4,"Overall, like it, decent food at student-friendly prices",synthetic,Positive,0.9341999292373656,0.9341999292373656,0.037911269813776,0.0278887394815683
03/03/2026 00:00:00,Meera Bhat,BE,College Canteen 3rd Floor,3,Sandwiches are nice but rest is average tbh,synthetic,Neutral,0.4072223305702209,0.3513722717761993,0.4072223305702209,0.2414054572582245
2/26/2026 9:00:20,Jehan,TE,Vrindavan,5,Very good vegetarian food,real,Positive,0.9239840507507324,0.9239840507507324,0.0528227277100086,0.0231931675225496
03/08/2026 00:00:00,Varun Karnik,SE,Cluckins,4,Sometimes maybe good sometimes maybe not good!,synthetic,Negative,0.4092309474945068,0.297003298997879,0.2937657833099365,0.4092309474945068
2/26/2026 20:43:38,Yug Bhanushali,TE,College Canteen 3rd Floor,3,Sometimes good sometimes bad,real,Negative,0.3871349096298218,0.321168452501297,0.2916966378688812,0.3871349096298218
3/21/2026 0:14:27,Prachi Barhate,TE,College Canteen 3rd Floor,4,nice,real,Positive,0.8867283463478088,0.8867283463478088,0.0685205683112144,0.0447511039674282
03/08/2026 00:00:00,Isha Dixit,BE,Manchurian Shop,5,"Really enjoy the manchurian here, it hits different ngl",synthetic,Positive,0.9124590158462524,0.9124590158462524,0.0584364086389541,0.0291044954210519
02/21/2026 00:00:00,Suresh Pandey,TE,Manchurian Shop,3,"I think okayish, mix veg and non veg utensils is an issue",synthetic,Negative,0.385247141122818,0.3206858336925506,0.2940670251846313,0.385247141122818
02/21/2026 00:00:00,Kabir Desai,SE,Vrindavan,3,I like their dosa but rest is average,synthetic,Neutral,0.3495708405971527,0.3259107768535614,0.3495708405971527,0.3245183825492859
03/23/2026 00:00:00,Arjun Singh,SE,Juice Center,4,Love the Ganga Jamuna Saraswati drink!,synthetic,Positive,0.924565315246582,0.924565315246582,0.0455749183893203,0.0298596937209367
03/04/2026 00:00:00,Isha Dixit,SE,Amar Frankie,5,"Loved the frankie, mesmerising taste!.",synthetic,Positive,0.8935019969940186,0.8935019969940186,0.0628623589873313,0.0436355508863925
03/16/2026 00:00:00,Anjali Bansal,TE,Manchurian Shop,1,"Unhygienic, roadside dirty, not healthy at all honestly",synthetic,Negative,0.4869046211242676,0.2584463357925415,0.2546490728855133,0.4869046211242676
02/25/2026 00:00:00,Jayesh Pillai,TE,SPJIMR Mess,3,"Overall, quality did not meet expectations sometimes",synthetic,Negative,0.453870415687561,0.2862218022346496,0.2599078118801117,0.453870415687561
03/03/2026 00:00:00,Pooja Chauhan,BE,Juice Center,5,A really great option for days when u dont know what to have!,synthetic,Positive,0.8904656767845154,0.8904656767845154,0.0654599517583847,0.0440743714570999
03/23/2026 00:00:00,Tanvi Chopra,BE,SPJIMR Mess,4,"Overall, decent mess, food is okay most days",synthetic,Positive,0.6457632780075073,0.6457632780075073,0.2113480865955352,0.1428886204957962
03/25/2026 00:00:00,Amit Agarwal,BE,Juice Center,4,"I think even the packaging is solid, great presentation",synthetic,Positive,0.913646399974823,0.913646399974823,0.0527781657874584,0.0335753560066223
03/18/2026 00:00:00,Ekta Bhardwaj,TE,Amar Frankie,3,gives hot food in plastic which is concerning,synthetic,Positive,0.5849822759628296,0.5849822759628296,0.2002340853214264,0.214783638715744
03/05/2026 00:00:00,Bhavna Dubey,BE,Cluckins,5,The chicken is fresh and well-cooked always ngl,synthetic,Positive,0.9295451045036316,0.9295451045036316,0.046540267765522,0.0239146761596202
02/20/2026 00:00:00,Chetan Rawat,BE,Manchurian Shop,5,The food is tasty and portions are decent for the price ngl,synthetic,Positive,0.8940949440002441,0.8940949440002441,0.072748988866806,0.0331560932099819
3/1/2026 12:35:33,Vatsal Jain,TE,College Canteen Ground Floor,3,Can have more food items and better icecreams,real,Positive,0.6767950057983398,0.6767950057983398,0.1890530586242675,0.1341519504785537
03/25/2026 00:00:00,Shreya Mishra,TE,Shawarma Shop,3,Taste is good but sourcing of ingredients is dubious!,synthetic,Negative,0.4420624077320099,0.2714624106884002,0.2864752113819122,0.4420624077320099
03/10/2026 00:00:00,Isha Dixit,TE,SPJIMR Mess,3,Expensive but good quality food overall tbh,synthetic,Positive,0.3688452541828155,0.3688452541828155,0.278185099363327,0.3529695570468902
03/08/2026 00:00:00,Pooja Chauhan,TE,Cluckins,2,Not tried much but looks appealing enough,synthetic,Negative,0.3793345391750335,0.3599922060966491,0.2606731951236725,0.3793345391750335
03/16/2026 00:00:00,Bhavna Dubey,TE,Shawarma Shop,3,Chicken quality I doubt sometimes ngl,synthetic,Negative,0.3809758424758911,0.325851708650589,0.2931724488735199,0.3809758424758911
03/25/2026 00:00:00,Sonia Roy,SE,Vrindavan,5,"Perfect place for vegetarians, amazing variety honestly",synthetic,Positive,0.9385318756103516,0.9385318756103516,0.0384474843740463,0.0230206195265054
02/22/2026 00:00:00,Aarav Sharma,TE,Amar Frankie,5,They have a lot of different frankie options to choose from tbh,synthetic,Positive,0.7302815914154053,0.7302815914154053,0.1322666704654693,0.1374517530202865
03/08/2026 00:00:00,Rohan Reddy,SE,Cluckins,5,the chicken is fresh and well-cooked always,synthetic,Positive,0.926630675792694,0.926630675792694,0.0482330285012722,0.025136237964034
03/12/2026 00:00:00,Umesh Nayak,TE,Vrindavan,4,Very good vegetarian food with lots of options tbh,synthetic,Positive,0.9291076064109802,0.9291076064109802,0.0486555062234401,0.0222367830574512
03/11/2026 00:00:00,Sonia Roy,TE,Vrindavan,4,Good taste but slightly expensive for students!,synthetic,Positive,0.586135983467102,0.586135983467102,0.1978213340044021,0.2160426378250122
03/07/2026 00:00:00,Umesh Nayak,SE,Vrindavan,4,"Overall, good services but water glasses arent clean",synthetic,Positive,0.4179832637310028,0.4179832637310028,0.2490754276514053,0.3329412937164306
03/18/2026 00:00:00,Sahil Bajaj,TE,SPJIMR Mess,1,"Unhygienic, saw issues in the kitchen area tbh",synthetic,Negative,0.4907827377319336,0.2565594315528869,0.2526578605175018,0.4907827377319336
03/06/2026 00:00:00,Pallavi Naik,SE,Juice Center,3,"Overall, good but not value for money always",synthetic,Negative,0.439579576253891,0.2595515847206116,0.300868809223175,0.439579576253891
2/27/2026 8:32:29,Siddh Jain,TE,Cluckins,1,Never eaten.,real,Negative,0.4851855635643005,0.2878951132297516,0.2269192934036255,0.4851855635643005
03/23/2026 00:00:00,Varun Karnik,BE,Manchurian Shop,1,"Hygiene issues are serious, not clean at all!",synthetic,Negative,0.4792861342430115,0.2724448144435882,0.2482690215110778,0.4792861342430115
02/20/2026 00:00:00,Sneha Iyer,TE,Vrindavan,1,"Vegetarian food only, no nonveg options is bad.",synthetic,Negative,0.4207555651664734,0.2893208265304565,0.28992360830307,0.4207555651664734
03/14/2026 00:00:00,Naveen Deshpande,SE,College Canteen 3rd Floor,1,"No thank you, not going back there ngl",synthetic,Negative,0.4485159516334533,0.2810483276844024,0.2704357802867889,0.4485159516334533
2/26/2026 12:31:38,Shreya Mahajan,TE,College Canteen 3rd Floor,5,Good food homely good very good,real,Positive,0.9245838522911072,0.9245838522911072,0.0524541474878788,0.0229620616883039
03/07/2026 00:00:00,Vivek Yadav,TE,Manchurian Shop,4,One of the better options near college for quick food honestly,synthetic,Positive,0.932280957698822,0.932280957698822,0.0435779727995395,0.0241410415619611
03/03/2026 00:00:00,Kavya Shah,BE,SPJIMR Mess,4,"Good for daily meals, basic but decent.",synthetic,Positive,0.7854493260383606,0.7854493260383606,0.1266023963689804,0.0879483446478843
03/11/2026 00:00:00,Arjun Singh,SE,Shawarma Shop,5,The shawarma here is worth every rupee ngl,synthetic,Positive,0.9040967226028442,0.9040967226028442,0.0584107898175716,0.0374925062060356
03/06/2026 00:00:00,Isha Dixit,TE,Juice Center,3,Looks professional but prices are high honestly,synthetic,Positive,0.3910494446754455,0.3910494446754455,0.2659985721111297,0.3429519832134247
03/21/2026 00:00:00,Kavya Shah,BE,Shawarma Shop,4,service is really good and shawarma tastes great,synthetic,Positive,0.9343184232711792,0.9343184232711792,0.0454231947660446,0.0202583316713571
02/24/2026 00:00:00,Riya Thakur,TE,Manchurian Shop,1,"Would not recommend, too many hygiene problems!",synthetic,Negative,0.48616623878479,0.273360401391983,0.2404733598232269,0.48616623878479
03/24/2026 00:00:00,Jayesh Pillai,SE,Manchurian Shop,5,"Really enjoy the manchurian here, it hits different tbh",synthetic,Positive,0.9059594869613647,0.9059594869613647,0.0627339333295822,0.0313065983355045
02/22/2026 00:00:00,Meera Bhat,BE,SPJIMR Mess,5,Good food quality and quantity at great prices,synthetic,Positive,0.9252473711967468,0.9252473711967468,0.0460197739303112,0.0287328884005546
3/1/2026 12:36:15,Rachel,TE,College Canteen Ground Floor,1,cockroaches were in the coffee and its so sweet. never going there again,real,Negative,0.4501449465751648,0.3251908719539642,0.2246641367673874,0.4501449465751648
03/22/2026 00:00:00,Vivek Yadav,SE,SPJIMR Mess,3,"Good for daily meals, basic but decent",synthetic,Positive,0.7596019506454468,0.7596019506454468,0.1424929201602935,0.0979050993919372
03/07/2026 00:00:00,Akash Sinha,BE,Shawarma Shop,5,"top quality shawarma, would recommend to everyone",synthetic,Positive,0.9220535159111024,0.9220535159111024,0.0496722236275672,0.0282742828130722
03/16/2026 00:00:00,Ojas Wagh,BE,SPJIMR Mess,4,"Overall, goated food, best experience every time",synthetic,Positive,0.938564956188202,0.938564956188202,0.0369091965258121,0.0245258547365665
03/05/2026 00:00:00,Bhavna Dubey,TE,Manchurian Shop,5,"Good quality food, consistent taste every time honestly",synthetic,Positive,0.9393653869628906,0.9393653869628906,0.0373735688626766,0.0232610590755939
03/01/2026 00:00:00,Kiran Srivastava,BE,Vrindavan,4,Good taste but slightly expensive for students!,synthetic,Positive,0.586135983467102,0.586135983467102,0.1978213340044021,0.2160426378250122
3/1/2026 13:43:44,Aniruddh Iyer,TE,College Canteen Ground Floor,4,cost-effective,real,Positive,0.87197345495224,0.87197345495224,0.0739059299230575,0.0541206002235412
03/14/2026 00:00:00,Varun Karnik,SE,College Canteen Ground Floor,4,The go-to place but menu is limited ngl,synthetic,Negative,0.3977310061454773,0.2866985201835632,0.3155705630779266,0.3977310061454773
02/24/2026 00:00:00,Lalit Pawar,TE,College Canteen Ground Floor,2,"Needs cleanliness maintenance, food quality bad ngl",synthetic,Negative,0.4627565741539001,0.2558657228946686,0.2813777029514313,0.4627565741539001
2/26/2026 10:54:35,Ananyasingh S. Chauhan,TE,Cluckins,4,Not much idea,real,Negative,0.4617197811603546,0.252755731344223,0.2855244874954223,0.4617197811603546
03/12/2026 00:00:00,Meera Bhat,BE,Juice Center,5,"I think even the packaging is solid, great presentation",synthetic,Positive,0.913646399974823,0.913646399974823,0.0527781657874584,0.0335753560066223
03/06/2026 00:00:00,Ritika Mukherjee,SE,Shawarma Shop,5,The shawarma here is worth every rupee ngl,synthetic,Positive,0.9040967226028442,0.9040967226028442,0.0584107898175716,0.0374925062060356
03/10/2026 00:00:00,Ishaan Gupta,TE,Shawarma Shop,2,The dining area needed better upkeep seriously honestly,synthetic,Negative,0.4031355082988739,0.298997551202774,0.297866940498352,0.4031355082988739
03/11/2026 00:00:00,Pallavi Naik,SE,Manchurian Shop,2,Cleanliness standards did not meet expectations!,synthetic,Negative,0.4966476857662201,0.290832370519638,0.212519884109497,0.4966476857662201
03/15/2026 00:00:00,Vihaan Verma,BE,Vrindavan,3,"Vegetarian food only, need non-veg options too",synthetic,Negative,0.3906526565551758,0.3438884317874908,0.2654589116573334,0.3906526565551758
02/25/2026 00:00:00,Ananya Patel,TE,College Canteen 3rd Floor,3,Better but still lacks diversity in menu.,synthetic,Positive,0.5910475850105286,0.5910475850105286,0.2182559520006179,0.190696582198143
03/22/2026 00:00:00,Priya Joshi,SE,Manchurian Shop,3,It was good just hygiene issues are a concern tbh,synthetic,Negative,0.3962823450565338,0.2994489967823028,0.3042685687541961,0.3962823450565338
03/12/2026 00:00:00,Chetan Rawat,TE,Shawarma Shop,5,"Overall, best non-veg option near college, tasty shawarma",synthetic,Positive,0.9393702149391174,0.9393702149391174,0.0377076268196105,0.0229221787303686
03/20/2026 00:00:00,Diya Kumar,SE,College Canteen Ground Floor,1,"Staff dont wear gloves, smells really awful honestly",synthetic,Negative,0.4838091433048248,0.2910490930080414,0.2251418381929397,0.4838091433048248
03/11/2026 00:00:00,Kavya Shah,SE,Vrindavan,5,"Another banger from Vrindavan, never disappoints.",synthetic,Positive,0.9172474145889282,0.9172474145889282,0.0460856668651104,0.0366668850183486
03/21/2026 00:00:00,Nikhil Das,BE,SPJIMR Mess,5,"Unlimited healthy nutritious food, love it tbh",synthetic,Positive,0.9407628178596495,0.9407628178596495,0.0356505736708641,0.0235865283757448
03/23/2026 00:00:00,Neha Saxena,TE,Amar Frankie,5,They have a lot of different frankie options to choose from.,synthetic,Positive,0.8782404065132141,0.8782404065132141,0.0725345462560653,0.0492250435054302
02/23/2026 00:00:00,Simran Kaur,SE,SPJIMR Mess,5,"Overall, best experience, would recommend to everyone",synthetic,Positive,0.9197238683700562,0.9197238683700562,0.0486664026975631,0.0316098034381866
03/25/2026 00:00:00,Umesh Nayak,SE,Amar Frankie,3,"not much idea, havent tried enough to comment",synthetic,Negative,0.4798705279827118,0.2863210439682007,0.2338084131479263,0.4798705279827118
03/06/2026 00:00:00,Kiran Srivastava,SE,Shawarma Shop,5,"Top quality shawarma, would recommend to everyone.",synthetic,Positive,0.9325476288795472,0.9325476288795472,0.0427649468183517,0.0246874913573265
02/27/2026 00:00:00,Diya Kumar,SE,Shawarma Shop,3,Decent crowd but hygiene could be improved tbh,synthetic,Negative,0.3861011564731598,0.2946851551532745,0.319213718175888,0.3861011564731598
03/21/2026 00:00:00,Harsh Goyal,BE,Vrindavan,3,Dost idhar le aate but pet nahi bharta fully,synthetic,Positive,0.5991277694702148,0.5991277694702148,0.2050959914922714,0.1957762688398361
02/28/2026 00:00:00,Simran Kaur,BE,Vrindavan,5,"Overall, best of all in comparison, top quality",synthetic,Positive,0.9242849946022034,0.9242849946022034,0.0446858257055282,0.031029162928462
02/28/2026 00:00:00,Ojas Wagh,TE,SPJIMR Mess,5,"Best experience, would recommend to everyone",synthetic,Positive,0.9189113974571228,0.9189113974571228,0.0491762124001979,0.0319124348461627
03/13/2026 00:00:00,Nisha Kulkarni,SE,Juice Center,3,tasty but a bit expensive for students,synthetic,Positive,0.5005781650543213,0.5005781650543213,0.2416433990001678,0.2577783763408661
03/16/2026 00:00:00,Himanshu Lakra,TE,College Canteen Ground Floor,3,Too much waiting and food quality is average,synthetic,Negative,0.4341027736663818,0.272934079170227,0.2929631769657135,0.4341027736663818
02/21/2026 00:00:00,Meera Bhat,TE,Shawarma Shop,4,Service is really good and shawarma tastes great honestly,synthetic,Positive,0.939035415649414,0.939035415649414,0.0412726402282714,0.0196918975561857
02/21/2026 00:00:00,Isha Dixit,SE,College Canteen 3rd Floor,1,Menu needs major improvement honestly tbh,synthetic,Negative,0.4368271231651306,0.2577760517597198,0.3053968250751495,0.4368271231651306
03/03/2026 00:00:00,Komal Rane,SE,Shawarma Shop,2,Never tried because it looks so unhygienic!,synthetic,Negative,0.4993856847286224,0.2573264837265014,0.2432877868413925,0.4993856847286224
02/28/2026 00:00:00,Sahil Bajaj,BE,College Canteen 3rd Floor,4,"Good food, homely, very good overall.",synthetic,Positive,0.9359870553016664,0.9359870553016664,0.0413117930293083,0.0227012056857347
3/1/2026 13:43:44,Aniruddh Iyer,TE,Manchurian Shop,4,good,real,Positive,0.912220060825348,0.912220060825348,0.0546148903667926,0.0331650711596012
03/11/2026 00:00:00,Kavya Shah,BE,College Canteen Ground Floor,5,Cost-effective meals for daily eating tbh,synthetic,Positive,0.9303292632102966,0.9303292632102966,0.0412416234612464,0.0284291058778762
03/08/2026 00:00:00,Chetan Rawat,TE,Juice Center,3,Good but not value for money always ngl,synthetic,Negative,0.3891720473766327,0.3167066872119903,0.2941212952136993,0.3891720473766327
3/1/2026 12:49:03,Rehan Ansari,TE,College Canteen 3rd Floor,2,Too expensive,real,Negative,0.4663134515285492,0.2690327763557434,0.2646537125110626,0.4663134515285492
03/17/2026 00:00:00,Jayesh Pillai,TE,Amar Frankie,3,"Meh, nothing special about the frankies",synthetic,Negative,0.3982731699943542,0.2943617403507232,0.3073650896549225,0.3982731699943542
03/02/2026 00:00:00,Ananya Patel,SE,Cluckins,1,"Soggy food, not crispy at all ngl",synthetic,Negative,0.4866179227828979,0.2521266043186188,0.2612555027008056,0.4866179227828979
03/07/2026 00:00:00,Neha Saxena,BE,College Canteen Ground Floor,4,Okay service but food is decent enough honestly,synthetic,Positive,0.8074829578399658,0.8074829578399658,0.1274529695510864,0.0650641322135925
03/22/2026 00:00:00,Varun Karnik,BE,Cluckins,4,"Overall, one of the best non-veg spots near campus",synthetic,Positive,0.9245143532752992,0.9245143532752992,0.0463445410132408,0.0291410386562347
02/23/2026 00:00:00,Shreya Mishra,TE,Shawarma Shop,4,The shawarma here is worth every rupee,synthetic,Positive,0.8955875635147095,0.8955875635147095,0.0637426525354385,0.0406696982681751
03/02/2026 00:00:00,Manish Khanna,BE,Manchurian Shop,5,"Flavourful food, one of the better stalls around campus tbh",synthetic,Positive,0.9358441233634948,0.9358441233634948,0.0416528098285198,0.0225030947476625
03/05/2026 00:00:00,Diya Kumar,SE,College Canteen Ground Floor,3,Most items arent healthy or energetic enough ngl,synthetic,Negative,0.4067904353141784,0.2804845571517944,0.3127250373363495,0.4067904353141784
02/21/2026 00:00:00,Komal Rane,TE,College Canteen Ground Floor,4,Food quality is good and pricing is student-friendly honestly,synthetic,Positive,0.9207518100738524,0.9207518100738524,0.0518118515610694,0.0274363327771425
03/01/2026 00:00:00,Tanvi Chopra,BE,SPJIMR Mess,5,The food is hygienic and meals are well-balanced honestly,synthetic,Positive,0.9178712368011476,0.9178712368011476,0.0543791651725769,0.0277495514601469
03/19/2026 00:00:00,Umesh Nayak,SE,College Canteen Ground Floor,4,Can have more food items and better variety!,synthetic,Positive,0.8473190665245056,0.8473190665245056,0.1031802967190742,0.0495006404817104
03/03/2026 00:00:00,Kabir Desai,TE,College Canteen Ground Floor,3,Too much waiting and food quality is average,synthetic,Negative,0.4341027736663818,0.272934079170227,0.2929631769657135,0.4341027736663818
03/01/2026 00:00:00,Gaurav Patil,BE,Juice Center,4,Fresh juice but portions could be bigger!,synthetic,Negative,0.3669138252735138,0.3364333510398865,0.2966527640819549,0.3669138252735138
2/26/2026 10:54:35,Ananyasingh S. Chauhan,TE,Vrindavan,4,Good services and good food,real,Positive,0.9139265418052672,0.9139265418052672,0.056597925722599,0.0294755492359399
03/25/2026 00:00:00,Tanvi Chopra,TE,Juice Center,1,"Overall, flavor was too diluted, tastes like water",synthetic,Negative,0.4902850687503814,0.250807523727417,0.2589074373245239,0.4902850687503814
3/1/2026 13:37:04,Sneha Kapte,TE,SPJIMR Mess,3,Quality did not meet Expectations.,real,Negative,0.4851385951042175,0.2800257205963135,0.2348356693983078,0.4851385951042175
2/26/2026 10:47:42,Kriya Mehta,TE,College Canteen 3rd Floor,4,better options,real,Positive,0.8553292155265808,0.8553292155265808,0.0837498754262924,0.0609208457171916
3/1/2026 12:37:30,Hitesh Ghanchi,TE,Manchurian Shop,4,"The place is clean. The food tastes okayish, and their prices are affordable.",real,Positive,0.8498908281326294,0.8498908281326294,0.0879547223448753,0.0621544085443019
03/25/2026 00:00:00,Siddharth Malhotra,SE,Cluckins,2,Sometimes maybe good sometimes maybe not good.,synthetic,Negative,0.4046496152877807,0.3007770180702209,0.294573426246643,0.4046496152877807
03/19/2026 00:00:00,Raj Kapoor,SE,SPJIMR Mess,3,Nice place but some things need improvement ngl,synthetic,Negative,0.3657479286193847,0.3291316330432892,0.305120438337326,0.3657479286193847
03/24/2026 00:00:00,Nikhil Das,SE,Manchurian Shop,4,"Solid food, bhaji pav is especially good here tbh",synthetic,Positive,0.919812798500061,0.919812798500061,0.0557163283228874,0.0244708843529224
03/20/2026 00:00:00,Anjali Bansal,SE,College Canteen Ground Floor,3,can have more food items and better variety,synthetic,Positive,0.7528588175773621,0.7528588175773621,0.1541644483804702,0.092976801097393
03/19/2026 00:00:00,Harsh Goyal,TE,Shawarma Shop,2,needs better hygiene practices for food safety,synthetic,Negative,0.4028382897377014,0.3806194365024566,0.2165422290563583,0.4028382897377014
03/01/2026 00:00:00,Isha Dixit,BE,Shawarma Shop,4,"really good shawarma, perfectly spiced and filling",synthetic,Positive,0.9414430856704712,0.9414430856704712,0.0369903147220611,0.0215666648000478
03/20/2026 00:00:00,Ananya Patel,SE,College Canteen 3rd Floor,5,"Nice canteen, comfortable seating area ngl",synthetic,Positive,0.9300441145896912,0.9300441145896912,0.0460534542798996,0.023902403190732
03/23/2026 00:00:00,Arjun Singh,TE,SPJIMR Mess,3,some things need to be improved for sure,synthetic,Negative,0.3720720708370209,0.3344811797142029,0.293446809053421,0.3720720708370209
03/24/2026 00:00:00,Divya Tiwari,SE,College Canteen 3rd Floor,5,Thali and lunch option available which is great,synthetic,Positive,0.9139910340309144,0.9139910340309144,0.0588948912918567,0.0271140653640031
03/02/2026 00:00:00,Nikhil Das,TE,SPJIMR Mess,1,"Cockroaches in the kitchen, not clean at all.",synthetic,Negative,0.5081599950790405,0.2713660299777984,0.2204739302396774,0.5081599950790405
03/21/2026 00:00:00,Nikhil Das,TE,Vrindavan,4,"Best of all in comparison, top quality.",synthetic,Positive,0.9170639514923096,0.9170639514923096,0.0482811443507671,0.0346549600362777
03/16/2026 00:00:00,Divya Tiwari,BE,Manchurian Shop,3,It was good just hygiene issues are a concern tbh,synthetic,Negative,0.3962823450565338,0.2994489967823028,0.3042685687541961,0.3962823450565338
03/21/2026 00:00:00,Ojas Wagh,BE,SPJIMR Mess,3,tasty food and good options available,synthetic,Positive,0.9098482728004456,0.9098482728004456,0.0619162172079086,0.0282356161624193
02/24/2026 00:00:00,Lalit Pawar,BE,College Canteen 3rd Floor,5,"Overall, nice canteen, comfortable seating area",synthetic,Positive,0.9355416297912598,0.9355416297912598,0.0422648079693317,0.0221934970468282
02/25/2026 00:00:00,Sonia Roy,BE,Shawarma Shop,3,"Always a little uncooked, needs to cook properly honestly",synthetic,Negative,0.4824923276901245,0.2935384809970855,0.2239692062139511,0.4824923276901245
03/01/2026 00:00:00,Priya Joshi,TE,Juice Center,3,Good but not value for money always ngl,synthetic,Negative,0.3891720473766327,0.3167066872119903,0.2941212952136993,0.3891720473766327
02/22/2026 00:00:00,Isha Dixit,SE,Vrindavan,1,"I think na, not impressed with this place at all",synthetic,Negative,0.4353671073913574,0.2819007039070129,0.282732218503952,0.4353671073913574
03/18/2026 00:00:00,Arjun Singh,TE,College Canteen Ground Floor,3,"Overall, limited menu, monotonous and boring food",synthetic,Negative,0.494385689496994,0.2660632729530334,0.2395509630441665,0.494385689496994
03/07/2026 00:00:00,Ekta Bhardwaj,BE,Amar Frankie,4,"Tasty but spicy, love the frankie options here.",synthetic,Positive,0.9305678009986876,0.9305678009986876,0.0462176650762558,0.0232146214693784
03/21/2026 00:00:00,Raj Kapoor,BE,Manchurian Shop,5,"good food at reasonable prices, students can afford it",synthetic,Positive,0.9308196306228638,0.9308196306228638,0.0422388650476932,0.026941580697894
03/17/2026 00:00:00,Gauri Menon,BE,Shawarma Shop,5,"Overall, top quality shawarma, would recommend to everyone",synthetic,Positive,0.9238077998161316,0.9238077998161316,0.0484688282012939,0.0277232993394136
03/14/2026 00:00:00,Manya Hegde,TE,Manchurian Shop,3,Decent enough but not my first choice.,synthetic,Negative,0.4560787975788116,0.2768118977546692,0.2671093642711639,0.4560787975788116
3/1/2026 12:36:15,Rachel,TE,Juice Center,3,"it tastes like water, theyre pricing us so much for bland juice",real,Negative,0.4676326215267181,0.2942306101322174,0.2381367981433868,0.4676326215267181
03/21/2026 00:00:00,Neha Saxena,BE,College Canteen Ground Floor,1,"the place is filthy, no gloves used by staff",synthetic,Negative,0.453330934047699,0.2684274017810821,0.2782416641712188,0.453330934047699
02/25/2026 00:00:00,Riya Thakur,SE,Amar Frankie,3,decent but unhealthy ingredients sometimes,synthetic,Negative,0.4615920782089233,0.3053268492221832,0.2330810576677322,0.4615920782089233
03/06/2026 00:00:00,Faizan Khan,SE,Vrindavan,3,Dost idhar le aate but pet nahi bharta fully,synthetic,Positive,0.5991277694702148,0.5991277694702148,0.2050959914922714,0.1957762688398361
03/07/2026 00:00:00,Himanshu Lakra,BE,Shawarma Shop,2,Taste is good but sourcing of ingredients is dubious honestly,synthetic,Negative,0.4005687832832336,0.2837026715278625,0.3157285451889038,0.4005687832832336
03/07/2026 00:00:00,Jayesh Pillai,BE,Vrindavan,4,"food quality is excellent, taste is very good",synthetic,Positive,0.9061713218688964,0.9061713218688964,0.0644221603870391,0.0294065233319997
03/22/2026 00:00:00,Amit Agarwal,TE,College Canteen 3rd Floor,1,Too expensive for what they offer,synthetic,Negative,0.4736063182353973,0.2740141153335571,0.2523794770240783,0.4736063182353973
02/22/2026 00:00:00,Nisha Kulkarni,SE,Vrindavan,3,"Overall, worth it but pricing could be more student-friendly",synthetic,Positive,0.348674476146698,0.348674476146698,0.3114769160747528,0.3398486077785492
2/26/2026 13:26:45,Naman,TE,College Canteen 3rd Floor,5,Sandwich are best,real,Positive,0.8589613437652588,0.8589613437652588,0.0917054116725921,0.0493332669138908
03/18/2026 00:00:00,Faizan Khan,BE,Amar Frankie,5,"Freshly made hot frankies, always delicious honestly",synthetic,Positive,0.935401976108551,0.935401976108551,0.0384626314043998,0.0261354073882102
2/26/2026 0:02:13,Advait,TE,Amar Frankie,3,Mid only veg,real,Negative,0.4294696748256683,0.2651680707931518,0.3053622543811798,0.4294696748256683
03/13/2026 00:00:00,Bhavna Dubey,BE,Vrindavan,2,good services but water glasses arent clean,synthetic,Negative,0.3738528192043304,0.3602042198181152,0.2659429609775543,0.3738528192043304
03/11/2026 00:00:00,Kavya Shah,TE,Vrindavan,4,pav bhaji and aloo paratha is comfort food here,synthetic,Positive,0.910500705242157,0.910500705242157,0.0616851337254047,0.0278141293674707
02/24/2026 00:00:00,Harsh Goyal,BE,Cluckins,3,Decent but nothing special about the food.,synthetic,Negative,0.4131910800933838,0.280925840139389,0.3058830201625824,0.4131910800933838
03/20/2026 00:00:00,Tina George,BE,Manchurian Shop,5,One of the better options near college for quick food honestly,synthetic,Positive,0.932280957698822,0.932280957698822,0.0435779727995395,0.0241410415619611
03/12/2026 00:00:00,Chetan Rawat,TE,Shawarma Shop,3,taste is good but sourcing of ingredients is dubious,synthetic,Negative,0.3645261824131012,0.3005527555942535,0.3349210619926452,0.3645261824131012
03/23/2026 00:00:00,Rashmi Sawant,BE,Shawarma Shop,4,"Really good shawarma, perfectly spiced and filling honestly",synthetic,Positive,0.9440053701400756,0.9440053701400756,0.0350478440523147,0.0209467746317386
03/25/2026 00:00:00,Harsh Goyal,SE,Shawarma Shop,5,"always packed for a reason, the food is great",synthetic,Positive,0.9081215858459472,0.9081215858459472,0.0563939176499843,0.0354843847453594
3/1/2026 13:43:44,Aniruddh Iyer,TE,Cluckins,2,average,real,Negative,0.38880655169487,0.3348388671875,0.2763545513153076,0.38880655169487
03/07/2026 00:00:00,Chetan Rawat,SE,Manchurian Shop,5,"Flavourful food, one of the better stalls around campus.",synthetic,Positive,0.9325270056724548,0.9325270056724548,0.0438233166933059,0.0236496273428201
03/09/2026 00:00:00,Kabir Desai,BE,Vrindavan,4,Worth it but pricing could be more student-friendly tbh,synthetic,Negative,0.3779026865959167,0.3152689039707184,0.3068284690380096,0.3779026865959167
03/18/2026 00:00:00,Aditya Nair,TE,College Canteen 3rd Floor,3,I think standard 3rd floor canteen experience,synthetic,Positive,0.4624987542629242,0.4624987542629242,0.2642653584480285,0.273235946893692
03/20/2026 00:00:00,Lalit Pawar,SE,Manchurian Shop,2,I think some days its good some days its not,synthetic,Negative,0.4122585952281952,0.3095182180404663,0.2782232463359833,0.4122585952281952
3/1/2026 15:21:54,Lalita Dhavale,TE,Shawarma Shop,1,never tried i am veg,real,Negative,0.4309504926204681,0.3006471991539001,0.2684022784233093,0.4309504926204681
3/1/2026 12:35:33,Vatsal Jain,TE,Cluckins,1,Im veg,real,Negative,0.4207033514976501,0.2986728549003601,0.2806237936019897,0.4207033514976501
03/07/2026 00:00:00,Chetan Rawat,SE,Juice Center,5,cold coffee supremacy! best drinks on campus,synthetic,Positive,0.9185956120491028,0.9185956120491028,0.0478353537619113,0.0335689671337604
3/1/2026 13:35:58,Asmiya Sayyad,TE,Shawarma Shop,1,Smells near their shop,real,Negative,0.399257481098175,0.3817328512668609,0.2190096974372863,0.399257481098175
02/24/2026 00:00:00,Kavya Shah,SE,Shawarma Shop,4,"I think shawarma can never go wrong here, always good",synthetic,Positive,0.90738445520401,0.90738445520401,0.0581468865275383,0.0344686210155487
03/10/2026 00:00:00,Rohan Reddy,SE,Manchurian Shop,3,"They maintain bare minimum hygiene, taste is okay ngl",synthetic,Negative,0.3820620477199554,0.3106031417846679,0.3073348104953766,0.3820620477199554
03/06/2026 00:00:00,Rahul Mehta,BE,Juice Center,1,Not worth the price students are paying,synthetic,Negative,0.4690686464309692,0.2809780836105346,0.2499531954526901,0.4690686464309692
03/16/2026 00:00:00,Kavya Shah,SE,College Canteen 3rd Floor,2,slightly more decent but still not good enough,synthetic,Negative,0.4254531562328338,0.2745130062103271,0.3000338077545166,0.4254531562328338
03/04/2026 00:00:00,Diya Kumar,TE,Amar Frankie,5,"top 2 frankie shops, uses gloves, nice quantity",synthetic,Positive,0.9179282784461976,0.9179282784461976,0.0441932417452335,0.037878431379795
02/26/2026 00:00:00,Harsh Goyal,SE,Juice Center,5,10/10 would recommend for fresh healthy drinks,synthetic,Positive,0.8938912749290466,0.8938912749290466,0.0669811144471168,0.0391276404261589
03/02/2026 00:00:00,Siddharth Malhotra,SE,Vrindavan,4,"perfect place for vegetarians, amazing variety",synthetic,Positive,0.9381131529808044,0.9381131529808044,0.038712054491043,0.0231747422367334
02/22/2026 00:00:00,Arjun Singh,SE,Shawarma Shop,1,Non of them works on authentic taste ngl,synthetic,Positive,0.3808923363685608,0.3808923363685608,0.2615698277950287,0.3575379550457001
03/21/2026 00:00:00,Umesh Nayak,SE,Manchurian Shop,4,The taste is fine but the place looks dirty sometimes!,synthetic,Negative,0.4213851988315582,0.2874341309070587,0.2911806404590606,0.4213851988315582
3/1/2026 15:21:54,Lalita Dhavale,TE,Juice Center,5,best so far! even the packaging is solid. They have a lot of variety as well. A really great option for days when u dont know what to have,real,Positive,0.9113725423812866,0.9113725423812866,0.0566657409071922,0.0319617800414562
03/03/2026 00:00:00,Raj Kapoor,SE,SPJIMR Mess,2,"Overall, expensive but good quality food overall",synthetic,Positive,0.6660476326942444,0.6660476326942444,0.1717593371868133,0.1621930450201034
02/27/2026 00:00:00,Faizan Khan,SE,College Canteen 3rd Floor,5,"Sandwiches are good, cold coffee is nice too!",synthetic,Positive,0.9196914434432985,0.9196914434432985,0.0563617870211601,0.023946763947606
03/18/2026 00:00:00,Varun Karnik,BE,College Canteen 3rd Floor,5,Better hygiene than the ground floor one tbh,synthetic,Positive,0.7184031009674072,0.7184031009674072,0.1423285156488418,0.1392682641744613
3/1/2026 13:35:58,Asmiya Sayyad,TE,SPJIMR Mess,4,Food quality good,real,Positive,0.8973955512046814,0.8973955512046814,0.0699532032012939,0.0326513014733791
03/06/2026 00:00:00,Kriti Goel,SE,Manchurian Shop,3,"Mid option, nothing great nothing terrible ngl",synthetic,Negative,0.4345482587814331,0.2939797043800354,0.2714720368385315,0.4345482587814331
02/20/2026 00:00:00,Ritika Mukherjee,TE,Shawarma Shop,3,"Overall, chicken quality I doubt sometimes",synthetic,Positive,0.3719002902507782,0.3719002902507782,0.271348625421524,0.3567511141300201
02/24/2026 00:00:00,Himanshu Lakra,TE,College Canteen Ground Floor,5,Okay service but food is decent enough.,synthetic,Positive,0.8571426868438721,0.8571426868438721,0.1006037592887878,0.0422534979879856
03/25/2026 00:00:00,Sakshi Bhatia,SE,Shawarma Shop,3,"Always a little uncooked, needs to cook properly ngl",synthetic,Negative,0.4720020294189453,0.2911306023597717,0.2368673831224441,0.4720020294189453
03/20/2026 00:00:00,Sonia Roy,TE,Manchurian Shop,4,Bhaji pav and manchurian both are really tasty.,synthetic,Positive,0.9268904328346252,0.9268904328346252,0.0485179014503955,0.0245916154235601
02/24/2026 00:00:00,Naveen Deshpande,SE,College Canteen 3rd Floor,4,"Nice canteen, comfortable seating area!",synthetic,Positive,0.933399498462677,0.933399498462677,0.0430601611733436,0.0235403664410114
03/06/2026 00:00:00,Rahul Mehta,SE,Manchurian Shop,4,"Flavourful food, one of the better stalls around campus tbh",synthetic,Positive,0.9358441233634948,0.9358441233634948,0.0416528098285198,0.0225030947476625
03/23/2026 00:00:00,Tanvi Chopra,SE,SPJIMR Mess,1,"Overall, never been there, no interest honestly",synthetic,Negative,0.487485408782959,0.254808247089386,0.257706344127655,0.487485408782959
03/02/2026 00:00:00,Tanvi Chopra,SE,Manchurian Shop,4,"not so hygienic, but food is edible",synthetic,Negative,0.368448793888092,0.3407876789569855,0.2907635569572449,0.368448793888092
03/01/2026 00:00:00,Vihaan Verma,BE,Shawarma Shop,5,So tasty! Best shawarma around campus tbh,synthetic,Positive,0.9281853437423706,0.9281853437423706,0.0437485240399837,0.0280660204589366
03/23/2026 00:00:00,Divya Tiwari,BE,College Canteen Ground Floor,5,Need more items on the menu but overall good.,synthetic,Positive,0.8427430391311646,0.8427430391311646,0.1072215810418129,0.0500354319810867
02/21/2026 00:00:00,Meera Bhat,SE,College Canteen Ground Floor,5,Very good food quality when they maintain it,synthetic,Positive,0.9087067246437072,0.9087067246437072,0.0594460591673851,0.0318471156060695
03/19/2026 00:00:00,Gaurav Patil,TE,SPJIMR Mess,2,"Bad food quality, not worth the price",synthetic,Negative,0.4705528616905212,0.2676176428794861,0.2618294656276703,0.4705528616905212
02/28/2026 00:00:00,Sneha Iyer,SE,Manchurian Shop,3,"mid option, nothing great nothing terrible",synthetic,Negative,0.4334439039230346,0.2975296080112457,0.2690265476703644,0.4334439039230346
03/18/2026 00:00:00,Anjali Bansal,SE,College Canteen 3rd Floor,1,menu needs major improvement honestly,synthetic,Negative,0.4245122373104095,0.2990700900554657,0.2764177024364471,0.4245122373104095
03/08/2026 00:00:00,Ritika Mukherjee,TE,Amar Frankie,4,"Tasty but spicy, love the frankie options here honestly",synthetic,Positive,0.9352396726608276,0.9352396726608276,0.0422722399234771,0.0224880669265985
03/16/2026 00:00:00,Shreya Mishra,TE,College Canteen 3rd Floor,4,good but most days items are not available,synthetic,Positive,0.3627107739448547,0.3627107739448547,0.3252066373825073,0.3120825886726379
03/25/2026 00:00:00,Pooja Chauhan,BE,Juice Center,5,The variety of juice and shake options is great.,synthetic,Positive,0.9333252906799316,0.9333252906799316,0.0438053160905838,0.0228693876415491
03/25/2026 00:00:00,Jayesh Pillai,TE,College Canteen Ground Floor,5,Cost-effective meals for daily eating ngl,synthetic,Positive,0.9306462407112122,0.9306462407112122,0.0416879504919052,0.0276657734066247
03/22/2026 00:00:00,Umesh Nayak,TE,Cluckins,4,"Best chicken in the town, love it!!",synthetic,Positive,0.9138566255569458,0.9138566255569458,0.0510096810758113,0.0351336449384689
03/09/2026 00:00:00,Akash Sinha,TE,Juice Center,3,Good but overpriced for what you get honestly,synthetic,Negative,0.4565962255001068,0.3142424821853637,0.2291612774133682,0.4565962255001068
03/01/2026 00:00:00,Jayesh Pillai,BE,College Canteen Ground Floor,4,Cost-effective meals for daily eating honestly,synthetic,Positive,0.9298470616340636,0.9298470616340636,0.0416345372796058,0.0285183135420084
03/09/2026 00:00:00,Vihaan Verma,BE,Shawarma Shop,1,The dining area needed better upkeep seriously ngl,synthetic,Negative,0.4012092351913452,0.2950436174869537,0.303747147321701,0.4012092351913452
3/1/2026 12:35:33,Vatsal Jain,TE,Amar Frankie,3,Good,real,Positive,0.912220060825348,0.912220060825348,0.0546148903667926,0.0331650711596012
02/21/2026 00:00:00,Meera Bhat,TE,SPJIMR Mess,5,"I think og Place, cannot beat this quality",synthetic,Negative,0.4224215149879455,0.3223850429058075,0.2551934123039245,0.4224215149879455
03/22/2026 00:00:00,Lalit Pawar,TE,Cluckins,3,"Average food, menu needs more options.",synthetic,Negative,0.4383707344532013,0.2478693723678589,0.3137599229812622,0.4383707344532013
2/26/2026 20:43:38,Yug Bhanushali,TE,Vrindavan,5,"Really good, pocket friendly and really good food",real,Positive,0.922464907169342,0.922464907169342,0.0519975200295448,0.0255376324057579
3/1/2026 22:54:26,Harsh Malpani,TE,Cluckins,2,Common kitchen for veg and non veg,real,Positive,0.4190113544464111,0.4190113544464111,0.2862751483917236,0.2947135269641876
03/25/2026 00:00:00,Ritika Mukherjee,SE,Vrindavan,5,Very good vegetarian food with lots of options tbh,synthetic,Positive,0.9291076064109802,0.9291076064109802,0.0486555062234401,0.0222367830574512
03/16/2026 00:00:00,Raj Kapoor,TE,Shawarma Shop,5,"Best non-veg option near college, tasty shawarma tbh",synthetic,Positive,0.9391549229621888,0.9391549229621888,0.0379083231091499,0.022936750203371
3/21/2026 0:14:27,Prachi Barhate,TE,Juice Center,3,fresh juice,real,Positive,0.8871064186096191,0.8871064186096191,0.0640532970428466,0.0488403402268886
02/25/2026 00:00:00,Lalit Pawar,BE,Vrindavan,4,"Overall, another banger from Vrindavan, never disappoints",synthetic,Positive,0.9267175197601318,0.9267175197601318,0.0414066910743713,0.0318757779896259
03/20/2026 00:00:00,Neha Saxena,TE,SPJIMR Mess,5,"Overall, og Place, cannot beat this quality",synthetic,Negative,0.3970410227775574,0.3520008027553558,0.2509581744670868,0.3970410227775574
03/15/2026 00:00:00,Harsh Goyal,BE,Cluckins,5,"Best chicken in the town, love it ngl",synthetic,Positive,0.9207804203033448,0.9207804203033448,0.048111505806446,0.0311081688851118
3/1/2026 15:21:54,Lalita Dhavale,TE,Amar Frankie,3,"hygiene wise its very bad, that guy literally has his mouth filled with tobacco",real,Negative,0.4052274525165558,0.3066363930702209,0.2881361246109009,0.4052274525165558
02/21/2026 00:00:00,Anjali Bansal,TE,College Canteen 3rd Floor,3,I think misal pav is good and fulfilling at least,synthetic,Positive,0.649407684803009,0.649407684803009,0.1945639550685882,0.1560284197330474
03/13/2026 00:00:00,Nikhil Das,BE,Juice Center,5,"fresh fruits, seasonal menu is always exciting",synthetic,Positive,0.93212628364563,0.93212628364563,0.0448761135339736,0.022997573018074
03/11/2026 00:00:00,Neha Saxena,SE,Juice Center,5,"Good cleanliness and quality, very professional tbh",synthetic,Positive,0.9321359395980836,0.9321359395980836,0.0425762273371219,0.0252878684550523
03/09/2026 00:00:00,Arjun Singh,SE,Manchurian Shop,5,"Overall, one of the better options near college for quick food",synthetic,Positive,0.9343993067741394,0.9343993067741394,0.0422879271209239,0.0233127102255821
03/13/2026 00:00:00,Suresh Pandey,SE,SPJIMR Mess,5,Strongly recommended for college students,synthetic,Positive,0.8956413269042969,0.8956413269042969,0.0671109333634376,0.0372477732598781
03/24/2026 00:00:00,Kriti Goel,SE,Vrindavan,5,"Perfect place for vegetarians, amazing variety tbh",synthetic,Positive,0.9392433762550354,0.9392433762550354,0.0385853424668312,0.0221712216734886
03/17/2026 00:00:00,Tina George,BE,Juice Center,2,contaminated water is a concern honestly,synthetic,Negative,0.4604400396347046,0.2937849164009094,0.2457749992609024,0.4604400396347046
03/06/2026 00:00:00,Gauri Menon,TE,College Canteen Ground Floor,3,"Standard campus canteen, nothing special!",synthetic,Negative,0.3814332187175751,0.3714390695095062,0.2471277117729187,0.3814332187175751
03/12/2026 00:00:00,Umesh Nayak,BE,Shawarma Shop,4,The shawarma here is worth every rupee,synthetic,Positive,0.8955875635147095,0.8955875635147095,0.0637426525354385,0.0406696982681751
02/21/2026 00:00:00,Priya Joshi,TE,Manchurian Shop,5,"I think flavourful food, one of the better stalls around campus",synthetic,Positive,0.9363555312156676,0.9363555312156676,0.0418467931449413,0.0217976849526166
03/11/2026 00:00:00,Rahul Mehta,TE,Amar Frankie,5,"Insane frankies, best snack near campus tbh",synthetic,Positive,0.9364209771156312,0.9364209771156312,0.0387345291674137,0.0248445086181163
03/02/2026 00:00:00,Rahul Mehta,TE,Cluckins,4,I think chicken is okay but pricing is slightly high,synthetic,Neutral,0.3423717021942138,0.3410686254501343,0.3423717021942138,0.3165596127510071
03/06/2026 00:00:00,Sonia Roy,BE,SPJIMR Mess,1,"Cockroaches in the kitchen, not clean at all ngl",synthetic,Negative,0.4900652170181274,0.2567404806613922,0.2531942725181579,0.4900652170181274
03/25/2026 00:00:00,Pankaj More,SE,Shawarma Shop,3,needs better hygiene practices for food safety,synthetic,Negative,0.4028382897377014,0.3806194365024566,0.2165422290563583,0.4028382897377014
2/26/2026 3:27:55,Kshitij,TE,College Canteen 3rd Floor,2,They can never replace you my dear ground floor,real,Positive,0.4030261039733886,0.4030261039733886,0.215892806649208,0.3810810446739197
02/25/2026 00:00:00,Nisha Kulkarni,SE,Cluckins,2,"Never been there, doesnt look inviting tbh",synthetic,Negative,0.5120363235473633,0.2606333792209625,0.2273302376270294,0.5120363235473633
03/03/2026 00:00:00,Anjali Bansal,BE,College Canteen Ground Floor,4,Most items arent healthy or energetic enough ngl,synthetic,Negative,0.4067904353141784,0.2804845571517944,0.3127250373363495,0.4067904353141784
03/09/2026 00:00:00,Vihaan Verma,SE,SPJIMR Mess,5,"Best overall, food quality and quantity both great!",synthetic,Positive,0.9358691573143004,0.9358691573143004,0.0375714190304279,0.0265594534575939
02/26/2026 00:00:00,Nikhil Das,SE,College Canteen 3rd Floor,2,Too expensive for what they offer!,synthetic,Negative,0.4926044344902038,0.300368458032608,0.2070271968841552,0.4926044344902038
03/02/2026 00:00:00,Nikhil Das,TE,Juice Center,3,"Overall, tasty but a bit expensive for students",synthetic,Positive,0.5914167761802673,0.5914167761802673,0.2021002918481826,0.2064829766750335
02/22/2026 00:00:00,Sahil Bajaj,TE,Manchurian Shop,1,"bad hygiene, water they use for cleaning looks dirty",synthetic,Negative,0.4714365601539612,0.2528437674045563,0.2757197320461273,0.4714365601539612
02/20/2026 00:00:00,Nisha Kulkarni,BE,Amar Frankie,5,The go to place for delicious frankie!,synthetic,Positive,0.9191995859146118,0.9191995859146118,0.0454420335590839,0.0353582948446273
3/1/2026 12:37:30,Hitesh Ghanchi,TE,Shawarma Shop,3,"As the name suggests there is no food for vegetarians, so can't comment much. But the place is always packed, so the food is ought to be tasty.",real,Positive,0.545620322227478,0.545620322227478,0.2174465656280517,0.2369330823421478
03/09/2026 00:00:00,Simran Kaur,SE,College Canteen Ground Floor,4,Food quality is good and pricing is student-friendly,synthetic,Positive,0.9254729151725768,0.9254729151725768,0.0492415055632591,0.0252855941653251
02/28/2026 00:00:00,Chetan Rawat,BE,Juice Center,1,"Flavor was too diluted, tastes like water",synthetic,Negative,0.4943116903305053,0.2509865164756775,0.2547017931938171,0.4943116903305053
02/20/2026 00:00:00,Diya Kumar,TE,Vrindavan,1,"Na, not impressed with this place at all",synthetic,Negative,0.4297245442867279,0.2892515957355499,0.2810238897800445,0.4297245442867279
03/20/2026 00:00:00,Divya Tiwari,SE,College Canteen Ground Floor,4,I think food quality is good and pricing is student-friendly,synthetic,Positive,0.9280465245246888,0.9280465245246888,0.0460896976292133,0.0258637554943561
03/03/2026 00:00:00,Sonia Roy,BE,Cluckins,2,"Na, not a good experience at all!",synthetic,Negative,0.4499508738517761,0.2826592326164245,0.2673898339271545,0.4499508738517761
02/20/2026 00:00:00,Ritika Mukherjee,BE,College Canteen Ground Floor,2,"worst canteen in campus, hygiene is terrible",synthetic,Negative,0.4999084770679474,0.3022862374782562,0.197805255651474,0.4999084770679474
03/25/2026 00:00:00,Pankaj More,BE,College Canteen 3rd Floor,2,Too expensive for what they offer.,synthetic,Negative,0.4909238219261169,0.2991603910923004,0.2099156975746154,0.4909238219261169
03/01/2026 00:00:00,Sneha Iyer,TE,Vrindavan,3,I like their dosa but rest is average tbh,synthetic,Negative,0.3597139716148376,0.3029477000236511,0.3373383581638336,0.3597139716148376
03/17/2026 00:00:00,Jayesh Pillai,SE,Cluckins,3,"The place smells strong, ambiance could be better tbh",synthetic,Positive,0.3791975975036621,0.3791975975036621,0.2769269943237304,0.3438753485679626
03/14/2026 00:00:00,Tina George,TE,College Canteen 3rd Floor,4,Nice but needs more cleanliness effort honestly,synthetic,Positive,0.3602024614810943,0.3602024614810943,0.3050470948219299,0.3347504436969757
2/26/2026 9:00:20,Jehan,TE,SPJIMR Mess,3,Tasty food and options,real,Positive,0.9112714529037476,0.9112714529037476,0.0591361634433269,0.0295924693346023
3/1/2026 15:21:54,Lalita Dhavale,TE,Cluckins,3,never been there but my friends have enjoyed it altho the menu is very limited,real,Negative,0.3505414724349975,0.3341021835803985,0.3153563439846039,0.3505414724349975
03/18/2026 00:00:00,Pooja Chauhan,SE,Vrindavan,2,"Na, not impressed with this place at all!",synthetic,Negative,0.4383962154388428,0.2808953821659088,0.2807084023952484,0.4383962154388428
2/26/2026 11:44:27,Samiksha,TE,Amar Frankie,4,Good overall,real,Positive,0.9125602841377258,0.9125602841377258,0.0579153448343277,0.0295244120061397
03/10/2026 00:00:00,Anjali Bansal,SE,College Canteen Ground Floor,3,Too much waiting and food quality is average tbh,synthetic,Negative,0.4435012638568878,0.2622501850128174,0.2942486405372619,0.4435012638568878
03/18/2026 00:00:00,Anjali Bansal,BE,Amar Frankie,4,Fast tasty frankie and reasonable pricing ngl,synthetic,Positive,0.931990087032318,0.931990087032318,0.0437571816146373,0.024252776056528
03/08/2026 00:00:00,Shreya Mishra,TE,Cluckins,2,"Na, not a good experience at all honestly",synthetic,Negative,0.4428409337997436,0.2726560533046722,0.2845030128955841,0.4428409337997436
2/26/2026 11:44:27,Samiksha,TE,Vrindavan,4,Food is good but not everything on the menu is available,real,Positive,0.4115124940872192,0.4115124940872192,0.3113762736320495,0.2771111726760864
03/15/2026 00:00:00,Meera Bhat,BE,College Canteen 3rd Floor,4,Good but most days items are not available honestly,synthetic,Negative,0.3676084280014038,0.3225442469120025,0.309847354888916,0.3676084280014038
03/11/2026 00:00:00,Tina George,SE,Shawarma Shop,4,The shawarma here is worth every rupee!,synthetic,Positive,0.8878704309463501,0.8878704309463501,0.0646355077624321,0.0474940463900566
03/17/2026 00:00:00,Faizan Khan,SE,Vrindavan,1,not everything on the menu is available always,synthetic,Negative,0.4304191768169403,0.2646138072013855,0.3049670457839966,0.4304191768169403
03/17/2026 00:00:00,Harsh Goyal,TE,Juice Center,5,A really great option for days when u dont know what to have,synthetic,Positive,0.8840999007225037,0.8840999007225037,0.0693182423710823,0.0465818680822849
03/23/2026 00:00:00,Aarav Sharma,BE,Cluckins,4,One of the best non-veg spots near campus!,synthetic,Positive,0.9253421425819396,0.9253421425819396,0.0433561503887176,0.0313017703592777
02/21/2026 00:00:00,Suresh Pandey,TE,Shawarma Shop,2,Needs better hygiene practices for food safety ngl,synthetic,Negative,0.4210268557071686,0.3558150231838226,0.2231581211090088,0.4210268557071686
03/13/2026 00:00:00,Anjali Bansal,BE,Cluckins,4,The chicken is fresh and well-cooked always,synthetic,Positive,0.926630675792694,0.926630675792694,0.0482330285012722,0.025136237964034
03/21/2026 00:00:00,Harsh Goyal,TE,College Canteen 3rd Floor,5,"I think sandwiches are the best here, must try!",synthetic,Positive,0.9066058397293092,0.9066058397293092,0.0587938651442527,0.0346002355217933
03/24/2026 00:00:00,Gaurav Patil,SE,Shawarma Shop,3,Needs better hygiene practices for food safety,synthetic,Negative,0.4028382897377014,0.3806194365024566,0.2165422290563583,0.4028382897377014
02/23/2026 00:00:00,Rohan Reddy,TE,Amar Frankie,5,"Great value for money, delicious frankies every time.",synthetic,Positive,0.9294596910476683,0.9294596910476683,0.0418929085135459,0.028647419065237
2/26/2026 10:55:39,Param,TE,Manchurian Shop,4,Good food,real,Positive,0.9209545850753784,0.9209545850753784,0.0537096075713634,0.0253358297049999
03/01/2026 00:00:00,Deepak Jain,SE,Cluckins,1,"Never been there, doesnt look inviting!",synthetic,Negative,0.5205036997795105,0.2577550411224365,0.2217412590980529,0.5205036997795105
03/21/2026 00:00:00,Sonia Roy,BE,College Canteen Ground Floor,3,"Not too much options, menu is limited!",synthetic,Negative,0.4846606850624084,0.2823275029659271,0.2330118119716644,0.4846606850624084
03/19/2026 00:00:00,Divya Tiwari,SE,College Canteen Ground Floor,4,"Chat centre is very good here, love the chaat ngl",synthetic,Positive,0.9234824776649476,0.9234824776649476,0.0512990280985832,0.025218516588211
02/22/2026 00:00:00,Pallavi Naik,TE,Cluckins,5,Great student offers and deals available.,synthetic,Positive,0.9239224791526794,0.9239224791526794,0.0484986566007137,0.0275788344442844
03/18/2026 00:00:00,Ojas Wagh,TE,Manchurian Shop,2,"Would not recommend, too many hygiene problems tbh",synthetic,Negative,0.4634265303611755,0.2781280875205993,0.2584454119205475,0.4634265303611755
03/23/2026 00:00:00,Neha Saxena,SE,Cluckins,5,good food and easy on the pocket for students,synthetic,Positive,0.9123433828353882,0.9123433828353882,0.0602660104632377,0.0273906607180833
03/10/2026 00:00:00,Ananya Patel,BE,Shawarma Shop,5,"Best non-veg option near college, tasty shawarma tbh",synthetic,Positive,0.9391549229621888,0.9391549229621888,0.0379083231091499,0.022936750203371
03/10/2026 00:00:00,Kavya Shah,SE,Cluckins,3,"Average food, menu needs more options",synthetic,Negative,0.4003387987613678,0.2947834432125091,0.304877758026123,0.4003387987613678
03/12/2026 00:00:00,Shreya Mishra,SE,Amar Frankie,2,"Overall, meh, nothing special about the frankies",synthetic,Negative,0.3801272213459015,0.3532711565494537,0.2666015923023224,0.3801272213459015
02/28/2026 00:00:00,Deepak Jain,TE,Vrindavan,1,I think not everything on the menu is available always,synthetic,Negative,0.4274438619613647,0.2829965949058532,0.2895595133304596,0.4274438619613647
03/06/2026 00:00:00,Tanvi Chopra,SE,College Canteen 3rd Floor,1,Too expensive for what they offer!,synthetic,Negative,0.4926044344902038,0.300368458032608,0.2070271968841552,0.4926044344902038
03/01/2026 00:00:00,Simran Kaur,TE,College Canteen 3rd Floor,4,"Nice canteen, comfortable seating area tbh",synthetic,Positive,0.9324594140052797,0.9324594140052797,0.0442011691629886,0.0233394466340541
02/27/2026 00:00:00,Vivek Yadav,TE,College Canteen Ground Floor,5,Need more items on the menu but overall good ngl,synthetic,Positive,0.8536027669906616,0.8536027669906616,0.1005452722311019,0.0458519607782363
03/13/2026 00:00:00,Riya Thakur,SE,Manchurian Shop,4,"Overall, very good taste, pricing is reasonable for students",synthetic,Positive,0.92279452085495,0.92279452085495,0.0500536486506462,0.0271518770605325
02/25/2026 00:00:00,Komal Rane,TE,College Canteen Ground Floor,3,Food is fine but hygiene needs to improve,synthetic,Negative,0.3753620088100433,0.2949677407741546,0.3296703100204468,0.3753620088100433
03/07/2026 00:00:00,Ojas Wagh,BE,Manchurian Shop,3,Decent enough but not my first choice tbh,synthetic,Negative,0.4294680953025818,0.2657333612442016,0.3047984540462494,0.4294680953025818
03/23/2026 00:00:00,Chetan Rawat,TE,College Canteen 3rd Floor,4,"Sandwiches are the best here, must try!!",synthetic,Positive,0.9200052618980408,0.9200052618980408,0.0503565818071365,0.0296382047235965
03/06/2026 00:00:00,Umesh Nayak,SE,SPJIMR Mess,5,Best canteen to ever exist on campus!,synthetic,Positive,0.905660092830658,0.905660092830658,0.0536228008568286,0.0407170392572879
02/21/2026 00:00:00,Pallavi Naik,SE,Manchurian Shop,5,"Good quality food, consistent taste every time ngl",synthetic,Positive,0.9311888217926024,0.9311888217926024,0.0420516580343246,0.0267595704644918
3/1/2026 12:45:09,Nidhi Patel,TE,Shawarma Shop,3,"The shawarma tastes good and is moderately satisfying. The flavors are balanced, and the portion size is fair for the price. However, the hygiene standards and service efficiency could be improved to make the experience more pleasant and reliable.",real,Positive,0.7715991735458374,0.7715991735458374,0.1314798444509506,0.0969209596514701
03/08/2026 00:00:00,Pallavi Naik,TE,SPJIMR Mess,5,Strongly recommended for college students.,synthetic,Positive,0.9044262766838074,0.9044262766838074,0.0612239763140678,0.0343497954308986
03/17/2026 00:00:00,Ritika Mukherjee,BE,Cluckins,4,"Overall, sometimes maybe good sometimes maybe not good",synthetic,Negative,0.3927956223487854,0.325269490480423,0.2819348871707916,0.3927956223487854
03/05/2026 00:00:00,Sakshi Bhatia,TE,College Canteen 3rd Floor,5,"Peaceful, quiet and airy space to sit and eat tbh",synthetic,Positive,0.9119009375572203,0.9119009375572203,0.0511124096810817,0.0369865857064724
03/19/2026 00:00:00,Deepak Jain,BE,Cluckins,1,"Too pricy for students, not affordable ngl",synthetic,Negative,0.4942383170127868,0.2842706143856048,0.2214910686016082,0.4942383170127868
03/16/2026 00:00:00,Diya Kumar,TE,College Canteen Ground Floor,5,Okay service but food is decent enough,synthetic,Positive,0.8227275013923645,0.8227275013923645,0.1249485462903976,0.0523239262402057
2/26/2026 16:24:12,Parth Gujarkar,TE,Cluckins,3,Sourcing of ingredients not trustworthy,real,Negative,0.4948210418224334,0.2686843574047088,0.2364945411682129,0.4948210418224334
03/15/2026 00:00:00,Vivek Yadav,BE,Vrindavan,2,Good quality but expensive for daily eating!,synthetic,Positive,0.6566957831382751,0.6566957831382751,0.1840389668941497,0.159265249967575
03/03/2026 00:00:00,Ritika Mukherjee,BE,Amar Frankie,5,"Yummy, tastier and healthier option for snacks.",synthetic,Positive,0.9238397479057312,0.9238397479057312,0.0520139820873737,0.0241462644189596
03/11/2026 00:00:00,Umesh Nayak,BE,Amar Frankie,4,Its a quick snack option but quality varies!,synthetic,Positive,0.5306717753410339,0.5306717753410339,0.2432249039411544,0.2261033803224563
03/11/2026 00:00:00,Kiran Srivastava,TE,Amar Frankie,3,"Meh, nothing special about the frankies honestly",synthetic,Negative,0.4066953957080841,0.2997123003005981,0.2935923337936401,0.4066953957080841
03/03/2026 00:00:00,Neha Saxena,TE,Amar Frankie,2,"Improve order accuracy, service is poor!",synthetic,Negative,0.4680618345737457,0.3157660365104675,0.2161721140146255,0.4680618345737457
03/21/2026 00:00:00,Jayesh Pillai,BE,Shawarma Shop,5,"I think shawarma can never go wrong here, always good",synthetic,Positive,0.90738445520401,0.90738445520401,0.0581468865275383,0.0344686210155487
02/23/2026 00:00:00,Sneha Iyer,SE,Shawarma Shop,5,"top quality shawarma, would recommend to everyone",synthetic,Positive,0.9220535159111024,0.9220535159111024,0.0496722236275672,0.0282742828130722
03/07/2026 00:00:00,Nisha Kulkarni,BE,Amar Frankie,2,"stale ingredients used sometimes, be careful",synthetic,Negative,0.4553219377994537,0.3032019734382629,0.2414761185646057,0.4553219377994537
03/23/2026 00:00:00,Sakshi Bhatia,SE,SPJIMR Mess,5,Strongly recommended for college students!,synthetic,Positive,0.9087775349617004,0.9087775349617004,0.0568087249994277,0.0344137549400329
03/01/2026 00:00:00,Himanshu Lakra,SE,College Canteen Ground Floor,3,"Cheap but unhygienic, needs improvement honestly",synthetic,Negative,0.4648410379886627,0.2766430377960205,0.258515864610672,0.4648410379886627
03/22/2026 00:00:00,Nisha Kulkarni,BE,Cluckins,3,I think chicken is okay but pricing is slightly high,synthetic,Neutral,0.3423717021942138,0.3410686254501343,0.3423717021942138,0.3165596127510071
03/14/2026 00:00:00,Ananya Patel,BE,Vrindavan,2,good taste but slightly expensive for students,synthetic,Positive,0.6022067666053772,0.6022067666053772,0.2101110517978668,0.1876821964979171
3/1/2026 16:09:16,Krishika Jalali,TE,SPJIMR Mess,4,"Food quality can be improved, add more green vegetables",real,Positive,0.7382448315620422,0.7382448315620422,0.1482062488794326,0.1135489046573638
03/02/2026 00:00:00,Sonia Roy,SE,College Canteen 3rd Floor,1,"No thank you, not going back there tbh",synthetic,Negative,0.4637719988822937,0.2602010369300842,0.2760269045829773,0.4637719988822937
03/19/2026 00:00:00,Vikram Rathod,TE,Amar Frankie,4,"I think yummy, tastier and healthier option for snacks",synthetic,Positive,0.92472505569458,0.92472505569458,0.0508027002215385,0.0244722757488489
03/07/2026 00:00:00,Tanvi Chopra,TE,Shawarma Shop,3,Decent crowd but hygiene could be improved ngl,synthetic,Negative,0.3574822843074798,0.3165960907936096,0.3259216547012329,0.3574822843074798
02/25/2026 00:00:00,Riya Thakur,TE,Juice Center,4,Healthiest and bestest juice place on campus,synthetic,Positive,0.9152697324752808,0.9152697324752808,0.0525756366550922,0.0321546606719493
03/20/2026 00:00:00,Tanvi Chopra,TE,Juice Center,5,"Even the packaging is solid, great presentation.",synthetic,Positive,0.9199299812316896,0.9199299812316896,0.0504569038748741,0.0296130869537591
03/23/2026 00:00:00,Ekta Bhardwaj,SE,SPJIMR Mess,5,"Goated food, best experience every time",synthetic,Positive,0.9347054958343506,0.9347054958343506,0.0379766374826431,0.027317926287651
02/23/2026 00:00:00,Pooja Chauhan,BE,Vrindavan,4,Good services but water glasses arent clean!,synthetic,Negative,0.4055651724338531,0.3399475812911987,0.2544872760772705,0.4055651724338531
03/04/2026 00:00:00,Meera Bhat,BE,College Canteen 3rd Floor,1,"No thank you, not going back there.",synthetic,Negative,0.4889690279960632,0.2668653130531311,0.2441655695438385,0.4889690279960632
03/23/2026 00:00:00,Komal Rane,BE,Cluckins,2,Expensive for what they serve honestly ngl,synthetic,Negative,0.4401822984218597,0.2838949263095855,0.2759227752685547,0.4401822984218597
03/19/2026 00:00:00,Vikram Rathod,SE,SPJIMR Mess,2,quality did not meet expectations sometimes,synthetic,Negative,0.4753828644752502,0.2722543776035309,0.2523626983165741,0.4753828644752502
03/12/2026 00:00:00,Rahul Mehta,SE,College Canteen 3rd Floor,3,nice but needs more cleanliness effort,synthetic,Positive,0.5254327654838562,0.5254327654838562,0.239787608385086,0.2347795963287353
03/24/2026 00:00:00,Priya Joshi,TE,Cluckins,4,Good food and easy on the pocket for students!,synthetic,Positive,0.9299944043159484,0.9299944043159484,0.0463919974863529,0.0236135646700859
03/06/2026 00:00:00,Sneha Iyer,BE,College Canteen Ground Floor,1,"The place is filthy, no gloves used by staff.",synthetic,Negative,0.4627780318260193,0.2845834493637085,0.2526385188102722,0.4627780318260193
02/23/2026 00:00:00,Simran Kaur,SE,Amar Frankie,4,"Freshly made hot frankies, always delicious!",synthetic,Positive,0.9291394352912904,0.9291394352912904,0.0413837954401969,0.0294768251478672
02/25/2026 00:00:00,Ananya Patel,TE,Shawarma Shop,3,Food is okay but the open stall feels unhygienic,synthetic,Negative,0.4121160805225372,0.2645422518253326,0.3233417272567749,0.4121160805225372
03/09/2026 00:00:00,Ritika Mukherjee,BE,Juice Center,1,They dilute the juice too much with water ngl,synthetic,Negative,0.4617088437080383,0.2747594714164734,0.2635316848754883,0.4617088437080383
02/28/2026 00:00:00,Sahil Bajaj,TE,SPJIMR Mess,2,"I think bad food quality, not worth the price",synthetic,Negative,0.4555941820144653,0.2696533501148224,0.2747524082660675,0.4555941820144653
03/11/2026 00:00:00,Kiran Srivastava,SE,College Canteen Ground Floor,2,"The place is filthy, no gloves used by staff honestly",synthetic,Negative,0.471219390630722,0.2827364802360534,0.2460441291332245,0.471219390630722
03/02/2026 00:00:00,Aarav Sharma,SE,Vrindavan,5,Very good vegetarian food with lots of options tbh,synthetic,Positive,0.9291076064109802,0.9291076064109802,0.0486555062234401,0.0222367830574512
03/13/2026 00:00:00,Pankaj More,BE,Manchurian Shop,2,dirty utensils and unhygienic food preparation,synthetic,Negative,0.4972444772720337,0.2765755355358124,0.2261798977851867,0.4972444772720337
03/12/2026 00:00:00,Ekta Bhardwaj,BE,College Canteen Ground Floor,4,"Overall, the ground floor canteen is nice overall",synthetic,Positive,0.9316164255142212,0.9316164255142212,0.0446290858089923,0.023754546418786
3/1/2026 15:21:54,Lalita Dhavale,TE,SPJIMR Mess,4,quite a lot of variety wholesome meals with reasonable prices.,real,Positive,0.933943510055542,0.933943510055542,0.0407261922955513,0.0253302082419395
02/25/2026 00:00:00,Kabir Desai,BE,Vrindavan,5,"amazing food and great service, love it!",synthetic,Positive,0.9340656399726868,0.9340656399726868,0.0408278703689575,0.0251064486801624
03/07/2026 00:00:00,Divya Tiwari,SE,Manchurian Shop,5,the food is tasty and portions are decent for the price,synthetic,Positive,0.8766299486160278,0.8766299486160278,0.0811209753155708,0.0422490611672401
03/18/2026 00:00:00,Rashmi Sawant,TE,College Canteen 3rd Floor,5,"Good food, homely, very good overall!",synthetic,Positive,0.9385406970977784,0.9385406970977784,0.0384835116565227,0.0229758024215698
3/1/2026 12:49:03,Rehan Ansari,TE,Amar Frankie,3,"Gives hot food in plastic, like bro want to kill me",real,Negative,0.400175929069519,0.3876868784427643,0.2121371179819107,0.400175929069519
02/21/2026 00:00:00,Nikhil Das,BE,Shawarma Shop,5,"Top quality shawarma, would recommend to everyone ngl",synthetic,Positive,0.9273229837417604,0.9273229837417604,0.0457269102334976,0.0269501041620969
03/16/2026 00:00:00,Amit Agarwal,BE,Vrindavan,4,"Really good, pocket friendly and great food tbh",synthetic,Positive,0.9335158467292786,0.9335158467292786,0.0449200570583343,0.021564170718193
03/25/2026 00:00:00,Komal Rane,BE,SPJIMR Mess,3,Expensive but good quality food overall,synthetic,Positive,0.6991458535194397,0.6991458535194397,0.1686242222785949,0.1322298943996429
3/1/2026 12:37:32,Arushi Jain,TE,Shawarma Shop,2,"Very small shop, roadside, unhygienic, no veg options",real,Negative,0.4634076356887817,0.2666260600090027,0.2699662744998932,0.4634076356887817
03/18/2026 00:00:00,Simran Kaur,SE,College Canteen Ground Floor,3,Food is fine but hygiene needs to improve ngl,synthetic,Negative,0.361900269985199,0.3045406937599182,0.3335590362548828,0.361900269985199
03/24/2026 00:00:00,Simran Kaur,SE,College Canteen 3rd Floor,3,I think standard 3rd floor canteen experience,synthetic,Positive,0.4624987542629242,0.4624987542629242,0.2642653584480285,0.273235946893692
2/26/2026 10:49:29,Madhura Lolayekar,TE,Cluckins,3,Service is slow,real,Negative,0.4411577880382538,0.2809261381626129,0.2779161334037781,0.4411577880382538
03/02/2026 00:00:00,Faizan Khan,TE,Shawarma Shop,3,"Overall, food is okay but the open stall feels unhygienic",synthetic,Negative,0.3888371884822845,0.2962306141853332,0.3149321675300598,0.3888371884822845
03/25/2026 00:00:00,Rahul Mehta,TE,College Canteen 3rd Floor,3,Good but most days items are not available.,synthetic,Negative,0.3422383368015289,0.3411475718021393,0.3166140615940094,0.3422383368015289
03/09/2026 00:00:00,Diya Kumar,TE,Vrindavan,5,i love their service and food quality both,synthetic,Positive,0.9091290235519408,0.9091290235519408,0.0568372420966625,0.0340337678790092
03/02/2026 00:00:00,Vikram Rathod,TE,College Canteen 3rd Floor,2,Standard 3rd floor canteen experience ngl,synthetic,Positive,0.73763108253479,0.73763108253479,0.1348563283681869,0.1275125294923782
02/24/2026 00:00:00,Vikram Rathod,SE,Manchurian Shop,5,"good food at reasonable prices, students can afford it",synthetic,Positive,0.9308196306228638,0.9308196306228638,0.0422388650476932,0.026941580697894
02/26/2026 00:00:00,Pooja Chauhan,TE,Shawarma Shop,5,"I think really good shawarma, perfectly spiced and filling",synthetic,Positive,0.9408700466156006,0.9408700466156006,0.0378154441714286,0.021314525976777
03/12/2026 00:00:00,Nikhil Das,SE,Cluckins,5,"Best chicken in the town, love it!!",synthetic,Positive,0.9138566255569458,0.9138566255569458,0.0510096810758113,0.0351336449384689
02/24/2026 00:00:00,Diya Kumar,SE,Cluckins,5,"best chicken in the town, love it!",synthetic,Positive,0.9158951044082642,0.9158951044082642,0.0497253090143203,0.0343796201050281
02/27/2026 00:00:00,Shreya Mishra,BE,College Canteen 3rd Floor,2,I think menu needs major improvement honestly,synthetic,Negative,0.3960765302181244,0.3332918882369995,0.2706315517425537,0.3960765302181244
03/05/2026 00:00:00,Himanshu Lakra,TE,College Canteen 3rd Floor,2,not worth climbing 3 floors for this food,synthetic,Negative,0.4449629187583923,0.2706634104251861,0.2843736708164215,0.4449629187583923
03/10/2026 00:00:00,Sakshi Bhatia,BE,College Canteen Ground Floor,3,I think too crowded during lunch hours always,synthetic,Negative,0.4760741293430328,0.2777528166770935,0.2461730986833572,0.4760741293430328
03/14/2026 00:00:00,Raj Kapoor,BE,SPJIMR Mess,5,raises your standards when you eat here,synthetic,Positive,0.8646321296691895,0.8646321296691895,0.0768086090683937,0.0585593394935131
02/26/2026 00:00:00,Vivek Yadav,SE,Amar Frankie,4,"The Frankie is okayish, scope for improvement",synthetic,Positive,0.4715667366981506,0.4715667366981506,0.2241598218679428,0.3042735159397125
2/26/2026 12:31:38,Shreya Mahajan,TE,Shawarma Shop,5,Shawarma is my life,real,Positive,0.8312510251998901,0.8312510251998901,0.0887222811579704,0.0800267085433006
03/11/2026 00:00:00,Aarav Sharma,TE,College Canteen Ground Floor,5,I think good enough for daily campus meals,synthetic,Positive,0.8725886344909668,0.8725886344909668,0.0752621889114379,0.0521492362022399
03/14/2026 00:00:00,Aditya Nair,SE,Amar Frankie,5,"Freshly made hot frankies, always delicious!",synthetic,Positive,0.9291394352912904,0.9291394352912904,0.0413837954401969,0.0294768251478672
03/01/2026 00:00:00,Sahil Bajaj,TE,Shawarma Shop,4,"Overall, always packed for a reason, the food is great",synthetic,Positive,0.9157070517539978,0.9157070517539978,0.0531270578503608,0.0311659704893827
03/22/2026 00:00:00,Manya Hegde,TE,Shawarma Shop,5,"Shawarma can never go wrong here, always good tbh",synthetic,Positive,0.924648106098175,0.924648106098175,0.0471966415643692,0.0281552821397781
2/26/2026 11:06:25,Divit Gupta,TE,Manchurian Shop,4,Decent cleanliness,real,Positive,0.8908699750900269,0.8908699750900269,0.0686902105808258,0.0404398366808891
02/20/2026 00:00:00,Akash Sinha,SE,College Canteen Ground Floor,3,Can have more food items and better variety.,synthetic,Positive,0.7916565537452698,0.7916565537452698,0.1425088047981262,0.0658346787095069
03/05/2026 00:00:00,Siddharth Malhotra,TE,SPJIMR Mess,4,the food is hygienic and meals are well-balanced,synthetic,Positive,0.9220346808433532,0.9220346808433532,0.0532102473080158,0.0247550588101148
03/22/2026 00:00:00,Rahul Mehta,SE,Manchurian Shop,5,Bhaji pav and manchurian both are really tasty,synthetic,Positive,0.9239055514335632,0.9239055514335632,0.0504396930336952,0.0256546698510646
03/10/2026 00:00:00,Manish Khanna,SE,Cluckins,4,"Nice place, proper shop with good ambiance.",synthetic,Positive,0.927416980266571,0.927416980266571,0.0488736294209957,0.0237094089388847
03/15/2026 00:00:00,Chetan Rawat,BE,SPJIMR Mess,4,"Overall, og Place, cannot beat this quality",synthetic,Negative,0.3970410227775574,0.3520008027553558,0.2509581744670868,0.3970410227775574
2/26/2026 11:06:25,Divit Gupta,TE,Juice Center,5,"Good variety, fresh juice",real,Positive,0.9387701749801636,0.9387701749801636,0.0395509302616119,0.0216789506375789
03/09/2026 00:00:00,Varun Karnik,BE,SPJIMR Mess,5,I think the food is hygienic and meals are well-balanced,synthetic,Positive,0.9068376421928406,0.9068376421928406,0.06188440695405,0.0312780439853668
03/09/2026 00:00:00,Komal Rane,BE,Manchurian Shop,5,one of the better options near college for quick food,synthetic,Positive,0.926588237285614,0.926588237285614,0.0486536286771297,0.024758132174611
2/26/2026 0:02:13,Advait,TE,College Canteen 3rd Floor,1,No thank you,real,Negative,0.4190461635589599,0.335679292678833,0.245274469256401,0.4190461635589599
03/12/2026 00:00:00,Pooja Chauhan,TE,Amar Frankie,4,They have a lot of different frankie options to choose from honestly,synthetic,Positive,0.7883052825927734,0.7883052825927734,0.1125548556447029,0.099139891564846
03/17/2026 00:00:00,Umesh Nayak,SE,Amar Frankie,5,"Insane frankies, best snack near campus.",synthetic,Positive,0.9358752369880676,0.9358752369880676,0.0395209938287735,0.0246038101613521
03/01/2026 00:00:00,Neha Saxena,BE,College Canteen Ground Floor,4,Good variety of food options available honestly,synthetic,Positive,0.932930827140808,0.932930827140808,0.0449654534459114,0.0221036355942487
03/01/2026 00:00:00,Bhavna Dubey,TE,SPJIMR Mess,1,"they dont wear gloves, very unhygienic",synthetic,Negative,0.499940812587738,0.2790005207061767,0.2210586667060852,0.499940812587738
02/23/2026 00:00:00,Sneha Iyer,SE,Manchurian Shop,4,decent enough but not my first choice,synthetic,Negative,0.4360270202159881,0.255795270204544,0.308177649974823,0.4360270202159881
02/26/2026 00:00:00,Simran Kaur,TE,Manchurian Shop,1,"I think hygiene issues are serious, not clean at all",synthetic,Negative,0.4195043444633484,0.2839004397392273,0.2965951859951019,0.4195043444633484
03/17/2026 00:00:00,Meera Bhat,SE,Vrindavan,3,Good quality but expensive for daily eating.,synthetic,Positive,0.6522664427757263,0.6522664427757263,0.2012065798044204,0.1465270072221756
3/1/2026 16:09:16,Krishika Jalali,TE,Vrindavan,5,Pricy but worth it.,real,Positive,0.7035831212997437,0.7035831212997437,0.154388889670372,0.1420279443264007
02/23/2026 00:00:00,Deepak Jain,SE,College Canteen 3rd Floor,1,"No thank you, not going back there ngl",synthetic,Negative,0.4485159516334533,0.2810483276844024,0.2704357802867889,0.4485159516334533
03/16/2026 00:00:00,Kiran Srivastava,BE,Vrindavan,2,I think not everything on the menu is available always,synthetic,Negative,0.4274438619613647,0.2829965949058532,0.2895595133304596,0.4274438619613647
02/27/2026 00:00:00,Gauri Menon,TE,College Canteen Ground Floor,3,too crowded during lunch hours always,synthetic,Negative,0.5113519430160522,0.2782345116138458,0.2104135751724243,0.5113519430160522
02/28/2026 00:00:00,Kavya Shah,BE,College Canteen Ground Floor,2,"I think cockroaches were in the coffee, never going again",synthetic,Negative,0.4458986818790436,0.2908789217472076,0.2632224559783935,0.4458986818790436
03/22/2026 00:00:00,Akash Sinha,BE,College Canteen 3rd Floor,4,"Good food, homely, very good overall.",synthetic,Positive,0.9359870553016664,0.9359870553016664,0.0413117930293083,0.0227012056857347
03/18/2026 00:00:00,Isha Dixit,SE,College Canteen Ground Floor,5,Cost-effective meals for daily eating!,synthetic,Positive,0.9203729033470154,0.9203729033470154,0.0477030053734779,0.0319241434335708
03/11/2026 00:00:00,Nisha Kulkarni,SE,SPJIMR Mess,5,"Og Place, cannot beat this quality.",synthetic,Negative,0.4864964187145233,0.2861826121807098,0.2273209989070892,0.4864964187145233
03/01/2026 00:00:00,Priya Joshi,SE,Cluckins,4,Really tasty with good portion sizes,synthetic,Positive,0.9006596803665161,0.9006596803665161,0.0682840645313263,0.0310563314706087
03/17/2026 00:00:00,Simran Kaur,SE,Cluckins,1,"Too pricy for students, not affordable",synthetic,Negative,0.4617102742195129,0.263427197933197,0.2748625576496124,0.4617102742195129
02/28/2026 00:00:00,Gauri Menon,BE,Vrindavan,5,"I think a really good place for vegetarians, great variety",synthetic,Positive,0.9335924983024596,0.9335924983024596,0.0446128211915493,0.0217945482581853
03/13/2026 00:00:00,Siddharth Malhotra,TE,Cluckins,4,"Overall, the chicken is fresh and well-cooked always",synthetic,Positive,0.9267146587371826,0.9267146587371826,0.0484249591827392,0.024860393255949
03/21/2026 00:00:00,Kriti Goel,SE,SPJIMR Mess,3,"I think average quality, could be much better",synthetic,Negative,0.4027638733386993,0.3004930913448334,0.296743094921112,0.4027638733386993
03/19/2026 00:00:00,Nikhil Das,SE,Manchurian Shop,5,One of the better options near college for quick food!,synthetic,Positive,0.92765611410141,0.92765611410141,0.0465406328439712,0.0258032288402318
03/13/2026 00:00:00,Amit Agarwal,BE,Manchurian Shop,3,"Okayish, mix veg and non veg utensils is an issue ngl",synthetic,Negative,0.3950785100460052,0.3098297715187073,0.2950917184352875,0.3950785100460052
03/08/2026 00:00:00,Naveen Deshpande,TE,Amar Frankie,5,"Insane frankies, best snack near campus ngl",synthetic,Positive,0.931062638759613,0.931062638759613,0.0413821376860141,0.0275552757084369
03/15/2026 00:00:00,Faizan Khan,SE,Cluckins,4,One of the best non-veg spots near campus ngl,synthetic,Positive,0.9255369901657104,0.9255369901657104,0.0451028198003768,0.029360206797719
03/17/2026 00:00:00,Shreya Mishra,BE,Juice Center,4,Cold coffee supremacy! Best drinks on campus.,synthetic,Positive,0.9301970601081848,0.9301970601081848,0.0411837883293628,0.0286192186176776
03/05/2026 00:00:00,Simran Kaur,SE,College Canteen Ground Floor,4,the ground floor canteen is nice overall,synthetic,Positive,0.9184215664863586,0.9184215664863586,0.0556634329259395,0.025915103033185
2/27/2026 8:32:29,Siddh Jain,TE,College Canteen 3rd Floor,4,"Sandwich dude is pretty nice, ice creams are not in stock usually, regardless, nice canteen.",real,Positive,0.7979367971420288,0.7979367971420288,0.1179568544030189,0.0841064527630806
03/20/2026 00:00:00,Tanvi Chopra,TE,Cluckins,2,"never been there, doesnt look inviting",synthetic,Negative,0.5184849500656128,0.2591736316680908,0.2223414182662964,0.5184849500656128
03/10/2026 00:00:00,Pankaj More,TE,Vrindavan,5,"Amazing food and great service, love it!",synthetic,Positive,0.9340656399726868,0.9340656399726868,0.0408278703689575,0.0251064486801624
2/26/2026 11:06:25,Divit Gupta,TE,College Canteen Ground Floor,4,"Would like more variety, quantity runs out frequently",real,Negative,0.4404661059379577,0.2820316851139068,0.2775022685527801,0.4404661059379577
03/04/2026 00:00:00,Kiran Srivastava,TE,College Canteen Ground Floor,2,It lacked flavour and freshness completely!,synthetic,Negative,0.4706355333328247,0.3174382150173187,0.2119262814521789,0.4706355333328247
03/20/2026 00:00:00,Sonia Roy,SE,Vrindavan,4,"a really good place for vegetarians, great variety",synthetic,Positive,0.9330203533172609,0.9330203533172609,0.0438058748841285,0.0231738202273845
02/20/2026 00:00:00,Raj Kapoor,TE,Manchurian Shop,2,"Hygiene issues are serious, not clean at all!",synthetic,Negative,0.4792861342430115,0.2724448144435882,0.2482690215110778,0.4792861342430115
02/24/2026 00:00:00,Shreya Mishra,BE,Vrindavan,5,"I think go to place, sizzling brownie has my heart",synthetic,Positive,0.9199202060699464,0.9199202060699464,0.0497484840452671,0.0303312707692384
2/26/2026 10:49:29,Madhura Lolayekar,TE,Manchurian Shop,3,It was good just hygiene issues,real,Negative,0.3895169496536255,0.2921849191188812,0.318298190832138,0.3895169496536255
03/18/2026 00:00:00,Nisha Kulkarni,TE,Vrindavan,3,"Overall, dost idhar le aate but pet nahi bharta fully",synthetic,Positive,0.6167088150978088,0.6167088150978088,0.1884241551160812,0.1948671042919159
03/10/2026 00:00:00,Tina George,TE,Shawarma Shop,3,not bad but cleanliness is a concern,synthetic,Negative,0.3669518828392029,0.317227303981781,0.3158207833766937,0.3669518828392029
03/01/2026 00:00:00,Kabir Desai,BE,Shawarma Shop,2,"Dust from road gets into the food, gross honestly",synthetic,Negative,0.4958425164222717,0.2382712513208389,0.2658862471580505,0.4958425164222717
3/1/2026 12:42:41,Rasika Tukaram Mane,TE,College Canteen Ground Floor,2,Needs cleanliness maintenance food quality not so good also price is ok but smells really awful of the area and gloves needed for staff,real,Negative,0.3920768201351166,0.2936279475688934,0.3142952620983124,0.3920768201351166
2/26/2026 11:53:39,Vedika Pardeshi,TE,College Canteen Ground Floor,4,Okay service,real,Positive,0.6445398926734924,0.6445398926734924,0.1587712913751602,0.1966888606548309
03/18/2026 00:00:00,Ekta Bhardwaj,BE,College Canteen 3rd Floor,3,Good but most days items are not available tbh,synthetic,Positive,0.3815326690673828,0.3815326690673828,0.3182719647884369,0.3001953065395355
02/21/2026 00:00:00,Raj Kapoor,SE,Cluckins,1,"Average at best, Bombay burgers is better honestly",synthetic,Positive,0.3944340050220489,0.3944340050220489,0.2884327471256256,0.3171332776546478
03/14/2026 00:00:00,Amit Agarwal,SE,Juice Center,3,"I think average juice, could have more variety",synthetic,Negative,0.369963139295578,0.3493900597095489,0.2806468307971954,0.369963139295578
2/27/2026 8:32:29,Siddh Jain,TE,Juice Center,5,"Choco, Oreo, chocolate strawberry, lotus biscoff, really change the trajectory of a bad day. 10/10 would recommend!",real,Positive,0.9317231178283693,0.9317231178283693,0.0412060879170894,0.0270708091557025
02/21/2026 00:00:00,Gaurav Patil,BE,Vrindavan,5,Very good vegetarian food with lots of options!,synthetic,Positive,0.9333717823028564,0.9333717823028564,0.0441264398396015,0.0225017741322517
03/17/2026 00:00:00,Vihaan Verma,BE,Shawarma Shop,2,Not bad but cleanliness is a concern tbh,synthetic,Negative,0.406080424785614,0.2919831871986389,0.301936388015747,0.406080424785614
02/23/2026 00:00:00,Ishaan Gupta,TE,College Canteen 3rd Floor,3,"Average food quality, pricing is okay tbh",synthetic,Negative,0.4153584837913513,0.2818168401718139,0.3028247356414795,0.4153584837913513
2/26/2026 7:05:52,Bhavik Bhatia,TE,Manchurian Shop,3,Good,real,Positive,0.912220060825348,0.912220060825348,0.0546148903667926,0.0331650711596012
02/28/2026 00:00:00,Deepak Jain,BE,Manchurian Shop,2,"Not so hygienic, but food is edible.",synthetic,Negative,0.3610721230506897,0.3394134044647217,0.2995144426822662,0.3610721230506897
03/13/2026 00:00:00,Manish Khanna,BE,College Canteen Ground Floor,3,Too much waiting and food quality is average tbh,synthetic,Negative,0.4435012638568878,0.2622501850128174,0.2942486405372619,0.4435012638568878
3/1/2026 16:09:16,Krishika Jalali,TE,College Canteen 3rd Floor,4,Needs more cleanliness,real,Negative,0.4260304570198059,0.3256118893623352,0.2483575791120529,0.4260304570198059
03/20/2026 00:00:00,Amit Agarwal,SE,College Canteen 3rd Floor,3,I dont think they use fresh veggies always.,synthetic,Negative,0.3723008930683136,0.3707349896430969,0.2569640576839447,0.3723008930683136
03/14/2026 00:00:00,Vikram Rathod,TE,Manchurian Shop,3,Taste is okay but hygiene could be much better,synthetic,Negative,0.3705552816390991,0.2934093773365021,0.3360354304313659,0.3705552816390991
03/07/2026 00:00:00,Faizan Khan,BE,College Canteen 3rd Floor,4,"Nice canteen, comfortable seating area",synthetic,Positive,0.9280261993408204,0.9280261993408204,0.0474791973829269,0.0244945287704467
03/07/2026 00:00:00,Sneha Iyer,SE,Juice Center,5,Healthiest and bestest juice place on campus.,synthetic,Positive,0.91880202293396,0.91880202293396,0.0498010665178298,0.0313969179987907
03/17/2026 00:00:00,Harsh Goyal,TE,Shawarma Shop,1,"find it very unhygienic, will not eat here",synthetic,Negative,0.4957596361637115,0.2908689081668854,0.2133715003728866,0.4957596361637115
2/26/2026 7:25:39,Harsh Bhatt,TE,Cluckins,2,Sauggy,real,Negative,0.4021440744400024,0.3542056381702423,0.2436502873897552,0.4021440744400024
03/06/2026 00:00:00,Gaurav Patil,TE,Juice Center,5,"Fresh fruits, seasonal menu is always exciting",synthetic,Positive,0.93212628364563,0.93212628364563,0.0448761135339736,0.022997573018074
03/25/2026 00:00:00,Gauri Menon,TE,Amar Frankie,4,"I think tasty but spicy, love the frankie options here",synthetic,Positive,0.931416928768158,0.931416928768158,0.045122280716896,0.0234608799219131
03/08/2026 00:00:00,Bhavna Dubey,SE,Vrindavan,3,Food is good but menu doesnt change much.,synthetic,Negative,0.3968356251716614,0.2716233730316162,0.3315409719944,0.3968356251716614
3/1/2026 12:37:32,Arushi Jain,TE,SPJIMR Mess,4,"Different from other canteens, mini pizza and brownie are too yum, nice crowd",real,Positive,0.8833742737770081,0.8833742737770081,0.0675368085503578,0.0490889362990856
03/04/2026 00:00:00,Kabir Desai,SE,Cluckins,5,Very nice presentation and taste overall tbh,synthetic,Positive,0.9221751689910888,0.9221751689910888,0.0526418089866638,0.0251830015331506
02/23/2026 00:00:00,Rashmi Sawant,SE,Manchurian Shop,4,"good food at reasonable prices, students can afford it",synthetic,Positive,0.9308196306228638,0.9308196306228638,0.0422388650476932,0.026941580697894
03/19/2026 00:00:00,Priya Joshi,TE,Shawarma Shop,5,"Shawarma is my life, love this place honestly",synthetic,Positive,0.9244335889816284,0.9244335889816284,0.0456750094890594,0.029891338199377
02/20/2026 00:00:00,Priya Joshi,BE,Cluckins,5,I think one of the best non-veg spots near campus,synthetic,Positive,0.9161860942840576,0.9161860942840576,0.0526211708784103,0.0311927292495965
02/23/2026 00:00:00,Chetan Rawat,BE,Amar Frankie,4,"Insane frankies, best snack near campus.",synthetic,Positive,0.9358752369880676,0.9358752369880676,0.0395209938287735,0.0246038101613521
03/24/2026 00:00:00,Aditya Nair,SE,Juice Center,1,"It tastes like water, overpriced for bland juice",synthetic,Negative,0.4839116334915161,0.2608186900615692,0.2552696764469147,0.4839116334915161
03/25/2026 00:00:00,Vihaan Verma,TE,College Canteen Ground Floor,4,The ground floor canteen is nice overall,synthetic,Positive,0.9184215664863586,0.9184215664863586,0.0556634329259395,0.025915103033185
03/06/2026 00:00:00,Sonia Roy,SE,Manchurian Shop,4,The food is tasty and portions are decent for the price ngl,synthetic,Positive,0.8940949440002441,0.8940949440002441,0.072748988866806,0.0331560932099819
03/03/2026 00:00:00,Vikram Rathod,TE,Shawarma Shop,3,"Overall, taste is good but sourcing of ingredients is dubious",synthetic,Negative,0.3367867171764374,0.3302056491374969,0.3330076336860657,0.3367867171764374
2/26/2026 16:24:12,Parth Gujarkar,TE,Juice Center,4,"Healthy and fresh, but quality of ingredients a concern",real,Positive,0.3960912823677063,0.3960912823677063,0.2693328559398651,0.334575891494751
03/24/2026 00:00:00,Rohan Reddy,BE,Cluckins,2,"Overall, decent but nothing special about the food",synthetic,Negative,0.3921448886394501,0.3089072704315185,0.2989478409290313,0.3921448886394501
03/12/2026 00:00:00,Varun Karnik,TE,Manchurian Shop,4,The food is tasty and portions are decent for the price ngl,synthetic,Positive,0.8940949440002441,0.8940949440002441,0.072748988866806,0.0331560932099819
2/26/2026 11:06:25,Divit Gupta,TE,Amar Frankie,5,"Follows norms and regulations, good food",real,Positive,0.9022415280342102,0.9022415280342102,0.062487993389368,0.035270482301712
2/26/2026 10:47:42,Kriya Mehta,TE,Juice Center,5,always gets fresh juice,real,Positive,0.8012673258781433,0.8012673258781433,0.1065056100487709,0.0922270342707634
03/20/2026 00:00:00,Umesh Nayak,TE,Manchurian Shop,1,"Bad hygiene, water they use for cleaning looks dirty ngl",synthetic,Negative,0.4602303802967071,0.2669188678264618,0.272850751876831,0.4602303802967071
2/26/2026 18:35:04,Apurva A Khangal,TE,Amar Frankie,3,"The Frankie is okayish. The taste is decent and portion size is average. It is a quick and convenient snack option, but there is scope for improvement in overall flavor and presentation.",real,Positive,0.582615315914154,0.582615315914154,0.2300474345684051,0.1873371601104736
03/07/2026 00:00:00,Arjun Singh,SE,Cluckins,4,"Average food, menu needs more options",synthetic,Negative,0.4003387987613678,0.2947834432125091,0.304877758026123,0.4003387987613678
03/09/2026 00:00:00,Chetan Rawat,BE,College Canteen Ground Floor,5,"Overall, like it, decent food at student-friendly prices",synthetic,Positive,0.9341999292373656,0.9341999292373656,0.037911269813776,0.0278887394815683
03/12/2026 00:00:00,Sakshi Bhatia,BE,College Canteen 3rd Floor,3,Nice but needs more cleanliness effort.,synthetic,Positive,0.3978231251239776,0.3978231251239776,0.3018632531166076,0.3003136813640594
02/27/2026 00:00:00,Naveen Deshpande,SE,SPJIMR Mess,3,Tasty food and good options available.,synthetic,Positive,0.9139960408210754,0.9139960408210754,0.0590030588209629,0.0270008705556392
03/10/2026 00:00:00,Gauri Menon,TE,Cluckins,2,Expensive for what they serve honestly honestly,synthetic,Negative,0.4743636548519134,0.2964306771755218,0.2292056679725647,0.4743636548519134
03/19/2026 00:00:00,Nisha Kulkarni,BE,SPJIMR Mess,4,"Overall, fast clean and tasty, the holy trinity",synthetic,Positive,0.935104250907898,0.935104250907898,0.0405938848853111,0.0243018213659524
02/25/2026 00:00:00,Ritika Mukherjee,TE,Shawarma Shop,5,"Shawarma can never go wrong here, always good!",synthetic,Positive,0.9178776741027832,0.9178776741027832,0.0493945032358169,0.0327278710901737
03/02/2026 00:00:00,Sneha Iyer,BE,Vrindavan,4,"Overall, cleanliness and service are impressive here",synthetic,Positive,0.8944602012634277,0.8944602012634277,0.0630742609500885,0.042465578764677
2/27/2026 8:32:29,Siddh Jain,TE,Vrindavan,4,"Most trustable place in terms of quality, great taste, dependable when with large groups, service is a bit slow though.",real,Positive,0.6568199396133423,0.6568199396133423,0.180742010474205,0.1624379903078079
03/22/2026 00:00:00,Varun Karnik,BE,Cluckins,3,"Service is very slow, needs improvement!",synthetic,Negative,0.4825818240642547,0.2812661528587341,0.2361520230770111,0.4825818240642547
03/19/2026 00:00:00,Kavya Shah,SE,SPJIMR Mess,4,"Overall, good for daily meals, basic but decent",synthetic,Positive,0.7456759810447693,0.7456759810447693,0.1517214477062225,0.1026025861501693
02/25/2026 00:00:00,Harsh Goyal,BE,Amar Frankie,3,Spicy but okayish overall quality!,synthetic,Positive,0.7122644782066345,0.7122644782066345,0.1461362987756729,0.1415992379188537
03/07/2026 00:00:00,Kriti Goel,TE,Juice Center,4,Love the Ganga Jamuna Saraswati drink,synthetic,Positive,0.9242327213287354,0.9242327213287354,0.0464430786669254,0.0293242074549198
03/19/2026 00:00:00,Faizan Khan,SE,College Canteen 3rd Floor,1,too expensive for what they offer,synthetic,Negative,0.4736063182353973,0.2740141153335571,0.2523794770240783,0.4736063182353973
02/24/2026 00:00:00,Ojas Wagh,BE,Shawarma Shop,4,"Shawarma can never go wrong here, always good.",synthetic,Positive,0.9195203185081482,0.9195203185081482,0.0489318780601024,0.031547874212265
03/19/2026 00:00:00,Amit Agarwal,TE,Manchurian Shop,5,"solid food, bhaji pav is especially good here",synthetic,Positive,0.9110618829727172,0.9110618829727172,0.0627523213624954,0.0261857658624649
02/26/2026 00:00:00,Gaurav Patil,BE,College Canteen Ground Floor,4,Most items arent healthy or energetic enough,synthetic,Negative,0.4317150712013244,0.2582341730594635,0.3100507855415344,0.4317150712013244
03/12/2026 00:00:00,Sonia Roy,SE,Vrindavan,4,"Vegetarian food only, need non-veg options too tbh",synthetic,Negative,0.3745187520980835,0.3372767567634582,0.2882044911384582,0.3745187520980835
03/24/2026 00:00:00,Varun Karnik,BE,Amar Frankie,3,Spicy but okayish overall quality ngl,synthetic,Positive,0.7547987103462219,0.7547987103462219,0.1408855766057968,0.1043156906962394
03/02/2026 00:00:00,Nikhil Das,BE,Vrindavan,1,"I think na, not impressed with this place at all",synthetic,Negative,0.4353671073913574,0.2819007039070129,0.282732218503952,0.4353671073913574
03/11/2026 00:00:00,Ekta Bhardwaj,SE,Juice Center,3,Good but not value for money always tbh,synthetic,Negative,0.4290176928043365,0.2723634839057922,0.2986187934875488,0.4290176928043365
02/23/2026 00:00:00,Bhavna Dubey,TE,Shawarma Shop,3,"Always a little uncooked, needs to cook properly tbh",synthetic,Negative,0.4881387650966644,0.278500348329544,0.2333608269691467,0.4881387650966644
03/14/2026 00:00:00,Amit Agarwal,BE,College Canteen Ground Floor,5,Good variety of food options available honestly,synthetic,Positive,0.932930827140808,0.932930827140808,0.0449654534459114,0.0221036355942487
3/1/2026 13:35:58,Asmiya Sayyad,TE,Manchurian Shop,1,"Not clean, can see flies hovering",real,Negative,0.4671936631202698,0.2519230842590332,0.2808833122253418,0.4671936631202698
02/28/2026 00:00:00,Isha Dixit,TE,Juice Center,4,Cold coffee supremacy! Best drinks on campus honestly,synthetic,Positive,0.9274858832359314,0.9274858832359314,0.0419850163161754,0.0305290576070547
03/03/2026 00:00:00,Nikhil Das,SE,College Canteen Ground Floor,1,"Overall, staff dont wear gloves, smells really awful",synthetic,Negative,0.4878153800964355,0.285396546125412,0.2267879843711853,0.4878153800964355
03/16/2026 00:00:00,Ekta Bhardwaj,TE,College Canteen 3rd Floor,5,I think fresh ingredients and great flavors here,synthetic,Positive,0.9305986762046814,0.9305986762046814,0.0446641892194747,0.0247371904551982
02/25/2026 00:00:00,Suresh Pandey,SE,Manchurian Shop,5,"flavourful food, one of the better stalls around campus",synthetic,Positive,0.9318143129348756,0.9318143129348756,0.045213546603918,0.0229721963405609
03/23/2026 00:00:00,Pankaj More,TE,Manchurian Shop,3,Good taste but its a gamble with hygiene honestly,synthetic,Negative,0.3976621031761169,0.2943256497383117,0.3080122470855713,0.3976621031761169
02/24/2026 00:00:00,Komal Rane,BE,Vrindavan,5,"Another banger from Vrindavan, never disappoints.",synthetic,Positive,0.9172474145889282,0.9172474145889282,0.0460856668651104,0.0366668850183486
03/16/2026 00:00:00,Lalit Pawar,BE,Juice Center,5,"Even the packaging is solid, great presentation",synthetic,Positive,0.9180501699447632,0.9180501699447632,0.0506942495703697,0.0312555097043514
02/22/2026 00:00:00,Ananya Patel,SE,Manchurian Shop,4,"Overall, solid food, bhaji pav is especially good here",synthetic,Positive,0.9267905354499816,0.9267905354499816,0.0508721023797988,0.0223373807966709
03/15/2026 00:00:00,Akash Sinha,TE,Manchurian Shop,3,"Overall, taste is okay but hygiene could be much better",synthetic,Negative,0.37940514087677,0.2889015674591064,0.3316933512687683,0.37940514087677
03/11/2026 00:00:00,Anjali Bansal,SE,Shawarma Shop,1,"Overall, the dining area needed better upkeep seriously",synthetic,Negative,0.4067023396492004,0.3244471549987793,0.2688505947589874,0.4067023396492004
03/08/2026 00:00:00,Tina George,SE,Manchurian Shop,4,"I think they make really good manchurian, always my go-to",synthetic,Positive,0.8740475177764893,0.8740475177764893,0.0784730538725853,0.0474794171750545
03/21/2026 00:00:00,Umesh Nayak,SE,Shawarma Shop,5,"Really good shawarma, perfectly spiced and filling",synthetic,Positive,0.9414430856704712,0.9414430856704712,0.0369903147220611,0.0215666648000478
03/16/2026 00:00:00,Arjun Singh,SE,College Canteen Ground Floor,3,"Overall, cheap but unhygienic, needs improvement",synthetic,Negative,0.4641242027282715,0.2647881805896759,0.2710875868797302,0.4641242027282715
3/1/2026 12:35:33,Vatsal Jain,TE,Shawarma Shop,1,Im veg,real,Negative,0.4207033514976501,0.2986728549003601,0.2806237936019897,0.4207033514976501
02/21/2026 00:00:00,Arjun Singh,SE,College Canteen Ground Floor,5,Good enough for daily campus meals ngl,synthetic,Positive,0.9288272857666016,0.9288272857666016,0.0464771203696727,0.0246955715119838
03/21/2026 00:00:00,Faizan Khan,TE,Shawarma Shop,3,Not bad but cleanliness is a concern!,synthetic,Negative,0.3755093216896057,0.3184471130371094,0.3060435950756073,0.3755093216896057
02/21/2026 00:00:00,Gauri Menon,BE,Juice Center,5,"Even the packaging is solid, great presentation honestly",synthetic,Positive,0.9200049638748168,0.9200049638748168,0.0493009388446807,0.0306941140443086
03/20/2026 00:00:00,Ekta Bhardwaj,SE,SPJIMR Mess,4,"Fast clean and tasty, the holy trinity!",synthetic,Positive,0.9376435279846193,0.9376435279846193,0.0358767323195934,0.0264798104763031
03/06/2026 00:00:00,Chetan Rawat,BE,Juice Center,4,10/10 would recommend for fresh healthy drinks honestly,synthetic,Positive,0.8921771049499512,0.8921771049499512,0.0651449263095855,0.0426778979599475
03/03/2026 00:00:00,Gauri Menon,BE,College Canteen Ground Floor,2,"Overall, saw cockroaches, unhygienic af honestly",synthetic,Negative,0.4939131438732147,0.2610885202884674,0.2449983209371566,0.4939131438732147
03/20/2026 00:00:00,Tina George,TE,Vrindavan,5,"A really good place for vegetarians, great variety tbh",synthetic,Positive,0.9354814291000366,0.9354814291000366,0.0421101935207843,0.0224083177745342
02/23/2026 00:00:00,Riya Thakur,SE,College Canteen 3rd Floor,2,Misal pav is good and fulfilling at least,synthetic,Positive,0.5904308557510376,0.5904308557510376,0.2201393991708755,0.189429759979248
03/14/2026 00:00:00,Amit Agarwal,TE,College Canteen 3rd Floor,2,"No thank you, not going back there tbh",synthetic,Negative,0.4637719988822937,0.2602010369300842,0.2760269045829773,0.4637719988822937
3/1/2026 22:54:26,Harsh Malpani,TE,Vrindavan,5,Best of all but priced higher since its a restaurant,real,Positive,0.4645601809024811,0.4645601809024811,0.2489598244428634,0.2864799201488495
03/13/2026 00:00:00,Shreya Mishra,TE,Cluckins,4,"Nice place, proper shop with good ambiance honestly",synthetic,Positive,0.9345219135284424,0.9345219135284424,0.0443748347461223,0.0211031883955001
03/09/2026 00:00:00,Naveen Deshpande,SE,Manchurian Shop,1,Dirty utensils and unhygienic food preparation!,synthetic,Negative,0.5210962295532227,0.2850986123085022,0.1938051134347915,0.5210962295532227
03/09/2026 00:00:00,Simran Kaur,TE,College Canteen 3rd Floor,5,Good management and clean environment!,synthetic,Positive,0.9222511053085328,0.9222511053085328,0.047530997544527,0.030217932537198
03/18/2026 00:00:00,Vivek Yadav,SE,Cluckins,2,"Service is very slow, needs improvement tbh",synthetic,Negative,0.459469586610794,0.2607730031013489,0.2797573804855346,0.459469586610794
03/01/2026 00:00:00,Varun Karnik,SE,Manchurian Shop,4,"Overall, they make really good manchurian, always my go-to",synthetic,Positive,0.8851390480995178,0.8851390480995178,0.0721989348530769,0.0426620319485664
03/21/2026 00:00:00,Rohan Reddy,SE,Amar Frankie,3,"Average taste, decent portion size.",synthetic,Negative,0.3973139226436615,0.3260194659233093,0.2766665518283844,0.3973139226436615
03/08/2026 00:00:00,Pankaj More,BE,Cluckins,3,"Average food, menu needs more options tbh",synthetic,Negative,0.4240590929985046,0.2829610705375671,0.292979896068573,0.4240590929985046
2/26/2026 11:44:27,Samiksha,TE,College Canteen 3rd Floor,4,Sandwiches are good,real,Positive,0.8970396518707275,0.8970396518707275,0.0741997435688972,0.028760639950633
2/26/2026 13:24:02,Riya More,TE,Manchurian Shop,2,hygiene issues,real,Negative,0.4382323324680328,0.3171157836914062,0.2446518987417221,0.4382323324680328
03/04/2026 00:00:00,Priya Joshi,SE,Cluckins,5,"Nice place, proper shop with good ambiance tbh",synthetic,Positive,0.9306562542915344,0.9306562542915344,0.046970497816801,0.0223731361329555
03/24/2026 00:00:00,Bhavna Dubey,TE,Amar Frankie,2,The frankies are overpriced for the quality ngl,synthetic,Negative,0.4448359608650207,0.3214905560016632,0.233673483133316,0.4448359608650207
02/23/2026 00:00:00,Isha Dixit,TE,Manchurian Shop,4,"Good quality food, consistent taste every time",synthetic,Positive,0.9363222122192384,0.9363222122192384,0.0382892340421676,0.0253885779529809
03/25/2026 00:00:00,Jayesh Pillai,TE,College Canteen 3rd Floor,1,I think too expensive for what they offer,synthetic,Negative,0.4564363360404968,0.2779161632061004,0.2656474411487579,0.4564363360404968
03/23/2026 00:00:00,Gauri Menon,BE,Amar Frankie,5,"Tasty but spicy, love the frankie options here ngl",synthetic,Positive,0.9318910241127014,0.9318910241127014,0.0447350740432739,0.0233739521354436
02/25/2026 00:00:00,Aditya Nair,BE,Juice Center,5,"good cleanliness and quality, very professional",synthetic,Positive,0.919795036315918,0.919795036315918,0.0512933582067489,0.0289115998893976
02/27/2026 00:00:00,Sonia Roy,BE,Amar Frankie,2,"Hygiene wise its very bad, saw tobacco chewing!",synthetic,Negative,0.4594584107398987,0.263570487499237,0.2769710719585418,0.4594584107398987
3/1/2026 12:37:32,Arushi Jain,TE,Amar Frankie,4,"Yummy, tastier and healthier option, very freshly made hot frankies",real,Positive,0.9388297200202942,0.9388297200202942,0.0395948961377143,0.0215754099190235
03/01/2026 00:00:00,Riya Thakur,SE,Juice Center,5,"Warm and sweet staff, seasonal menu is unique ngl",synthetic,Positive,0.9302052855491638,0.9302052855491638,0.0458254255354404,0.0239693950861692
2/26/2026 13:26:45,Naman,TE,College Canteen Ground Floor,3,Too crowded,real,Negative,0.4542734026908874,0.2644422650337219,0.2812843918800354,0.4542734026908874
03/12/2026 00:00:00,Kriti Goel,BE,College Canteen 3rd Floor,4,"Overall, good food, homely, very good overall",synthetic,Positive,0.9346047043800354,0.9346047043800354,0.0437677316367626,0.0216275583952665
03/03/2026 00:00:00,Kabir Desai,SE,Vrindavan,2,"Na, not impressed with this place at all",synthetic,Negative,0.4297245442867279,0.2892515957355499,0.2810238897800445,0.4297245442867279
02/28/2026 00:00:00,Faizan Khan,BE,Cluckins,4,good food and easy on the pocket for students,synthetic,Positive,0.9123433828353882,0.9123433828353882,0.0602660104632377,0.0273906607180833
02/27/2026 00:00:00,Arjun Singh,TE,College Canteen 3rd Floor,4,Misal pav is good and fulfilling at least.,synthetic,Positive,0.7258526682853699,0.7258526682853699,0.1646094918251037,0.1095378547906875
02/23/2026 00:00:00,Chetan Rawat,SE,Cluckins,4,Great student offers and deals available!,synthetic,Positive,0.9272953867912292,0.9272953867912292,0.0448996536433696,0.0278050228953361
02/24/2026 00:00:00,Rohan Reddy,SE,College Canteen 3rd Floor,3,Misal pav is good and fulfilling at least tbh,synthetic,Positive,0.7799619436264038,0.7799619436264038,0.1398853808641433,0.080152653157711
03/13/2026 00:00:00,Manya Hegde,TE,Juice Center,5,"Even the packaging is solid, great presentation",synthetic,Positive,0.9180501699447632,0.9180501699447632,0.0506942495703697,0.0312555097043514
03/03/2026 00:00:00,Aarav Sharma,BE,Amar Frankie,5,"Great value for money, delicious frankies every time tbh",synthetic,Positive,0.9338471293449402,0.9338471293449402,0.0392769873142242,0.0268759243190288
03/02/2026 00:00:00,Sakshi Bhatia,SE,SPJIMR Mess,2,"Overall, no other option so have to eat here sadly",synthetic,Negative,0.4413824677467346,0.3205616772174835,0.2380558550357818,0.4413824677467346
03/06/2026 00:00:00,Simran Kaur,BE,Amar Frankie,2,"Hygiene wise its very bad, saw tobacco chewing!",synthetic,Negative,0.4594584107398987,0.263570487499237,0.2769710719585418,0.4594584107398987
03/20/2026 00:00:00,Anjali Bansal,SE,Amar Frankie,2,"Hygiene wise its very bad, saw tobacco chewing!",synthetic,Negative,0.4594584107398987,0.263570487499237,0.2769710719585418,0.4594584107398987
2/26/2026 3:27:55,Kshitij,TE,Shawarma Shop,5,So Tastyyy,real,Positive,0.8813166618347168,0.8813166618347168,0.0685576200485229,0.0501256808638572
03/23/2026 00:00:00,Vikram Rathod,TE,SPJIMR Mess,4,"Best experience, would recommend to everyone",synthetic,Positive,0.9189113974571228,0.9189113974571228,0.0491762124001979,0.0319124348461627
03/20/2026 00:00:00,Jayesh Pillai,BE,SPJIMR Mess,2,"They dont wear gloves, very unhygienic tbh",synthetic,Negative,0.4834949374198913,0.2777160108089447,0.2387890815734863,0.4834949374198913
3/1/2026 16:09:16,Krishika Jalali,TE,Juice Center,4,Overpriced,real,Negative,0.5402304530143738,0.272617369890213,0.1871521174907684,0.5402304530143738
03/15/2026 00:00:00,Faizan Khan,BE,Amar Frankie,4,Good taste but hygiene can be improved,synthetic,Negative,0.357464998960495,0.3492629528045654,0.2932720780372619,0.357464998960495
03/12/2026 00:00:00,Gauri Menon,SE,Cluckins,5,One of the best non-veg spots near campus ngl,synthetic,Positive,0.9255369901657104,0.9255369901657104,0.0451028198003768,0.029360206797719
3/1/2026 22:54:26,Harsh Malpani,TE,Juice Center,4,Different varieties of juices,real,Positive,0.91302490234375,0.91302490234375,0.0538162514567375,0.0331588350236415
03/05/2026 00:00:00,Rashmi Sawant,TE,Amar Frankie,5,"I think insane frankies, best snack near campus",synthetic,Positive,0.9302533268928528,0.9302533268928528,0.0439707189798355,0.0257759653031826
03/15/2026 00:00:00,Sakshi Bhatia,TE,Shawarma Shop,3,chicken quality i doubt sometimes,synthetic,Negative,0.3819335401058197,0.3376226127147674,0.2804438471794128,0.3819335401058197
03/04/2026 00:00:00,Ojas Wagh,TE,Juice Center,5,"Really refreshing drinks, perfect for hot days!",synthetic,Positive,0.9356471300125122,0.9356471300125122,0.0400968939065933,0.0242560133337974
02/25/2026 00:00:00,Shreya Mishra,BE,Amar Frankie,1,"Quality has gone down recently, not worth it tbh",synthetic,Negative,0.4435218870639801,0.2768692970275879,0.2796087861061096,0.4435218870639801
2/26/2026 13:24:02,Riya More,TE,Juice Center,5,very nice,real,Positive,0.896900475025177,0.896900475025177,0.0643242448568344,0.0387752912938594
02/25/2026 00:00:00,Meera Bhat,SE,College Canteen Ground Floor,5,Good enough for daily campus meals ngl,synthetic,Positive,0.9288272857666016,0.9288272857666016,0.0464771203696727,0.0246955715119838
03/01/2026 00:00:00,Vivek Yadav,SE,Manchurian Shop,4,I think one of the better options near college for quick food,synthetic,Positive,0.9138247966766356,0.9138247966766356,0.0580978393554687,0.0280773267149925
03/05/2026 00:00:00,Kabir Desai,SE,Cluckins,5,Really tasty with good portion sizes ngl,synthetic,Positive,0.910929262638092,0.910929262638092,0.0609845146536827,0.0280862636864185
03/15/2026 00:00:00,Kriti Goel,BE,Juice Center,3,Tasty but a bit expensive for students.,synthetic,Positive,0.5314300656318665,0.5314300656318665,0.228724718093872,0.2398451715707779
03/13/2026 00:00:00,Simran Kaur,SE,College Canteen 3rd Floor,3,"Overall, sometimes good sometimes bad, inconsistent",synthetic,Negative,0.4415154457092285,0.2997943162918091,0.2586901783943176,0.4415154457092285
03/10/2026 00:00:00,Arjun Singh,SE,Vrindavan,5,Pav bhaji and aloo paratha is comfort food here ngl,synthetic,Positive,0.9214186072349548,0.9214186072349548,0.0535713210701942,0.0250100903213024
03/03/2026 00:00:00,Bhavna Dubey,SE,SPJIMR Mess,5,"Outstanding food, clean and well-maintained ngl",synthetic,Positive,0.9256194829940796,0.9256194829940796,0.0457136966288089,0.0286668203771114
02/23/2026 00:00:00,Jayesh Pillai,BE,Vrindavan,4,"best of all in comparison, top quality",synthetic,Positive,0.9221397042274476,0.9221397042274476,0.0451511926949024,0.0327090919017791
03/10/2026 00:00:00,Priya Joshi,BE,Amar Frankie,5,"Tasty but spicy, love the frankie options here tbh",synthetic,Positive,0.9303313493728638,0.9303313493728638,0.0462415516376495,0.0234270114451646
3/1/2026 12:37:32,Arushi Jain,TE,Vrindavan,5,"Go to place, sizzling brownie has my heart, pav bhaji aloo paratha is my comfort-food, just the water glasses arent clean",real,Positive,0.8305039405822754,0.8305039405822754,0.0872433260083198,0.0822527185082435
03/22/2026 00:00:00,Faizan Khan,SE,Juice Center,1,"Juice quality has gone down, not fresh always tbh",synthetic,Negative,0.4491796493530273,0.2626246809959411,0.2881956100463867,0.4491796493530273
03/01/2026 00:00:00,Diya Kumar,TE,College Canteen Ground Floor,5,food quality is good and pricing is student-friendly,synthetic,Positive,0.9254729151725768,0.9254729151725768,0.0492415055632591,0.0252855941653251
2/26/2026 18:35:04,Apurva A Khangal,TE,College Canteen Ground Floor,4,"The ground floor canteen is nice. The food quality is good and pricing is student-friendly. Service is generally smooth, though it can get crowded during peak hours.",real,Positive,0.9086289405822754,0.9086289405822754,0.0647255480289459,0.0266454517841339
03/16/2026 00:00:00,Faizan Khan,TE,Juice Center,2,Not worth the price students are paying tbh,synthetic,Negative,0.4666952788829803,0.2850441336631775,0.2482605576515197,0.4666952788829803
02/26/2026 00:00:00,Lalit Pawar,TE,Juice Center,4,good but overpriced for what you get,synthetic,Negative,0.4393371939659118,0.3445598185062408,0.2161029130220413,0.4393371939659118
03/05/2026 00:00:00,Sakshi Bhatia,SE,Amar Frankie,1,"I think unhygienic, cant see employees wearing gloves",synthetic,Negative,0.4862876534461975,0.2590899765491485,0.2546223402023315,0.4862876534461975
03/20/2026 00:00:00,Arjun Singh,SE,Shawarma Shop,2,Its nice but still is not clean enough!,synthetic,Negative,0.4259750247001648,0.2886737585067749,0.2853512167930603,0.4259750247001648
02/27/2026 00:00:00,Anjali Bansal,TE,Shawarma Shop,5,"Good food, the flavours are delicious ngl",synthetic,Positive,0.9334757328033448,0.9334757328033448,0.0437009111046791,0.0228233654052019
03/05/2026 00:00:00,Manish Khanna,BE,Vrindavan,1,Pricy and not worth it for what they serve,synthetic,Negative,0.4899954199790954,0.2736185193061828,0.2363861203193664,0.4899954199790954
03/18/2026 00:00:00,Faizan Khan,TE,College Canteen 3rd Floor,4,Thali and lunch option available which is great tbh,synthetic,Positive,0.9151217341423036,0.9151217341423036,0.0591244660317897,0.0257537830621004
03/10/2026 00:00:00,Jayesh Pillai,BE,Shawarma Shop,3,I think decent crowd but hygiene could be improved,synthetic,Negative,0.366487592458725,0.3089961409568786,0.324516236782074,0.366487592458725
3/1/2026 12:36:15,Rachel,TE,College Canteen 3rd Floor,2,slightly more decent because they have more packaged snacks,real,Positive,0.4812179207801819,0.4812179207801819,0.2796021401882171,0.2391799390316009
03/24/2026 00:00:00,Riya Thakur,SE,SPJIMR Mess,5,"I think unlimited healthy nutritious food, love it",synthetic,Positive,0.9396839141845704,0.9396839141845704,0.0374103970825672,0.0229056607931852
02/23/2026 00:00:00,Shreya Mishra,SE,Juice Center,3,Quality of ingredients is sometimes a concern!,synthetic,Negative,0.459473967552185,0.2911375164985657,0.249388501048088,0.459473967552185
03/21/2026 00:00:00,Raj Kapoor,SE,Manchurian Shop,3,Good taste but its a gamble with hygiene honestly ngl,synthetic,Negative,0.4191088080406189,0.2792090177536011,0.3016821444034576,0.4191088080406189
2/26/2026 11:21:12,Menil,TE,College Canteen 3rd Floor,4,Good,real,Positive,0.912220060825348,0.912220060825348,0.0546148903667926,0.0331650711596012
02/23/2026 00:00:00,Umesh Nayak,TE,Juice Center,3,I think tasty but a bit expensive for students,synthetic,Positive,0.4013943076133728,0.4013943076133728,0.2892772257328033,0.3093284964561462
02/28/2026 00:00:00,Kiran Srivastava,BE,Juice Center,4,"Choco, Oreo, chocolate strawberry are amazing.",synthetic,Positive,0.9289150238037108,0.9289150238037108,0.0461669079959392,0.024918096140027
2/26/2026 18:35:04,Apurva A Khangal,TE,Juice Center,4,The Juice Center is nice and refreshing. The juices are fresh and taste good. It is a good spot for healthy drink options. Pricing is fair and service is quick.,real,Positive,0.924560248851776,0.924560248851776,0.0524463579058647,0.0229933969676494
03/16/2026 00:00:00,Riya Thakur,TE,Manchurian Shop,3,Good taste but its a gamble with hygiene honestly honestly,synthetic,Negative,0.4033184647560119,0.2991363704204559,0.2975451946258545,0.4033184647560119
03/07/2026 00:00:00,Ojas Wagh,TE,SPJIMR Mess,1,"Haven't been there, doesnt seem appealing",synthetic,Negative,0.5185047388076782,0.2476978898048401,0.2337973564863205,0.5185047388076782
02/27/2026 00:00:00,Ananya Patel,BE,Manchurian Shop,2,"I think i got sick after eating here, never again",synthetic,Negative,0.445287823677063,0.321539968252182,0.2331722527742386,0.445287823677063
03/03/2026 00:00:00,Ananya Patel,BE,Vrindavan,4,"Best food around campus, excellent quality honestly",synthetic,Positive,0.9332584738731384,0.9332584738731384,0.0409026481211185,0.0258388463407754
03/23/2026 00:00:00,Sahil Bajaj,TE,Shawarma Shop,2,"I think dust from road gets into the food, gross",synthetic,Negative,0.4736910462379455,0.2415758818387985,0.2847330570220947,0.4736910462379455
03/20/2026 00:00:00,Ritika Mukherjee,TE,Juice Center,1,Too expensive for the quantity and quality honestly,synthetic,Negative,0.4851861298084259,0.262478232383728,0.2523356974124908,0.4851861298084259
03/12/2026 00:00:00,Sahil Bajaj,BE,Vrindavan,5,Pav bhaji and aloo paratha is comfort food here ngl,synthetic,Positive,0.9214186072349548,0.9214186072349548,0.0535713210701942,0.0250100903213024
03/05/2026 00:00:00,Himanshu Lakra,SE,Vrindavan,3,I think good services but water glasses arent clean,synthetic,Negative,0.4062975645065307,0.3262501657009125,0.2674522995948791,0.4062975645065307
02/22/2026 00:00:00,Diya Kumar,BE,Manchurian Shop,3,"Not so hygienic, but food is edible tbh",synthetic,Negative,0.4004757106304168,0.2964429855346679,0.3030812442302704,0.4004757106304168
03/03/2026 00:00:00,Rashmi Sawant,SE,Shawarma Shop,5,"Best non-veg option near college, tasty shawarma",synthetic,Positive,0.938373863697052,0.938373863697052,0.0384412258863449,0.0231849625706672
2/27/2026 8:32:29,Siddh Jain,TE,SPJIMR Mess,5,"Best canteen to ever exist, raises your standards when you walk into it, the fees of SPJain is justified by their mess.",real,Positive,0.9095391035079956,0.9095391035079956,0.0507809743285179,0.0396799482405185
03/12/2026 00:00:00,Divya Tiwari,BE,Manchurian Shop,5,"Overall, the manchurian is nostalgic, love the spice level",synthetic,Positive,0.916739583015442,0.916739583015442,0.0522289276123046,0.0310315210372209
03/24/2026 00:00:00,Ishaan Gupta,TE,Shawarma Shop,5,So tasty! Best shawarma around campus honestly,synthetic,Positive,0.9329593777656556,0.9329593777656556,0.0407327190041542,0.026307962834835
03/09/2026 00:00:00,Sakshi Bhatia,TE,Juice Center,3,Contaminated water is a concern honestly tbh,synthetic,Negative,0.4658454060554504,0.2819002568721771,0.2522542774677276,0.4658454060554504
03/21/2026 00:00:00,Faizan Khan,SE,SPJIMR Mess,4,Strongly recommended for college students honestly,synthetic,Positive,0.9069059491157532,0.9069059491157532,0.0595560073852539,0.0335380993783474
02/22/2026 00:00:00,Gaurav Patil,BE,College Canteen Ground Floor,5,cost-effective meals for daily eating,synthetic,Positive,0.903324007987976,0.903324007987976,0.056766327470541,0.0399096012115478
03/08/2026 00:00:00,Kriti Goel,TE,SPJIMR Mess,4,"og place, cannot beat this quality",synthetic,Negative,0.4064982235431671,0.3430390954017639,0.2504626810550689,0.4064982235431671
03/02/2026 00:00:00,Himanshu Lakra,SE,Vrindavan,1,pricy and not worth it for what they serve,synthetic,Negative,0.4899954199790954,0.2736185193061828,0.2363861203193664,0.4899954199790954
02/26/2026 00:00:00,Ekta Bhardwaj,SE,Amar Frankie,3,Nice one just that it has too much food color honestly,synthetic,Negative,0.3994936943054199,0.2932693064212799,0.3072369694709778,0.3994936943054199
03/16/2026 00:00:00,Simran Kaur,BE,Vrindavan,4,"Food quality is excellent, taste is very good!",synthetic,Positive,0.9290083050727844,0.9290083050727844,0.04621222615242,0.0247793532907962
02/24/2026 00:00:00,Kavya Shah,TE,Juice Center,4,Contaminated water is a concern honestly honestly,synthetic,Negative,0.4498639702796936,0.280894786119461,0.2692412734031677,0.4498639702796936
02/22/2026 00:00:00,Pallavi Naik,TE,Juice Center,1,Too expensive for the quantity and quality!,synthetic,Negative,0.5036752223968506,0.2747769951820373,0.2215477377176284,0.5036752223968506
03/12/2026 00:00:00,Pooja Chauhan,TE,Shawarma Shop,1,"dust from road gets into the food, gross",synthetic,Negative,0.4765844643115997,0.2539752721786499,0.2694403231143951,0.4765844643115997
2/26/2026 13:26:45,Naman,TE,SPJIMR Mess,4,Nice place,real,Positive,0.9211046695709229,0.9211046695709229,0.0514604374766349,0.0274349264800548
03/02/2026 00:00:00,Faizan Khan,TE,College Canteen 3rd Floor,5,"Overall, better options than ground floor canteen",synthetic,Positive,0.9023173451423644,0.9023173451423644,0.0601559802889823,0.0375267639756202
03/24/2026 00:00:00,Rohan Reddy,TE,College Canteen Ground Floor,1,"Needs cleanliness maintenance, food quality bad!",synthetic,Negative,0.4877971112728119,0.2585022747516632,0.2537006735801697,0.4877971112728119
02/24/2026 00:00:00,Rahul Mehta,TE,Amar Frankie,1,"I think bad hygiene practices, food color usage is high",synthetic,Negative,0.461291491985321,0.2842032611370086,0.2545052468776703,0.461291491985321
02/24/2026 00:00:00,Komal Rane,BE,Manchurian Shop,2,Good taste but its a gamble with hygiene honestly.,synthetic,Negative,0.4057402014732361,0.2936283946037292,0.3006314039230346,0.4057402014732361
03/20/2026 00:00:00,Shreya Mishra,TE,Shawarma Shop,3,Its popular but I have my doubts about freshness!,synthetic,Negative,0.3687466979026794,0.346577525138855,0.2846757769584656,0.3687466979026794
03/03/2026 00:00:00,Priya Joshi,TE,College Canteen Ground Floor,1,It lacked flavour and freshness completely tbh,synthetic,Negative,0.4400936663150787,0.2697938680648803,0.2901124060153961,0.4400936663150787
03/13/2026 00:00:00,Ojas Wagh,BE,Amar Frankie,3,"Overall, nice one just that it has too much food color",synthetic,Negative,0.3721553683280945,0.3156057000160217,0.3122389614582062,0.3721553683280945
03/02/2026 00:00:00,Diya Kumar,TE,College Canteen Ground Floor,4,Good variety of food options available tbh,synthetic,Positive,0.9219040870666504,0.9219040870666504,0.0529552027583122,0.0251407194882631
03/03/2026 00:00:00,Chetan Rawat,BE,Shawarma Shop,2,"Overall, its popular but I have my doubts about freshness",synthetic,Positive,0.3722404241561889,0.3722404241561889,0.2927362620830536,0.335023283958435
3/1/2026 22:54:26,Harsh Malpani,TE,College Canteen 3rd Floor,3,Misal pav is good and fulfilling,real,Positive,0.9006362557411194,0.9006362557411194,0.0614125356078147,0.0379512198269367
02/27/2026 00:00:00,Aarav Sharma,SE,Juice Center,4,"Even the packaging is solid, great presentation!",synthetic,Positive,0.9218394160270692,0.9218394160270692,0.0482214912772178,0.0299389902502298
03/23/2026 00:00:00,Sneha Iyer,SE,College Canteen 3rd Floor,4,"Sometimes good sometimes bad, inconsistent!",synthetic,Negative,0.4585103392601013,0.2705747485160827,0.2709149122238159,0.4585103392601013
02/24/2026 00:00:00,Rohan Reddy,BE,Vrindavan,4,"Overall, really good, pocket friendly and great food",synthetic,Positive,0.931662380695343,0.931662380695343,0.0466321781277656,0.0217053946107625
2/26/2026 11:06:25,Divit Gupta,TE,SPJIMR Mess,5,"Fast, clean, tasty",real,Positive,0.9093837738037108,0.9093837738037108,0.0530241355299949,0.0375920757651329
2/26/2026 9:00:20,Jehan,TE,College Canteen Ground Floor,4,Good variety,real,Positive,0.929987370967865,0.929987370967865,0.0463484302163124,0.0236641485244035
02/27/2026 00:00:00,Pankaj More,SE,SPJIMR Mess,2,"Never been there, no interest honestly!",synthetic,Negative,0.4941827058792114,0.2526199519634247,0.2531973123550415,0.4941827058792114
03/10/2026 00:00:00,Lalit Pawar,SE,Vrindavan,3,Good services but water glasses arent clean.,synthetic,Positive,0.471013069152832,0.471013069152832,0.2505779862403869,0.2784089744091034
2/26/2026 13:24:02,Riya More,TE,College Canteen Ground Floor,4,good,real,Positive,0.912220060825348,0.912220060825348,0.0546148903667926,0.0331650711596012
03/21/2026 00:00:00,Harsh Goyal,TE,Juice Center,2,Contaminated water is a concern honestly honestly,synthetic,Negative,0.4498639702796936,0.280894786119461,0.2692412734031677,0.4498639702796936
03/08/2026 00:00:00,Suresh Pandey,BE,Juice Center,3,"Overall, decent drinks, nothing extraordinary",synthetic,Negative,0.4336877167224884,0.2896378636360168,0.2766744792461395,0.4336877167224884
03/24/2026 00:00:00,Rahul Mehta,BE,Cluckins,5,The chicken is fresh and well-cooked always,synthetic,Positive,0.926630675792694,0.926630675792694,0.0482330285012722,0.025136237964034
03/01/2026 00:00:00,Tanvi Chopra,TE,Vrindavan,4,"really good, pocket friendly and great food",synthetic,Positive,0.9272624850273132,0.9272624850273132,0.0488587394356727,0.0238787736743688
03/04/2026 00:00:00,Rashmi Sawant,SE,College Canteen Ground Floor,3,"Limited menu, monotonous and boring food!",synthetic,Negative,0.5098208785057068,0.2983874082565307,0.1917916387319564,0.5098208785057068
03/02/2026 00:00:00,Ishaan Gupta,TE,SPJIMR Mess,4,"unlimited healthy nutritious food, love it",synthetic,Positive,0.932772934436798,0.932772934436798,0.0405709072947502,0.026656175032258
2/26/2026 20:43:38,Yug Bhanushali,TE,Amar Frankie,4,Mid food but affordable,real,Positive,0.6544787287712097,0.6544787287712097,0.201859638094902,0.1436616331338882
03/01/2026 00:00:00,Aditya Nair,TE,Amar Frankie,5,"Insane frankies, best snack near campus ngl",synthetic,Positive,0.931062638759613,0.931062638759613,0.0413821376860141,0.0275552757084369
3/1/2026 22:54:26,Harsh Malpani,TE,Amar Frankie,5,Fast tasty frankie and reasonable,real,Positive,0.9281732439994812,0.9281732439994812,0.0458555929362773,0.0259711593389511
03/09/2026 00:00:00,Vivek Yadav,SE,College Canteen 3rd Floor,5,better hygiene than the ground floor one,synthetic,Positive,0.8628455996513367,0.8628455996513367,0.085711695253849,0.0514428094029426
03/10/2026 00:00:00,Ekta Bhardwaj,BE,SPJIMR Mess,2,Good but food quality can be improved more,synthetic,Negative,0.3484224677085876,0.315914899110794,0.3356626629829407,0.3484224677085876
03/08/2026 00:00:00,Pooja Chauhan,SE,Vrindavan,5,Pav bhaji and aloo paratha is comfort food here honestly,synthetic,Positive,0.9284844398498536,0.9284844398498536,0.0484808161854743,0.0230347830802202
03/12/2026 00:00:00,Divya Tiwari,BE,Vrindavan,4,"a really good place for vegetarians, great variety",synthetic,Positive,0.9330203533172609,0.9330203533172609,0.0438058748841285,0.0231738202273845
02/23/2026 00:00:00,Kabir Desai,TE,College Canteen Ground Floor,3,Too much waiting and food quality is average ngl,synthetic,Negative,0.4425104260444641,0.259983628988266,0.2975059747695923,0.4425104260444641
03/09/2026 00:00:00,Arjun Singh,SE,Amar Frankie,3,I think decent but unhealthy ingredients sometimes,synthetic,Negative,0.4604974091053009,0.2958806157112121,0.2436219453811645,0.4604974091053009
03/21/2026 00:00:00,Gaurav Patil,BE,Amar Frankie,2,"Improve order accuracy, service is poor!",synthetic,Negative,0.4680618345737457,0.3157660365104675,0.2161721140146255,0.4680618345737457
03/04/2026 00:00:00,Kabir Desai,BE,Manchurian Shop,5,"Solid food, bhaji pav is especially good here.",synthetic,Positive,0.9223280549049376,0.9223280549049376,0.054215982556343,0.0234559345990419
03/21/2026 00:00:00,Sakshi Bhatia,TE,Vrindavan,3,I think good quality but expensive for daily eating,synthetic,Positive,0.5082187652587891,0.5082187652587891,0.2536348104476928,0.238146424293518
03/06/2026 00:00:00,Kiran Srivastava,SE,Shawarma Shop,4,"Good food, the flavours are delicious honestly",synthetic,Positive,0.9377623796463012,0.9377623796463012,0.0406212620437145,0.0216163694858551
03/05/2026 00:00:00,Ojas Wagh,TE,Juice Center,4,"Good cleanliness and quality, very professional",synthetic,Positive,0.919795036315918,0.919795036315918,0.0512933582067489,0.0289115998893976
03/06/2026 00:00:00,Ojas Wagh,TE,Juice Center,4,Quality of ingredients is sometimes a concern tbh,synthetic,Negative,0.4432686269283294,0.2788531482219696,0.2778781950473785,0.4432686269283294
03/06/2026 00:00:00,Sahil Bajaj,BE,Vrindavan,5,Vrindavan is the best among all campus options tbh,synthetic,Positive,0.9204224944114684,0.9204224944114684,0.0494021400809288,0.0301753170788288
03/07/2026 00:00:00,Kriti Goel,SE,College Canteen 3rd Floor,5,Better options than ground floor canteen tbh,synthetic,Positive,0.9100926518440248,0.9100926518440248,0.0587579645216465,0.0311494544148445
02/25/2026 00:00:00,Neha Saxena,BE,SPJIMR Mess,4,"Decent mess, food is okay most days!",synthetic,Positive,0.633763313293457,0.633763313293457,0.2185736447572708,0.1476630121469497
02/28/2026 00:00:00,Jayesh Pillai,SE,College Canteen Ground Floor,5,"Overall, need more items on the menu but overall good",synthetic,Positive,0.8025418519973755,0.8025418519973755,0.1283799260854721,0.0690781772136688
03/17/2026 00:00:00,Nisha Kulkarni,TE,Vrindavan,3,Food is good but menu doesnt change much.,synthetic,Negative,0.3968356251716614,0.2716233730316162,0.3315409719944,0.3968356251716614
03/04/2026 00:00:00,Kiran Srivastava,TE,Juice Center,2,"It tastes like water, overpriced for bland juice!",synthetic,Negative,0.5000396370887756,0.2793730199337005,0.2205873876810073,0.5000396370887756
02/22/2026 00:00:00,Rahul Mehta,TE,Manchurian Shop,1,"Bad hygiene, water they use for cleaning looks dirty tbh",synthetic,Negative,0.4704181253910064,0.254210352897644,0.2753715515136719,0.4704181253910064
02/22/2026 00:00:00,Tanvi Chopra,TE,Manchurian Shop,4,Bhaji pav and manchurian both are really tasty!,synthetic,Positive,0.9238163232803344,0.9238163232803344,0.0493996664881706,0.0267840009182691
03/18/2026 00:00:00,Pooja Chauhan,BE,College Canteen Ground Floor,3,Most items arent healthy or energetic enough.,synthetic,Negative,0.4540045857429504,0.286353200674057,0.2596421837806701,0.4540045857429504
03/25/2026 00:00:00,Umesh Nayak,SE,Manchurian Shop,5,"Flavourful food, one of the better stalls around campus!",synthetic,Positive,0.932395875453949,0.932395875453949,0.0431718677282333,0.0244322195649147
03/11/2026 00:00:00,Chetan Rawat,SE,College Canteen 3rd Floor,1,"no thank you, not going back there",synthetic,Negative,0.4760408997535705,0.2634173929691314,0.2605416476726532,0.4760408997535705
02/24/2026 00:00:00,Umesh Nayak,SE,SPJIMR Mess,4,Tasty food and good options available ngl,synthetic,Positive,0.9220321774482728,0.9220321774482728,0.0532437190413475,0.0247241258621215
03/25/2026 00:00:00,Kavya Shah,BE,College Canteen 3rd Floor,5,I think fresh ingredients and great flavors here,synthetic,Positive,0.9305986762046814,0.9305986762046814,0.0446641892194747,0.0247371904551982
03/18/2026 00:00:00,Umesh Nayak,SE,Amar Frankie,2,"The Frankie is okayish, scope for improvement tbh",synthetic,Positive,0.3641701936721802,0.3641701936721802,0.2719605565071106,0.3638692200183868
03/16/2026 00:00:00,Vivek Yadav,BE,Cluckins,5,great student offers and deals available,synthetic,Positive,0.9226134419441224,0.9226134419441224,0.0491604097187519,0.0282262600958347
03/13/2026 00:00:00,Kavya Shah,TE,College Canteen 3rd Floor,5,"Peaceful, quiet and airy space to sit and eat ngl",synthetic,Positive,0.9087327122688292,0.9087327122688292,0.0514496639370918,0.0398176088929176
02/26/2026 00:00:00,Neha Saxena,SE,Vrindavan,5,"Overall, really good, pocket friendly and great food",synthetic,Positive,0.931662380695343,0.931662380695343,0.0466321781277656,0.0217053946107625
03/20/2026 00:00:00,Arjun Singh,TE,Juice Center,3,"Decent drinks, nothing extraordinary!",synthetic,Negative,0.4445672631263733,0.300486296415329,0.2549464702606201,0.4445672631263733
03/05/2026 00:00:00,Rahul Mehta,SE,Cluckins,3,Sourcing of ingredients not fully trustworthy tbh,synthetic,Negative,0.5106374621391296,0.2616872191429138,0.2276753634214401,0.5106374621391296
03/19/2026 00:00:00,Chetan Rawat,SE,Juice Center,4,"Always gets fresh juice, love the variety",synthetic,Positive,0.9136629104614258,0.9136629104614258,0.0560517236590385,0.0302853547036647
03/15/2026 00:00:00,Manya Hegde,TE,Vrindavan,3,Food is good but menu doesnt change much.,synthetic,Negative,0.3968356251716614,0.2716233730316162,0.3315409719944,0.3968356251716614
02/24/2026 00:00:00,Amit Agarwal,BE,Cluckins,4,Very nice presentation and taste overall,synthetic,Positive,0.9204213619232178,0.9204213619232178,0.0533295236527919,0.0262490976601839
03/25/2026 00:00:00,Vivek Yadav,BE,Manchurian Shop,4,I think bhaji pav and manchurian both are really tasty,synthetic,Positive,0.9204580187797546,0.9204580187797546,0.0532450266182422,0.026296991854906
03/25/2026 00:00:00,Kiran Srivastava,TE,Juice Center,1,They dilute the juice too much with water ngl,synthetic,Negative,0.4617088437080383,0.2747594714164734,0.2635316848754883,0.4617088437080383
02/24/2026 00:00:00,Nikhil Das,BE,Manchurian Shop,4,"Good quality food, consistent taste every time tbh",synthetic,Positive,0.9351047873497008,0.9351047873497008,0.0393841937184333,0.0255110524594783
03/01/2026 00:00:00,Pankaj More,BE,SPJIMR Mess,5,best canteen to ever exist on campus!,synthetic,Positive,0.905660092830658,0.905660092830658,0.0536228008568286,0.0407170392572879
03/25/2026 00:00:00,Bhavna Dubey,BE,College Canteen Ground Floor,2,Most items arent healthy or energetic enough ngl,synthetic,Negative,0.4067904353141784,0.2804845571517944,0.3127250373363495,0.4067904353141784
03/09/2026 00:00:00,Isha Dixit,TE,SPJIMR Mess,3,"I think good for daily meals, basic but decent",synthetic,Positive,0.7075123190879822,0.7075123190879822,0.1689305752515792,0.1235570386052131
2/26/2026 20:43:38,Yug Bhanushali,TE,College Canteen Ground Floor,4,Decent,real,Positive,0.4708670675754547,0.4708670675754547,0.2287814021110534,0.300351470708847
2/26/2026 3:27:55,Kshitij,TE,Juice Center,5,I love juices,real,Positive,0.915033996105194,0.915033996105194,0.0518942698836326,0.0330716557800769
03/03/2026 00:00:00,Kabir Desai,SE,Vrindavan,3,"Vegetarian food only, need non-veg options too.",synthetic,Negative,0.3706777393817901,0.339709997177124,0.2896122634410858,0.3706777393817901
2/27/2026 8:32:29,Siddh Jain,TE,Manchurian Shop,3,"They maintain the bare minimum when it comes to hygiene, taste is good but its a gamble for disease.",real,Negative,0.3719651103019714,0.3188891112804413,0.3091457188129425,0.3719651103019714
02/24/2026 00:00:00,Manish Khanna,TE,Shawarma Shop,2,"Smells near their shop, not clean at all honestly",synthetic,Negative,0.4813804626464844,0.2580719888210296,0.2605476081371307,0.4813804626464844
03/23/2026 00:00:00,Komal Rane,SE,College Canteen 3rd Floor,3,"Overall, good but most days items are not available",synthetic,Positive,0.3604152500629425,0.3604152500629425,0.3214025199413299,0.3181822001934051
3/1/2026 13:37:04,Sneha Kapte,TE,Vrindavan,5,Amazing food and great service.,real,Positive,0.9239946007728576,0.9239946007728576,0.048805970698595,0.0271993763744831
02/23/2026 00:00:00,Tina George,TE,College Canteen 3rd Floor,5,Better hygiene than the ground floor one tbh,synthetic,Positive,0.7184031009674072,0.7184031009674072,0.1423285156488418,0.1392682641744613
03/01/2026 00:00:00,Komal Rane,SE,College Canteen Ground Floor,2,"Worst canteen in campus, hygiene is terrible honestly",synthetic,Negative,0.5068852305412292,0.2834468781948089,0.2096679359674453,0.5068852305412292
03/15/2026 00:00:00,Kabir Desai,TE,Juice Center,5,Healthiest and bestest juice place on campus,synthetic,Positive,0.9152697324752808,0.9152697324752808,0.0525756366550922,0.0321546606719493
03/08/2026 00:00:00,Himanshu Lakra,TE,Shawarma Shop,2,Non of them works on authentic taste!,synthetic,Negative,0.435761034488678,0.3070220053195953,0.2572169601917267,0.435761034488678
3/1/2026 13:37:04,Sneha Kapte,TE,College Canteen 3rd Floor,4,Fresh ingredients and great flavors.,real,Positive,0.9221928119659424,0.9221928119659424,0.0493240840733051,0.0284831188619136
03/02/2026 00:00:00,Ritika Mukherjee,SE,Amar Frankie,1,"Overall, quality has gone down recently, not worth it",synthetic,Negative,0.4390947222709656,0.2718872129917145,0.2890180349349975,0.4390947222709656
03/20/2026 00:00:00,Amit Agarwal,BE,Amar Frankie,1,"Unhygienic, cant see employees wearing gloves!",synthetic,Negative,0.5022367238998413,0.2625204026699066,0.2352428287267685,0.5022367238998413
02/24/2026 00:00:00,Umesh Nayak,SE,Cluckins,4,Not tried much but looks appealing enough,synthetic,Negative,0.3793345391750335,0.3599922060966491,0.2606731951236725,0.3793345391750335
2/26/2026 13:26:45,Naman,TE,Juice Center,5,Cold coffee supremacy,real,Positive,0.6766344308853149,0.6766344308853149,0.1457061022520065,0.1776594370603561
03/06/2026 00:00:00,Isha Dixit,BE,Juice Center,4,a really great option for days when u dont know what to have,synthetic,Positive,0.8840999007225037,0.8840999007225037,0.0693182423710823,0.0465818680822849
03/01/2026 00:00:00,Sneha Iyer,BE,Vrindavan,5,"A really good place for vegetarians, great variety",synthetic,Positive,0.9330203533172609,0.9330203533172609,0.0438058748841285,0.0231738202273845
03/14/2026 00:00:00,Pankaj More,BE,Shawarma Shop,5,service is really good and shawarma tastes great,synthetic,Positive,0.9343184232711792,0.9343184232711792,0.0454231947660446,0.0202583316713571
03/02/2026 00:00:00,Anjali Bansal,TE,Manchurian Shop,5,"They make really good manchurian, always my go-to.",synthetic,Positive,0.8852337002754211,0.8852337002754211,0.0739139914512634,0.0408523343503475
03/04/2026 00:00:00,Priya Joshi,SE,College Canteen 3rd Floor,5,Fresh ingredients and great flavors here,synthetic,Positive,0.9283636808395386,0.9283636808395386,0.0450196154415607,0.0266167148947715
03/02/2026 00:00:00,Meera Bhat,SE,Cluckins,1,"Overall, na, not a good experience at all",synthetic,Negative,0.4372929036617279,0.274582952260971,0.2881241142749786,0.4372929036617279
02/27/2026 00:00:00,Simran Kaur,SE,Cluckins,3,Sometimes maybe good sometimes maybe not good ngl,synthetic,Negative,0.4108486473560333,0.2945477962493896,0.294603556394577,0.4108486473560333
03/09/2026 00:00:00,Manish Khanna,BE,Shawarma Shop,5,so tasty! best shawarma around campus,synthetic,Positive,0.9170530438423156,0.9170530438423156,0.0511343292891979,0.0318126156926155
2/26/2026 13:26:45,Naman,TE,Cluckins,1,Never tried,real,Negative,0.4485432803630829,0.2638907730579376,0.2875659167766571,0.4485432803630829
03/23/2026 00:00:00,Jayesh Pillai,SE,SPJIMR Mess,4,"Good for daily meals, basic but decent honestly",synthetic,Positive,0.6995620727539062,0.6995620727539062,0.1609174311161041,0.1395205408334732
02/21/2026 00:00:00,Vihaan Verma,SE,Shawarma Shop,5,"shawarma can never go wrong here, always good",synthetic,Positive,0.9120919108390808,0.9120919108390808,0.0547739937901496,0.0331341512501239
3/1/2026 12:42:41,Rasika Tukaram Mane,TE,Vrindavan,5,I love their service and food quality,real,Positive,0.9139546155929564,0.9139546155929564,0.0550965964794158,0.0309487152844667
02/23/2026 00:00:00,Ojas Wagh,BE,Amar Frankie,5,the frankies are well-stuffed and flavorful,synthetic,Positive,0.9282419681549072,0.9282419681549072,0.0470791831612587,0.024678885936737
03/16/2026 00:00:00,Kavya Shah,BE,Amar Frankie,3,Spicy but okayish overall quality!,synthetic,Positive,0.7122644782066345,0.7122644782066345,0.1461362987756729,0.1415992379188537
03/08/2026 00:00:00,Meera Bhat,SE,SPJIMR Mess,3,"Overall, nice place but some things need improvement",synthetic,Positive,0.3641872704029083,0.3641872704029083,0.3030520379543304,0.3327606618404388
03/03/2026 00:00:00,Nikhil Das,SE,Juice Center,3,Quality of ingredients is sometimes a concern!,synthetic,Negative,0.459473967552185,0.2911375164985657,0.249388501048088,0.459473967552185
03/05/2026 00:00:00,Ishaan Gupta,TE,Manchurian Shop,3,The taste is fine but the place looks dirty sometimes!,synthetic,Negative,0.4213851988315582,0.2874341309070587,0.2911806404590606,0.4213851988315582
03/15/2026 00:00:00,Rahul Mehta,SE,Manchurian Shop,5,"Overall, the food is tasty and portions are decent for the price",synthetic,Positive,0.8831692337989807,0.8831692337989807,0.0765683501958847,0.0402624495327472
03/13/2026 00:00:00,Kavya Shah,TE,College Canteen Ground Floor,5,Very good food quality when they maintain it!,synthetic,Positive,0.9213130474090576,0.9213130474090576,0.0500109419226646,0.0286760441958904
3/21/2026 0:14:27,Prachi Barhate,TE,Amar Frankie,3,yummy,real,Positive,0.8483254909515381,0.8483254909515381,0.0878367573022842,0.063837744295597
03/11/2026 00:00:00,Himanshu Lakra,BE,College Canteen 3rd Floor,5,Better options than ground floor canteen,synthetic,Positive,0.8967128396034241,0.8967128396034241,0.0660705119371414,0.037216693162918
03/13/2026 00:00:00,Bhavna Dubey,BE,College Canteen 3rd Floor,3,"Overall, they can never replace the ground floor canteen",synthetic,Negative,0.4501575231552124,0.3144069910049438,0.2354354709386825,0.4501575231552124
2/26/2026 7:05:52,Bhavik Bhatia,TE,SPJIMR Mess,4,Nice,real,Positive,0.8867283463478088,0.8867283463478088,0.0685205683112144,0.0447511039674282
03/07/2026 00:00:00,Kriti Goel,BE,Vrindavan,5,"Go to place, sizzling brownie has my heart.",synthetic,Positive,0.918907344341278,0.918907344341278,0.0472215041518211,0.0338711775839328
03/22/2026 00:00:00,Neha Saxena,SE,Amar Frankie,4,Fast tasty frankie and reasonable pricing!,synthetic,Positive,0.9331652522087096,0.9331652522087096,0.0415745750069618,0.02526012994349
03/05/2026 00:00:00,Anjali Bansal,TE,Juice Center,4,Quality of ingredients is sometimes a concern tbh,synthetic,Negative,0.4432686269283294,0.2788531482219696,0.2778781950473785,0.4432686269283294
3/1/2026 12:36:15,Rachel,TE,Cluckins,3,"the place smells a little too strong, chicken is good and fresh though but theres no environment to sit and enjoy your meal",real,Positive,0.3699449300765991,0.3699449300765991,0.2997624576091766,0.3302925527095794
03/17/2026 00:00:00,Faizan Khan,SE,Manchurian Shop,3,"They maintain bare minimum hygiene, taste is okay.",synthetic,Negative,0.3822897374629974,0.2998729050159454,0.3178374469280243,0.3822897374629974
03/07/2026 00:00:00,Rohan Reddy,SE,Shawarma Shop,5,"Best non-veg option near college, tasty shawarma!",synthetic,Positive,0.9416045546531676,0.9416045546531676,0.0350967980921268,0.0232986118644475
02/27/2026 00:00:00,Pankaj More,BE,Juice Center,5,10/10 would recommend for fresh healthy drinks!,synthetic,Positive,0.9239886999130248,0.9239886999130248,0.0474515445530414,0.0285596940666437
03/04/2026 00:00:00,Ojas Wagh,SE,Juice Center,3,"Average juice, could have more variety.",synthetic,Negative,0.3858204185962677,0.307923674583435,0.3062558472156524,0.3858204185962677
02/24/2026 00:00:00,Manish Khanna,TE,Shawarma Shop,5,"Always packed for a reason, the food is great!",synthetic,Positive,0.9109936356544496,0.9109936356544496,0.053933098912239,0.0350732542574405
02/23/2026 00:00:00,Divya Tiwari,BE,Shawarma Shop,3,"Overall, its nice but still is not clean enough",synthetic,Negative,0.4227779507637024,0.2807666659355163,0.2964553833007812,0.4227779507637024
03/21/2026 00:00:00,Suresh Pandey,BE,Vrindavan,1,"Overall, not everything on the menu is available always",synthetic,Negative,0.4338635802268982,0.2734988331794739,0.2926375567913055,0.4338635802268982
02/21/2026 00:00:00,Riya Thakur,BE,Vrindavan,5,"Food quality is excellent, taste is very good.",synthetic,Positive,0.9126921892166138,0.9126921892166138,0.0600113347172737,0.0272963941097259
03/22/2026 00:00:00,Manya Hegde,SE,SPJIMR Mess,2,"Haven't been there, doesnt seem appealing honestly",synthetic,Negative,0.5194758176803589,0.2442241162061691,0.2363000810146331,0.5194758176803589
03/10/2026 00:00:00,Siddharth Malhotra,BE,Amar Frankie,1,"Bad hygiene practices, food color usage is high honestly",synthetic,Negative,0.4760203659534454,0.2690231800079345,0.2549564242362976,0.4760203659534454
2/26/2026 0:02:13,Advait,TE,Juice Center,5,Goat,real,Positive,0.471190482378006,0.471190482378006,0.1991764158010482,0.3296330571174621
03/12/2026 00:00:00,Ojas Wagh,SE,College Canteen 3rd Floor,4,Better hygiene than the ground floor one!,synthetic,Positive,0.8944178223609924,0.8944178223609924,0.0658618956804275,0.0397202409803867
02/28/2026 00:00:00,Tina George,BE,Cluckins,2,I think food was oily and not fresh at all,synthetic,Negative,0.4264295995235443,0.2775983512401581,0.2959720492362976,0.4264295995235443
03/09/2026 00:00:00,Gaurav Patil,SE,Manchurian Shop,1,Not worth risking your health for this food,synthetic,Negative,0.4564211070537567,0.2869524955749511,0.2566264569759369,0.4564211070537567
03/12/2026 00:00:00,Divya Tiwari,TE,Manchurian Shop,4,"Good quality food, consistent taste every time",synthetic,Positive,0.9363222122192384,0.9363222122192384,0.0382892340421676,0.0253885779529809
2/26/2026 0:02:13,Advait,TE,College Canteen Ground Floor,2,No comments,real,Negative,0.4338042438030243,0.2907829284667969,0.2754128277301788,0.4338042438030243
3/1/2026 12:42:41,Rasika Tukaram Mane,TE,College Canteen 3rd Floor,5,Good,real,Positive,0.912220060825348,0.912220060825348,0.0546148903667926,0.0331650711596012
03/12/2026 00:00:00,Amit Agarwal,SE,College Canteen 3rd Floor,3,Sandwiches are nice but rest is average,synthetic,Positive,0.4170976877212524,0.4170976877212524,0.3901537954807281,0.192748486995697
02/23/2026 00:00:00,Siddharth Malhotra,BE,Shawarma Shop,5,"Overall, best non-veg option near college, tasty shawarma",synthetic,Positive,0.9393702149391174,0.9393702149391174,0.0377076268196105,0.0229221787303686
3/1/2026 12:45:09,Nidhi Patel,TE,Juice Center,5,"The juice quality is fresh, refreshing, and well-prepared. There are multiple healthy options available, and the taste is consistently good. Pricing is affordable, and service is fairly quick. Overall, a pleasant and refreshing experience.",real,Positive,0.9274636507034302,0.9274636507034302,0.0468861386179924,0.0256502721458673
2/26/2026 9:00:20,Jehan,TE,Juice Center,5,Refreshing,real,Positive,0.8291033506393433,0.8291033506393433,0.0931143760681152,0.0777823328971862
03/21/2026 00:00:00,Divya Tiwari,TE,Shawarma Shop,4,"Really good shawarma, perfectly spiced and filling honestly",synthetic,Positive,0.9440053701400756,0.9440053701400756,0.0350478440523147,0.0209467746317386
3/1/2026 12:49:03,Rehan Ansari,TE,Vrindavan,1,Na,real,Negative,0.4121248424053192,0.3207772672176361,0.267097920179367,0.4121248424053192
03/24/2026 00:00:00,Ekta Bhardwaj,SE,Juice Center,4,"choco, oreo, chocolate strawberry are amazing",synthetic,Positive,0.9199127554893494,0.9199127554893494,0.0523055642843246,0.0277816858142614
03/21/2026 00:00:00,Bhavna Dubey,BE,Cluckins,4,"Best chicken in the town, love it ngl",synthetic,Positive,0.9207804203033448,0.9207804203033448,0.048111505806446,0.0311081688851118
2/26/2026 13:26:45,Naman,TE,Shawarma Shop,1,Never tried,real,Negative,0.4485432803630829,0.2638907730579376,0.2875659167766571,0.4485432803630829
03/06/2026 00:00:00,Ritika Mukherjee,SE,Cluckins,2,Not tried much but looks appealing enough ngl,synthetic,Negative,0.3761464059352875,0.3607301414012909,0.2631234228610992,0.3761464059352875
02/26/2026 00:00:00,Suresh Pandey,BE,Cluckins,5,Good food and easy on the pocket for students!,synthetic,Positive,0.9299944043159484,0.9299944043159484,0.0463919974863529,0.0236135646700859
03/20/2026 00:00:00,Vivek Yadav,TE,Amar Frankie,1,"Improve order accuracy, service is poor",synthetic,Negative,0.4488559067249298,0.300994873046875,0.2501491904258728,0.4488559067249298
03/02/2026 00:00:00,Anjali Bansal,TE,College Canteen 3rd Floor,5,"Good food, homely, very good overall",synthetic,Positive,0.9337441325187684,0.9337441325187684,0.0438502915203571,0.0224056001752614
02/23/2026 00:00:00,Sakshi Bhatia,SE,Vrindavan,5,"perfect place for vegetarians, amazing variety",synthetic,Positive,0.9381131529808044,0.9381131529808044,0.038712054491043,0.0231747422367334
03/18/2026 00:00:00,Divya Tiwari,SE,Vrindavan,1,Pricy and not worth it for what they serve honestly,synthetic,Negative,0.4870934188365936,0.2774539291858673,0.2354526817798614,0.4870934188365936
03/18/2026 00:00:00,Deepak Jain,TE,Shawarma Shop,1,"I think smells near their shop, not clean at all",synthetic,Negative,0.4712059497833252,0.2585858702659607,0.2702082395553589,0.4712059497833252
03/09/2026 00:00:00,Ananya Patel,BE,SPJIMR Mess,5,"Overall, raises your standards when you eat here",synthetic,Positive,0.9036572575569152,0.9036572575569152,0.0576624237000942,0.0386802554130554
02/25/2026 00:00:00,Pallavi Naik,TE,Manchurian Shop,5,"Overall, solid food, bhaji pav is especially good here",synthetic,Positive,0.9267905354499816,0.9267905354499816,0.0508721023797988,0.0223373807966709
03/03/2026 00:00:00,Anjali Bansal,BE,Amar Frankie,5,"Follows norms and regulations, good food quality honestly",synthetic,Positive,0.9041998982429504,0.9041998982429504,0.0601575076580047,0.0356425940990448
02/21/2026 00:00:00,Himanshu Lakra,BE,College Canteen 3rd Floor,4,"Sandwiches are the best here, must try!.",synthetic,Positive,0.9229053854942322,0.9229053854942322,0.0509943030774593,0.0261002816259861
03/21/2026 00:00:00,Faizan Khan,TE,Manchurian Shop,3,"Food is average, cleanliness needs work.",synthetic,Negative,0.4808685779571533,0.2561784088611603,0.262952983379364,0.4808685779571533
03/25/2026 00:00:00,Arjun Singh,BE,Shawarma Shop,3,Taste is good but sourcing of ingredients is dubious ngl,synthetic,Negative,0.3789664804935455,0.2806850373744964,0.3403484225273132,0.3789664804935455
03/04/2026 00:00:00,Deepak Jain,SE,Vrindavan,1,"Overall, overpriced restaurant, not campus-friendly pricing",synthetic,Negative,0.4931779503822326,0.2599474191665649,0.2468745857477188,0.4931779503822326
03/21/2026 00:00:00,Arjun Singh,TE,Shawarma Shop,3,"always a little uncooked, needs to cook properly",synthetic,Negative,0.4715979099273681,0.2964987158775329,0.2319034039974212,0.4715979099273681
03/03/2026 00:00:00,Deepak Jain,BE,Cluckins,4,decent but nothing special about the food,synthetic,Negative,0.4017453789710998,0.2982363104820251,0.3000183403491974,0.4017453789710998
03/09/2026 00:00:00,Raj Kapoor,SE,College Canteen Ground Floor,3,Too much waiting and food quality is average,synthetic,Negative,0.4341027736663818,0.272934079170227,0.2929631769657135,0.4341027736663818
3/1/2026 12:45:09,Nidhi Patel,TE,Amar Frankie,4,"Amar Frankie offers delicious, well-stuffed, and flavorful frankies. The ingredients taste fresh, and the service is quick and efficient. Pricing is reasonable, making it a great value-for-money option. Overall, a satisfying and enjoyable experience.",real,Positive,0.9227523803710938,0.9227523803710938,0.0487575232982635,0.028490075841546
02/25/2026 00:00:00,Rohan Reddy,SE,Cluckins,5,Really tasty with good portion sizes ngl,synthetic,Positive,0.910929262638092,0.910929262638092,0.0609845146536827,0.0280862636864185
02/23/2026 00:00:00,Anjali Bansal,BE,College Canteen Ground Floor,4,Okay service but food is decent enough tbh,synthetic,Positive,0.614009439945221,0.614009439945221,0.2178732007741928,0.1681173741817474
03/05/2026 00:00:00,Jayesh Pillai,BE,Cluckins,4,"Best chicken in the town, love it tbh",synthetic,Positive,0.927782952785492,0.927782952785492,0.0446611121296882,0.027556013315916
2/26/2026 10:54:35,Ananyasingh S. Chauhan,TE,Juice Center,4,Wash utensils everytime before using. Keep the counter clean. Fruits are mostly seasonal and fresh.,real,Positive,0.8732737302780151,0.8732737302780151,0.0844192430377006,0.0423069559037685
2/26/2026 7:05:52,Bhavik Bhatia,TE,College Canteen 3rd Floor,3,Good,real,Positive,0.912220060825348,0.912220060825348,0.0546148903667926,0.0331650711596012
2/26/2026 16:24:12,Parth Gujarkar,TE,Manchurian Shop,3,Unhygienic,real,Negative,0.5221124887466431,0.2792060077190399,0.1986815184354782,0.5221124887466431
02/21/2026 00:00:00,Diya Kumar,TE,Shawarma Shop,5,"I think good food, the flavours are delicious",synthetic,Positive,0.9345527291297911,0.9345527291297911,0.0437552817165851,0.0216920580714941
03/07/2026 00:00:00,Chetan Rawat,BE,Amar Frankie,3,"the frankie is okayish, scope for improvement",synthetic,Positive,0.4715667366981506,0.4715667366981506,0.2241598218679428,0.3042735159397125
03/05/2026 00:00:00,Vikram Rathod,BE,Cluckins,5,great student offers and deals available,synthetic,Positive,0.9226134419441224,0.9226134419441224,0.0491604097187519,0.0282262600958347
2/26/2026 11:06:25,Divit Gupta,TE,Cluckins,3,Decent,real,Positive,0.4708670675754547,0.4708670675754547,0.2287814021110534,0.300351470708847
02/27/2026 00:00:00,Isha Dixit,SE,Cluckins,3,"Average food, menu needs more options!",synthetic,Negative,0.4384098649024963,0.2711382508277893,0.2904518544673919,0.4384098649024963
03/19/2026 00:00:00,Sahil Bajaj,SE,College Canteen Ground Floor,4,I think food quality is good and pricing is student-friendly,synthetic,Positive,0.9280465245246888,0.9280465245246888,0.0460896976292133,0.0258637554943561
03/15/2026 00:00:00,Akash Sinha,BE,SPJIMR Mess,1,"Overall, they dont wear gloves, very unhygienic",synthetic,Negative,0.4934997856616974,0.2743094563484192,0.232190728187561,0.4934997856616974
03/24/2026 00:00:00,Pallavi Naik,TE,Vrindavan,5,"go to place, sizzling brownie has my heart",synthetic,Positive,0.9121425151824952,0.9121425151824952,0.052159134298563,0.0356982685625553
03/11/2026 00:00:00,Tanvi Chopra,BE,College Canteen Ground Floor,3,"Overall, not too much options, menu is limited",synthetic,Negative,0.4154990613460541,0.2608336508274078,0.3236672580242157,0.4154990613460541
03/23/2026 00:00:00,Kriti Goel,BE,SPJIMR Mess,5,"Best overall, food quality and quantity both great tbh",synthetic,Positive,0.9324026107788086,0.9324026107788086,0.0423709824681282,0.0252263713628053
03/21/2026 00:00:00,Neha Saxena,SE,Manchurian Shop,4,One of the better options near college for quick food tbh,synthetic,Positive,0.9323841333389282,0.9323841333389282,0.0444069169461727,0.0232089255005121
03/10/2026 00:00:00,Shreya Mishra,TE,College Canteen 3rd Floor,2,Too expensive for what they offer ngl,synthetic,Negative,0.4707465171813965,0.2711737751960754,0.2580797076225281,0.4707465171813965
03/15/2026 00:00:00,Suresh Pandey,TE,Cluckins,5,"Nice place, proper shop with good ambiance ngl",synthetic,Positive,0.932742953300476,0.932742953300476,0.0448445081710815,0.0224125683307647
02/20/2026 00:00:00,Manish Khanna,TE,Juice Center,1,They dilute the juice too much with water,synthetic,Negative,0.461699903011322,0.2746313810348511,0.2636687159538269,0.461699903011322
03/25/2026 00:00:00,Kabir Desai,SE,Juice Center,1,"Flavor was too diluted, tastes like water honestly",synthetic,Negative,0.4972380101680755,0.2521126270294189,0.2506493926048279,0.4972380101680755
03/03/2026 00:00:00,Kriti Goel,TE,Cluckins,1,Expensive for what they serve honestly honestly,synthetic,Negative,0.4743636548519134,0.2964306771755218,0.2292056679725647,0.4743636548519134
03/03/2026 00:00:00,Varun Karnik,TE,College Canteen Ground Floor,4,"limited menu, monotonous and boring food",synthetic,Negative,0.4724933803081512,0.2634121477603912,0.2640944719314575,0.4724933803081512
03/20/2026 00:00:00,Sneha Iyer,BE,Vrindavan,5,"I think another banger from Vrindavan, never disappoints",synthetic,Positive,0.904976487159729,0.904976487159729,0.05235381051898,0.0426696762442588
03/07/2026 00:00:00,Sneha Iyer,SE,Shawarma Shop,1,"I think no veg options at all, very exclusionary",synthetic,Negative,0.4642564356327057,0.2939497232437134,0.2417938262224197,0.4642564356327057
03/14/2026 00:00:00,Sahil Bajaj,SE,Manchurian Shop,4,"The manchurian is nostalgic, love the spice level!",synthetic,Positive,0.9173827767372132,0.9173827767372132,0.0494923666119575,0.0331248864531517
2/26/2026 10:55:39,Param,TE,College Canteen Ground Floor,3,Cheap but unhygienic,real,Negative,0.4523591697216034,0.2846691012382507,0.2629717588424682,0.4523591697216034
2/26/2026 7:25:39,Harsh Bhatt,TE,Manchurian Shop,5,Solid 5/5,real,Positive,0.891311526298523,0.891311526298523,0.0604341365396976,0.048254270106554
03/08/2026 00:00:00,Sonia Roy,SE,SPJIMR Mess,4,Quality did not meet expectations sometimes honestly,synthetic,Negative,0.446887731552124,0.2659461796283722,0.2871661186218261,0.446887731552124
03/14/2026 00:00:00,Diya Kumar,TE,Shawarma Shop,5,"Best non-veg option near college, tasty shawarma ngl",synthetic,Positive,0.942866861820221,0.942866861820221,0.0349158979952335,0.0222172103822231
02/27/2026 00:00:00,Nikhil Das,TE,Vrindavan,4,"Amazing food and great service, love it honestly",synthetic,Positive,0.9340412616729736,0.9340412616729736,0.04152537509799,0.0244332440197467
2/26/2026 10:49:29,Madhura Lolayekar,TE,Shawarma Shop,1,Haven't tried,real,Negative,0.4648977816104889,0.267444372177124,0.2676578462123871,0.4648977816104889
02/27/2026 00:00:00,Ananya Patel,BE,Shawarma Shop,3,Chicken quality I doubt sometimes.,synthetic,Negative,0.3950820565223694,0.3643888533115387,0.2405291050672531,0.3950820565223694
3/21/2026 0:14:27,Prachi Barhate,TE,College Canteen Ground Floor,4,too crowded,real,Negative,0.4542734026908874,0.2644422650337219,0.2812843918800354,0.4542734026908874
03/11/2026 00:00:00,Faizan Khan,SE,Amar Frankie,5,"Great value for money, delicious frankies every time ngl",synthetic,Positive,0.9268427491188048,0.9268427491188048,0.0428963750600814,0.030260844156146
03/22/2026 00:00:00,Vivek Yadav,SE,Shawarma Shop,3,"Average shawarma, nothing special about it ngl",synthetic,Negative,0.3816693425178528,0.3539309501647949,0.2643997371196747,0.3816693425178528
2/26/2026 0:02:13,Advait,TE,SPJIMR Mess,2,No other option,real,Negative,0.4521277844905853,0.2860821783542633,0.261790007352829,0.4521277844905853
03/12/2026 00:00:00,Suresh Pandey,TE,Amar Frankie,3,"Average taste, decent portion size.",synthetic,Negative,0.3973139226436615,0.3260194659233093,0.2766665518283844,0.3973139226436615
02/27/2026 00:00:00,Ojas Wagh,BE,Juice Center,2,they dilute the juice too much with water,synthetic,Negative,0.461699903011322,0.2746313810348511,0.2636687159538269,0.461699903011322
02/24/2026 00:00:00,Jayesh Pillai,BE,Manchurian Shop,4,"I think solid food, bhaji pav is especially good here",synthetic,Positive,0.925452709197998,0.925452709197998,0.051391277462244,0.0231560170650482
2/26/2026 10:47:42,Kriya Mehta,TE,Amar Frankie,2,unhygienic,real,Negative,0.5221124887466431,0.2792060077190399,0.1986815184354782,0.5221124887466431
03/25/2026 00:00:00,Kiran Srivastava,BE,College Canteen 3rd Floor,4,Thali and lunch option available which is great.,synthetic,Positive,0.9208251237869264,0.9208251237869264,0.0536329261958599,0.0255418978631496
2/26/2026 11:44:27,Samiksha,TE,SPJIMR Mess,3,Bad food quality,real,Negative,0.4707120656967163,0.2831335663795471,0.246154323220253,0.4707120656967163
03/03/2026 00:00:00,Riya Thakur,TE,Manchurian Shop,4,"Overall, very good taste, pricing is reasonable for students",synthetic,Positive,0.92279452085495,0.92279452085495,0.0500536486506462,0.0271518770605325
02/28/2026 00:00:00,Naveen Deshpande,BE,Cluckins,5,I think good food and easy on the pocket for students,synthetic,Positive,0.9279429316520692,0.9279429316520692,0.0488009490072727,0.023256042972207
3/1/2026 12:49:03,Rehan Ansari,TE,Cluckins,4,Na,real,Negative,0.4121248424053192,0.3207772672176361,0.267097920179367,0.4121248424053192
3/1/2026 12:37:32,Arushi Jain,TE,College Canteen 3rd Floor,4,"Peaceful, quite and airy space to sit, thali and lunch option available along with pani puri which is a usp",real,Positive,0.9300897717475892,0.9300897717475892,0.0447736606001853,0.0251366049051284
03/09/2026 00:00:00,Siddharth Malhotra,BE,College Canteen Ground Floor,5,Cost-effective meals for daily eating ngl,synthetic,Positive,0.9306462407112122,0.9306462407112122,0.0416879504919052,0.0276657734066247
03/12/2026 00:00:00,Sakshi Bhatia,SE,Cluckins,4,Good food and easy on the pocket for students honestly,synthetic,Positive,0.9270138740539552,0.9270138740539552,0.0498605780303478,0.0231254715472459
03/10/2026 00:00:00,Raj Kapoor,TE,Amar Frankie,2,Spicy but okayish overall quality,synthetic,Positive,0.5836879014968872,0.5836879014968872,0.2115843594074249,0.2047277987003326
03/06/2026 00:00:00,Umesh Nayak,TE,Cluckins,5,one of the best non-veg spots near campus,synthetic,Positive,0.9197579026222228,0.9197579026222228,0.0501005947589874,0.0301414802670478
02/27/2026 00:00:00,Tanvi Chopra,SE,College Canteen 3rd Floor,3,Good but most days items are not available!,synthetic,Negative,0.3738233745098114,0.32670658826828,0.2994699776172638,0.3738233745098114
03/13/2026 00:00:00,Riya Thakur,SE,SPJIMR Mess,5,strongly recommended for college students,synthetic,Positive,0.8956413269042969,0.8956413269042969,0.0671109333634376,0.0372477732598781
03/09/2026 00:00:00,Arjun Singh,BE,Shawarma Shop,5,"Overall, the shawarma here is worth every rupee",synthetic,Positive,0.912418007850647,0.912418007850647,0.0550489015877246,0.0325330309569835
3/1/2026 12:45:09,Nidhi Patel,TE,SPJIMR Mess,4,"The mess provides nutritious, well-balanced, and homely food. The quality is consistent, and the meals are filling and satisfying. Cleanliness is maintained properly, and the overall experience is reliable and comfortable.",real,Positive,0.92193204164505,0.92193204164505,0.0498442612588405,0.0282236654311418
03/24/2026 00:00:00,Rahul Mehta,SE,Shawarma Shop,1,"Smells near their shop, not clean at all honestly",synthetic,Negative,0.4813804626464844,0.2580719888210296,0.2605476081371307,0.4813804626464844
03/01/2026 00:00:00,Isha Dixit,BE,College Canteen 3rd Floor,4,I think better hygiene than the ground floor one,synthetic,Positive,0.7766748070716858,0.7766748070716858,0.1252365410327911,0.0980887115001678
03/25/2026 00:00:00,Priya Joshi,BE,Shawarma Shop,4,"Overall, shawarma can never go wrong here, always good",synthetic,Positive,0.9162876605987548,0.9162876605987548,0.0529101379215717,0.0308022182434797
03/01/2026 00:00:00,Kriti Goel,BE,College Canteen 3rd Floor,4,"Good food, homely, very good overall",synthetic,Positive,0.9337441325187684,0.9337441325187684,0.0438502915203571,0.0224056001752614
03/09/2026 00:00:00,Manish Khanna,BE,Shawarma Shop,3,Taste is good but sourcing of ingredients is dubious!,synthetic,Negative,0.4420624077320099,0.2714624106884002,0.2864752113819122,0.4420624077320099
02/22/2026 00:00:00,Pankaj More,TE,Cluckins,1,"Too pricy for students, not affordable ngl",synthetic,Negative,0.4942383170127868,0.2842706143856048,0.2214910686016082,0.4942383170127868
02/23/2026 00:00:00,Naveen Deshpande,SE,Cluckins,5,Really tasty with good portion sizes honestly,synthetic,Positive,0.8989124894142151,0.8989124894142151,0.067515917122364,0.0335716009140014
02/22/2026 00:00:00,Anjali Bansal,TE,College Canteen Ground Floor,4,very good food quality when they maintain it,synthetic,Positive,0.9087067246437072,0.9087067246437072,0.0594460591673851,0.0318471156060695
2/26/2026 10:49:29,Madhura Lolayekar,TE,College Canteen 3rd Floor,4,It's nice,real,Positive,0.880419135093689,0.880419135093689,0.073219284415245,0.0463615879416465
02/27/2026 00:00:00,Komal Rane,BE,College Canteen Ground Floor,4,"Chat centre is very good here, love the chaat",synthetic,Positive,0.9216338396072388,0.9216338396072388,0.0532791800796985,0.0250870063900947
2/26/2026 11:21:12,Menil,TE,Amar Frankie,4,Easy but unhealthy,real,Negative,0.4004980623722076,0.3219195604324341,0.277582436800003,0.4004980623722076
03/18/2026 00:00:00,Pooja Chauhan,SE,Shawarma Shop,1,"Overall, no veg options at all, very exclusionary",synthetic,Negative,0.459739625453949,0.2908239662647247,0.2494363784790039,0.459739625453949
3/1/2026 16:09:16,Krishika Jalali,TE,Shawarma Shop,4,Dust from road,real,Negative,0.4656874239444732,0.2899094223976135,0.2444032281637191,0.4656874239444732
03/07/2026 00:00:00,Arjun Singh,BE,Cluckins,5,"Crispy and flavorful food, worth trying.",synthetic,Positive,0.9256666898727416,0.9256666898727416,0.0446887463331222,0.0296445600688457
02/25/2026 00:00:00,Raj Kapoor,BE,Manchurian Shop,5,"Good quality food, consistent taste every time",synthetic,Positive,0.9363222122192384,0.9363222122192384,0.0382892340421676,0.0253885779529809
03/20/2026 00:00:00,Kriti Goel,SE,College Canteen 3rd Floor,2,standard 3rd floor canteen experience,synthetic,Positive,0.6227129101753235,0.6227129101753235,0.2005362212657928,0.1767508387565612
03/20/2026 00:00:00,Riya Thakur,SE,Vrindavan,5,"Food quality is excellent, taste is very good tbh",synthetic,Positive,0.9128355383872986,0.9128355383872986,0.0600755102932453,0.0270889680832624
03/18/2026 00:00:00,Umesh Nayak,SE,Amar Frankie,1,"Hygiene wise its very bad, saw tobacco chewing!",synthetic,Negative,0.4594584107398987,0.263570487499237,0.2769710719585418,0.4594584107398987
03/07/2026 00:00:00,Sahil Bajaj,BE,College Canteen Ground Floor,3,Most items arent healthy or energetic enough,synthetic,Negative,0.4317150712013244,0.2582341730594635,0.3100507855415344,0.4317150712013244
2/26/2026 11:53:39,Vedika Pardeshi,TE,Amar Frankie,5,Nice,real,Positive,0.8867283463478088,0.8867283463478088,0.0685205683112144,0.0447511039674282
2/26/2026 9:00:20,Jehan,TE,College Canteen 3rd Floor,3,Good,real,Positive,0.912220060825348,0.912220060825348,0.0546148903667926,0.0331650711596012
2/26/2026 12:31:38,Shreya Mahajan,TE,Vrindavan,5,Always my last resort,real,Positive,0.5114395022392273,0.5114395022392273,0.1851435303688049,0.3034169375896454
3/1/2026 12:37:30,Hitesh Ghanchi,TE,College Canteen 3rd Floor,4,"Sandwiches are good. Cold coffee, and various go to options available. Better hygiene than the other canteen.",real,Positive,0.9141799807548524,0.9141799807548524,0.0592364333570003,0.0265835206955671
2/26/2026 10:47:42,Kriya Mehta,TE,SPJIMR Mess,2,never been there,real,Negative,0.4889979362487793,0.2491554468870163,0.2618466317653656,0.4889979362487793
03/15/2026 00:00:00,Manya Hegde,SE,Shawarma Shop,5,"really good shawarma, perfectly spiced and filling",synthetic,Positive,0.9414430856704712,0.9414430856704712,0.0369903147220611,0.0215666648000478
2/26/2026 10:54:35,Ananyasingh S. Chauhan,TE,College Canteen Ground Floor,4,Very good food quality but sometimes forget to maintain cleanliness.,real,Positive,0.7739080786705017,0.7739080786705017,0.1461641937494278,0.0799277573823928
03/09/2026 00:00:00,Jayesh Pillai,BE,SPJIMR Mess,5,I think strongly recommended for college students,synthetic,Positive,0.8962193727493286,0.8962193727493286,0.068057894706726,0.0357227064669132
03/18/2026 00:00:00,Nisha Kulkarni,SE,College Canteen 3rd Floor,3,Sandwiches are nice but rest is average,synthetic,Positive,0.4170976877212524,0.4170976877212524,0.3901537954807281,0.192748486995697
3/1/2026 12:35:33,Vatsal Jain,TE,Juice Center,4,Very good,real,Positive,0.8968396782875061,0.8968396782875061,0.0635488480329513,0.0396115183830261
2/26/2026 13:26:45,Naman,TE,Amar Frankie,4,Nice place,real,Positive,0.9211046695709229,0.9211046695709229,0.0514604374766349,0.0274349264800548
02/22/2026 00:00:00,Divya Tiwari,SE,Juice Center,5,"Nice and fresh juices, healthy option ngl",synthetic,Positive,0.9426187872886658,0.9426187872886658,0.0372067503631114,0.0201744604855775
03/02/2026 00:00:00,Sakshi Bhatia,TE,Amar Frankie,3,"meh, nothing special about the frankies",synthetic,Negative,0.3982731699943542,0.2943617403507232,0.3073650896549225,0.3982731699943542
2/26/2026 13:24:02,Riya More,TE,College Canteen 3rd Floor,4,good,real,Positive,0.912220060825348,0.912220060825348,0.0546148903667926,0.0331650711596012
2/26/2026 10:55:39,Param,TE,Vrindavan,5,Best food.,real,Positive,0.9161577820777892,0.9161577820777892,0.0514215864241123,0.0324206687510013
03/10/2026 00:00:00,Vivek Yadav,SE,College Canteen 3rd Floor,4,"Peaceful, quiet and airy space to sit and eat.",synthetic,Positive,0.910862386226654,0.910862386226654,0.0519728735089302,0.0371648296713829
03/02/2026 00:00:00,Gaurav Patil,BE,College Canteen 3rd Floor,3,Better but still lacks diversity in menu!,synthetic,Positive,0.4663205742835998,0.4663205742835998,0.2339242845773697,0.2997551262378692
03/05/2026 00:00:00,Sakshi Bhatia,TE,Shawarma Shop,4,"Shawarma is my life, love this place ngl",synthetic,Positive,0.9247658252716064,0.9247658252716064,0.0466368421912193,0.0285972729325294
03/18/2026 00:00:00,Meera Bhat,BE,College Canteen 3rd Floor,2,Menu needs major improvement honestly tbh,synthetic,Negative,0.4368271231651306,0.2577760517597198,0.3053968250751495,0.4368271231651306
03/12/2026 00:00:00,Pankaj More,TE,Juice Center,4,Fresh juice but portions could be bigger ngl,synthetic,Negative,0.3625750839710235,0.3025504350662231,0.334874540567398,0.3625750839710235
2/26/2026 20:43:38,Yug Bhanushali,TE,Juice Center,4,Tasty but expensive,real,Positive,0.7088709473609924,0.7088709473609924,0.1610139906406402,0.1301150619983673
3/1/2026 13:35:58,Asmiya Sayyad,TE,College Canteen Ground Floor,2,It smells,real,Positive,0.4242849051952362,0.4242849051952362,0.2227134555578231,0.3530017137527466
03/03/2026 00:00:00,Tanvi Chopra,SE,Manchurian Shop,4,"Can be better, needs improvement in cleanliness honestly",synthetic,Positive,0.3578456044197082,0.3578456044197082,0.293538749217987,0.3486156761646271
02/27/2026 00:00:00,Vikram Rathod,SE,SPJIMR Mess,5,The food is hygienic and meals are well-balanced honestly,synthetic,Positive,0.9178712368011476,0.9178712368011476,0.0543791651725769,0.0277495514601469
03/11/2026 00:00:00,Aditya Nair,TE,Amar Frankie,1,Not clean enough for my standards!,synthetic,Negative,0.473808228969574,0.2843458652496338,0.2418459206819534,0.473808228969574
03/06/2026 00:00:00,Jayesh Pillai,BE,Cluckins,1,"Overall, average at best, Bombay burgers is better",synthetic,Positive,0.4918617606163025,0.4918617606163025,0.2614380121231079,0.246700257062912
2/26/2026 11:21:12,Menil,TE,SPJIMR Mess,5,Goated food,real,Positive,0.8686457276344299,0.8686457276344299,0.0793133825063705,0.0520409643650054
03/24/2026 00:00:00,Gauri Menon,BE,Vrindavan,2,"Overpriced restaurant, not campus-friendly pricing.",synthetic,Negative,0.492586076259613,0.2823048233985901,0.2251090854406356,0.492586076259613
03/14/2026 00:00:00,Sneha Iyer,TE,Amar Frankie,4,"I think insane frankies, best snack near campus",synthetic,Positive,0.9302533268928528,0.9302533268928528,0.0439707189798355,0.0257759653031826
02/28/2026 00:00:00,Vihaan Verma,SE,College Canteen 3rd Floor,4,Better options than ground floor canteen tbh,synthetic,Positive,0.9100926518440248,0.9100926518440248,0.0587579645216465,0.0311494544148445
2/26/2026 11:44:27,Samiksha,TE,Juice Center,3,Contaminated water is the main issue everywhere,real,Negative,0.4315995275974273,0.339190661907196,0.2292098104953766,0.4315995275974273
03/21/2026 00:00:00,Gaurav Patil,BE,Manchurian Shop,3,Decent enough but not my first choice.,synthetic,Negative,0.4560787975788116,0.2768118977546692,0.2671093642711639,0.4560787975788116
2/26/2026 10:55:39,Param,TE,Amar Frankie,4,Good,real,Positive,0.912220060825348,0.912220060825348,0.0546148903667926,0.0331650711596012
03/03/2026 00:00:00,Naveen Deshpande,BE,SPJIMR Mess,1,"They dont wear gloves, very unhygienic!",synthetic,Negative,0.4883358478546142,0.2933272421360016,0.2183368802070617,0.4883358478546142
02/27/2026 00:00:00,Vivek Yadav,SE,Cluckins,3,I think sometimes maybe good sometimes maybe not good,synthetic,Negative,0.3807406425476074,0.3311430215835571,0.2881163656711578,0.3807406425476074
03/14/2026 00:00:00,Divya Tiwari,BE,Juice Center,4,"Always gets fresh juice, love the variety.",synthetic,Positive,0.9126256704330444,0.9126256704330444,0.0574736930429935,0.0299006141722202
03/08/2026 00:00:00,Meera Bhat,BE,SPJIMR Mess,5,Good food quality and quantity at great prices!,synthetic,Positive,0.9233936071395874,0.9233936071395874,0.0448784381151199,0.0317279249429702
03/06/2026 00:00:00,Ritika Mukherjee,BE,SPJIMR Mess,4,"Overall, outstanding food, clean and well-maintained",synthetic,Positive,0.9231623411178588,0.9231623411178588,0.0485088303685188,0.0283288098871707
03/19/2026 00:00:00,Arjun Singh,SE,College Canteen 3rd Floor,1,"I think no thank you, not going back there",synthetic,Negative,0.4665103852748871,0.2670442163944244,0.2664453387260437,0.4665103852748871
03/16/2026 00:00:00,Gaurav Patil,SE,Amar Frankie,5,"Top 2 frankie shops, uses gloves, nice quantity.",synthetic,Positive,0.9261569380760192,0.9261569380760192,0.0442471876740455,0.0295958593487739
03/17/2026 00:00:00,Sahil Bajaj,TE,Juice Center,3,Fresh juice but portions could be bigger,synthetic,Negative,0.3480400145053863,0.3154402375221252,0.3365197777748108,0.3480400145053863
03/15/2026 00:00:00,Sakshi Bhatia,SE,Manchurian Shop,5,One of the better options near college for quick food.,synthetic,Positive,0.9288261532783508,0.9288261532783508,0.04611736536026,0.0250564441084861
3/1/2026 12:49:03,Rehan Ansari,TE,Shawarma Shop,1,Non of them works on authentic arab taste,real,Negative,0.3883249461650848,0.3397753834724426,0.2718996703624725,0.3883249461650848
03/15/2026 00:00:00,Sakshi Bhatia,SE,SPJIMR Mess,5,"Goated food, best experience every time tbh",synthetic,Positive,0.9400256872177124,0.9400256872177124,0.0359547100961208,0.0240196231752634
3/1/2026 13:43:44,Aniruddh Iyer,TE,College Canteen 3rd Floor,3,nice,real,Positive,0.8867283463478088,0.8867283463478088,0.0685205683112144,0.0447511039674282
03/21/2026 00:00:00,Chetan Rawat,BE,SPJIMR Mess,4,"Outstanding food, clean and well-maintained ngl",synthetic,Positive,0.9256194829940796,0.9256194829940796,0.0457136966288089,0.0286668203771114
2/26/2026 12:31:38,Shreya Mahajan,TE,Manchurian Shop,5,"Very tasty, nostalgic almost",real,Positive,0.8543432950973511,0.8543432950973511,0.0831252858042717,0.062531441450119
03/18/2026 00:00:00,Akash Sinha,TE,College Canteen 3rd Floor,1,Slightly more decent but still not good enough honestly,synthetic,Negative,0.435099720954895,0.2721723020076751,0.292727917432785,0.435099720954895
03/17/2026 00:00:00,Diya Kumar,BE,Shawarma Shop,2,Never tried because it looks so unhygienic,synthetic,Negative,0.4673914015293121,0.2716199457645416,0.260988712310791,0.4673914015293121
3/1/2026 13:35:58,Asmiya Sayyad,TE,College Canteen 3rd Floor,4,Good management,real,Positive,0.8935333490371704,0.8935333490371704,0.067437045276165,0.0390295758843421
03/14/2026 00:00:00,Rahul Mehta,SE,College Canteen 3rd Floor,5,"Overall, nice canteen, comfortable seating area",synthetic,Positive,0.9355416297912598,0.9355416297912598,0.0422648079693317,0.0221934970468282
02/26/2026 00:00:00,Suresh Pandey,BE,Vrindavan,1,Not everything on the menu is available always ngl,synthetic,Negative,0.4123594164848327,0.2926988005638122,0.2949416935443878,0.4123594164848327
2/26/2026 11:21:12,Menil,TE,Cluckins,4,Tasty,real,Positive,0.9083780646324158,0.9083780646324158,0.0574291385710239,0.0341928042471408
2/26/2026 7:25:39,Harsh Bhatt,TE,College Canteen 3rd Floor,4,Better but still lacks diversity,real,Positive,0.3783285617828369,0.3783285617828369,0.2817128002643585,0.3399586081504822
03/02/2026 00:00:00,Gaurav Patil,SE,College Canteen 3rd Floor,5,"I think sandwiches are the best here, must try!",synthetic,Positive,0.9066058397293092,0.9066058397293092,0.0587938651442527,0.0346002355217933
03/24/2026 00:00:00,Manya Hegde,BE,SPJIMR Mess,5,"I think fast clean and tasty, the holy trinity",synthetic,Positive,0.9297050833702089,0.9297050833702089,0.0400322861969471,0.0302626825869083
03/23/2026 00:00:00,Rohan Reddy,SE,Manchurian Shop,4,The taste is fine but the place looks dirty sometimes!,synthetic,Negative,0.4213851988315582,0.2874341309070587,0.2911806404590606,0.4213851988315582
03/08/2026 00:00:00,Bhavna Dubey,TE,Amar Frankie,4,"Yummy, tastier and healthier option for snacks",synthetic,Positive,0.9236196279525756,0.9236196279525756,0.0522491335868835,0.0241313315927982
03/07/2026 00:00:00,Isha Dixit,SE,College Canteen Ground Floor,4,"I think chat centre is very good here, love the chaat",synthetic,Positive,0.9213211536407472,0.9213211536407472,0.0531193129718303,0.0255595445632934
03/25/2026 00:00:00,Kiran Srivastava,BE,Vrindavan,2,"Na, not impressed with this place at all.",synthetic,Negative,0.4476075768470764,0.2726690769195556,0.2797233760356903,0.4476075768470764
2/26/2026 0:02:13,Advait,TE,Manchurian Shop,4,Good,real,Positive,0.912220060825348,0.912220060825348,0.0546148903667926,0.0331650711596012
03/19/2026 00:00:00,Nisha Kulkarni,BE,College Canteen 3rd Floor,4,Better options than ground floor canteen ngl,synthetic,Positive,0.9111522436141968,0.9111522436141968,0.0579120926558971,0.0309356432408094
03/15/2026 00:00:00,Jayesh Pillai,BE,Cluckins,5,"Crispy and flavorful food, worth trying.",synthetic,Positive,0.9256666898727416,0.9256666898727416,0.0446887463331222,0.0296445600688457
03/03/2026 00:00:00,Simran Kaur,SE,Cluckins,5,One of the best non-veg spots near campus.,synthetic,Positive,0.922694742679596,0.922694742679596,0.0467140525579452,0.0305912867188453
03/08/2026 00:00:00,Suresh Pandey,SE,Vrindavan,4,Only place which provides proper sitting area honestly,synthetic,Positive,0.8670166730880737,0.8670166730880737,0.0795275717973709,0.0534557066857814
2/26/2026 11:06:25,Divit Gupta,TE,Shawarma Shop,2,Cleanliness problems,real,Negative,0.4355057775974273,0.3253041505813598,0.2391900569200515,0.4355057775974273
03/08/2026 00:00:00,Diya Kumar,TE,College Canteen Ground Floor,4,Good enough for daily campus meals ngl,synthetic,Positive,0.9288272857666016,0.9288272857666016,0.0464771203696727,0.0246955715119838
02/26/2026 00:00:00,Divya Tiwari,TE,Shawarma Shop,1,"Looks unhygienic in the open, roadside stall!",synthetic,Negative,0.518551230430603,0.2767616212368011,0.2046871334314346,0.518551230430603
03/21/2026 00:00:00,Harsh Goyal,TE,College Canteen 3rd Floor,5,"Sandwiches are good, cold coffee is nice too!",synthetic,Positive,0.9196914434432985,0.9196914434432985,0.0563617870211601,0.023946763947606
03/25/2026 00:00:00,Kabir Desai,TE,Juice Center,2,"It tastes like water, overpriced for bland juice tbh",synthetic,Negative,0.477746844291687,0.2564038336277008,0.2658492922782898,0.477746844291687
03/10/2026 00:00:00,Ananya Patel,BE,Amar Frankie,5,They have a lot of different frankie options to choose from tbh,synthetic,Positive,0.7302815914154053,0.7302815914154053,0.1322666704654693,0.1374517530202865
03/01/2026 00:00:00,Shreya Mishra,SE,College Canteen Ground Floor,4,I think good variety of food options available,synthetic,Positive,0.9279367923736572,0.9279367923736572,0.0487431585788726,0.0233201198279857
03/08/2026 00:00:00,Vikram Rathod,TE,College Canteen Ground Floor,5,Good enough for daily campus meals tbh,synthetic,Positive,0.8790714740753174,0.8790714740753174,0.0710673779249191,0.0498612038791179
03/22/2026 00:00:00,Tina George,TE,College Canteen 3rd Floor,4,They can never replace the ground floor canteen tbh,synthetic,Negative,0.4305448234081268,0.3287273645401001,0.2407277822494506,0.4305448234081268
03/16/2026 00:00:00,Kiran Srivastava,SE,College Canteen 3rd Floor,5,"Overall, sandwiches are the best here, must try!",synthetic,Positive,0.9259703755378724,0.9259703755378724,0.0486136302351951,0.025416012853384
03/20/2026 00:00:00,Tina George,SE,Manchurian Shop,3,"Okayish, mix veg and non veg utensils is an issue ngl",synthetic,Negative,0.3950785100460052,0.3098297715187073,0.2950917184352875,0.3950785100460052
03/08/2026 00:00:00,Ekta Bhardwaj,BE,Vrindavan,5,"Go to place, sizzling brownie has my heart",synthetic,Positive,0.9121425151824952,0.9121425151824952,0.052159134298563,0.0356982685625553
03/17/2026 00:00:00,Isha Dixit,SE,College Canteen Ground Floor,4,Can have more food items and better variety ngl,synthetic,Positive,0.7601581811904907,0.7601581811904907,0.1489758789539337,0.0908659473061561
03/09/2026 00:00:00,Rahul Mehta,SE,College Canteen Ground Floor,5,"Chat centre is very good here, love the chaat",synthetic,Positive,0.9216338396072388,0.9216338396072388,0.0532791800796985,0.0250870063900947
2/26/2026 11:44:27,Samiksha,TE,College Canteen Ground Floor,4,Only some items are good,real,Negative,0.370795339345932,0.320282906293869,0.3089218139648437,0.370795339345932
03/18/2026 00:00:00,Faizan Khan,SE,Amar Frankie,5,"Follows norms and regulations, good food quality!",synthetic,Positive,0.9086766839027404,0.9086766839027404,0.0563242323696613,0.0349990725517272
03/15/2026 00:00:00,Sahil Bajaj,BE,College Canteen Ground Floor,4,Very good food quality when they maintain it tbh,synthetic,Positive,0.9155617952346802,0.9155617952346802,0.0557440146803855,0.0286941770464181
03/12/2026 00:00:00,Kabir Desai,TE,Amar Frankie,2,"Meh, nothing special about the frankies honestly",synthetic,Negative,0.4066953957080841,0.2997123003005981,0.2935923337936401,0.4066953957080841
2/26/2026 10:49:29,Madhura Lolayekar,TE,Vrindavan,4,I like their dosa,real,Positive,0.87677401304245,0.87677401304245,0.0696370974183082,0.0535889230668544
02/20/2026 00:00:00,Rashmi Sawant,BE,Amar Frankie,1,"Stale ingredients used sometimes, be careful honestly",synthetic,Negative,0.4667381346225738,0.2941808402538299,0.2390810549259185,0.4667381346225738
03/02/2026 00:00:00,Kabir Desai,SE,College Canteen Ground Floor,2,"Standard campus canteen, nothing special!",synthetic,Negative,0.3814332187175751,0.3714390695095062,0.2471277117729187,0.3814332187175751
3/1/2026 12:42:41,Rasika Tukaram Mane,TE,SPJIMR Mess,4,Good but food quality can be improved better,real,Neutral,0.3423944413661957,0.3189645707607269,0.3423944413661957,0.338640958070755
2/26/2026 16:24:12,Parth Gujarkar,TE,Shawarma Shop,4,Taste is good but sourcing of ingredients a bit dubious,real,Neutral,0.3678678870201111,0.2669527530670166,0.3678678870201111,0.3651793003082275
03/24/2026 00:00:00,Tanvi Chopra,BE,Cluckins,5,"Overall, good food and easy on the pocket for students",synthetic,Positive,0.9230980277061462,0.9230980277061462,0.0525108464062213,0.0243910737335681
02/20/2026 00:00:00,Priya Joshi,SE,Manchurian Shop,4,"Overall, really enjoy the manchurian here, it hits different",synthetic,Positive,0.9185802340507508,0.9185802340507508,0.053423386067152,0.0279963705688714
02/26/2026 00:00:00,Suresh Pandey,SE,College Canteen Ground Floor,1,"The place is filthy, no gloves used by staff",synthetic,Negative,0.453330934047699,0.2684274017810821,0.2782416641712188,0.453330934047699
03/04/2026 00:00:00,Vivek Yadav,BE,Cluckins,4,The chicken is fresh and well-cooked always!,synthetic,Positive,0.9210119247436525,0.9210119247436525,0.0490426644682884,0.0299454238265752
03/01/2026 00:00:00,Gauri Menon,TE,Vrindavan,5,"a really good place for vegetarians, great variety",synthetic,Positive,0.9330203533172609,0.9330203533172609,0.0438058748841285,0.0231738202273845
03/16/2026 00:00:00,Riya Thakur,SE,College Canteen 3rd Floor,5,"Sandwiches are the best here, must try!",synthetic,Positive,0.9135496020317078,0.9135496020317078,0.0541425682604312,0.0323078595101833
03/09/2026 00:00:00,Kriti Goel,SE,College Canteen 3rd Floor,2,"no thank you, not going back there",synthetic,Negative,0.4760408997535705,0.2634173929691314,0.2605416476726532,0.4760408997535705
03/17/2026 00:00:00,Lalit Pawar,SE,College Canteen Ground Floor,4,the ground floor canteen is nice overall,synthetic,Positive,0.9184215664863586,0.9184215664863586,0.0556634329259395,0.025915103033185
2/26/2026 3:27:55,Kshitij,TE,Manchurian Shop,2,I found out about their secret ingredient,real,Negative,0.3799289464950561,0.3487830758094787,0.2712879180908203,0.3799289464950561
03/22/2026 00:00:00,Manish Khanna,TE,Manchurian Shop,3,"I think they maintain bare minimum hygiene, taste is okay",synthetic,Negative,0.3669353425502777,0.3274199962615967,0.3056446611881256,0.3669353425502777
03/13/2026 00:00:00,Siddharth Malhotra,TE,Amar Frankie,5,the frankies are well-stuffed and flavorful,synthetic,Positive,0.9282419681549072,0.9282419681549072,0.0470791831612587,0.024678885936737
3/1/2026 13:37:04,Sneha Kapte,TE,Juice Center,2,Flavor was too diluted.,real,Negative,0.4987223744392395,0.2613736987113952,0.239903911948204,0.4987223744392395
03/05/2026 00:00:00,Manya Hegde,SE,Juice Center,5,"Always gets fresh juice, love the variety ngl",synthetic,Positive,0.9226742386817932,0.9226742386817932,0.0507790111005306,0.0265467818826437
02/27/2026 00:00:00,Himanshu Lakra,TE,Manchurian Shop,5,The food is tasty and portions are decent for the price honestly,synthetic,Positive,0.8763412237167358,0.8763412237167358,0.0798729509115219,0.0437858439981937
03/18/2026 00:00:00,Faizan Khan,TE,Juice Center,5,A really great option for days when u dont know what to have ngl,synthetic,Positive,0.8890286684036255,0.8890286684036255,0.0682073980569839,0.0427638888359069
02/28/2026 00:00:00,Kavya Shah,TE,Juice Center,4,I think a really great option for days when u dont know what to have,synthetic,Positive,0.8918333053588867,0.8918333053588867,0.0681233331561088,0.0400433242321014
03/22/2026 00:00:00,Isha Dixit,TE,SPJIMR Mess,5,"I think og Place, cannot beat this quality",synthetic,Negative,0.4224215149879455,0.3223850429058075,0.2551934123039245,0.4224215149879455
03/18/2026 00:00:00,Akash Sinha,BE,Cluckins,2,"Soggy food, not crispy at all honestly",synthetic,Negative,0.4906986951828003,0.2592506110668182,0.2500507533550262,0.4906986951828003
03/19/2026 00:00:00,Priya Joshi,BE,Manchurian Shop,1,Dirty utensils and unhygienic food preparation.,synthetic,Negative,0.511978268623352,0.2702958285808563,0.2177259474992752,0.511978268623352
03/09/2026 00:00:00,Suresh Pandey,SE,Vrindavan,3,Food is good but menu doesnt change much honestly,synthetic,Negative,0.3901052474975586,0.2424467653036117,0.367447942495346,0.3901052474975586
03/04/2026 00:00:00,Simran Kaur,BE,Cluckins,3,"Service is very slow, needs improvement",synthetic,Negative,0.461435467004776,0.2724491655826568,0.2661153674125671,0.461435467004776
03/23/2026 00:00:00,Sahil Bajaj,TE,Juice Center,5,"Overall, cold coffee supremacy! Best drinks on campus",synthetic,Positive,0.923138439655304,0.923138439655304,0.0450999811291694,0.031761534512043
03/01/2026 00:00:00,Rahul Mehta,TE,Shawarma Shop,5,I think service is really good and shawarma tastes great,synthetic,Positive,0.936105489730835,0.936105489730835,0.0434152223169803,0.0204792208969593
03/07/2026 00:00:00,Nisha Kulkarni,SE,Amar Frankie,4,The frankies are well-stuffed and flavorful,synthetic,Positive,0.9282419681549072,0.9282419681549072,0.0470791831612587,0.024678885936737
03/05/2026 00:00:00,Pooja Chauhan,BE,Vrindavan,5,"Best food around campus, excellent quality tbh",synthetic,Positive,0.936087131500244,0.936087131500244,0.0395083539187908,0.0244045946747064
03/20/2026 00:00:00,Rashmi Sawant,SE,Amar Frankie,1,"Overall, bad hygiene practices, food color usage is high",synthetic,Negative,0.4588701426982879,0.2717486917972564,0.2693811357021332,0.4588701426982879
03/10/2026 00:00:00,Raj Kapoor,SE,Amar Frankie,4,"Freshly made hot frankies, always delicious",synthetic,Positive,0.9334806203842164,0.9334806203842164,0.0400438047945499,0.026475466787815
03/12/2026 00:00:00,Suresh Pandey,BE,Shawarma Shop,5,"Top quality shawarma, would recommend to everyone ngl",synthetic,Positive,0.9273229837417604,0.9273229837417604,0.0457269102334976,0.0269501041620969
03/12/2026 00:00:00,Raj Kapoor,TE,Cluckins,4,Sourcing of ingredients not fully trustworthy.,synthetic,Negative,0.4928526282310486,0.2978756129741668,0.2092717438936233,0.4928526282310486
02/25/2026 00:00:00,Amit Agarwal,TE,Amar Frankie,5,"Loved the frankie, mesmerising taste tbh",synthetic,Positive,0.8442085385322571,0.8442085385322571,0.0799701958894729,0.0758213102817535
03/20/2026 00:00:00,Kabir Desai,BE,Vrindavan,4,"Would prefer more options, same food sometimes tbh",synthetic,Negative,0.4103467464447021,0.2991540133953094,0.290499210357666,0.4103467464447021
03/18/2026 00:00:00,Manish Khanna,SE,College Canteen Ground Floor,4,"I think standard campus canteen, nothing special",synthetic,Negative,0.4051140248775482,0.3148966431617737,0.2799893021583557,0.4051140248775482
03/01/2026 00:00:00,Shreya Mishra,TE,Cluckins,4,I think one of the best non-veg spots near campus,synthetic,Positive,0.9161860942840576,0.9161860942840576,0.0526211708784103,0.0311927292495965
03/06/2026 00:00:00,Faizan Khan,TE,Juice Center,1,They dilute the juice too much with water.,synthetic,Negative,0.4782693386077881,0.3015984892845154,0.2201322019100189,0.4782693386077881
03/02/2026 00:00:00,Isha Dixit,TE,Manchurian Shop,5,"Very good taste, pricing is reasonable for students tbh",synthetic,Positive,0.9272394180297852,0.9272394180297852,0.0477718636393547,0.024988705292344
03/04/2026 00:00:00,Jayesh Pillai,SE,Shawarma Shop,2,"Would not eat here, too risky for health honestly",synthetic,Negative,0.5092949271202087,0.26471608877182,0.22598896920681,0.5092949271202087
03/24/2026 00:00:00,Rahul Mehta,TE,College Canteen 3rd Floor,4,Thali and lunch option available which is great honestly,synthetic,Positive,0.9263161420822144,0.9263161420822144,0.04924226552248,0.0244415700435638
02/25/2026 00:00:00,Pankaj More,SE,Manchurian Shop,4,"The manchurian is really good, tasty and flavourful ngl",synthetic,Positive,0.930656671524048,0.930656671524048,0.0458789989352226,0.0234643369913101
02/23/2026 00:00:00,Divya Tiwari,BE,Juice Center,4,looks professional but prices are high,synthetic,Neutral,0.3405576348304748,0.3285073637962341,0.3405576348304748,0.3309350311756134
03/19/2026 00:00:00,Rahul Mehta,SE,Amar Frankie,3,nice one just that it has too much food color,synthetic,Negative,0.4153416156768799,0.2748774886131286,0.3097808957099914,0.4153416156768799
03/06/2026 00:00:00,Ojas Wagh,SE,Amar Frankie,4,"Tasty but spicy, love the frankie options here!",synthetic,Positive,0.9340810179710388,0.9340810179710388,0.0426032915711402,0.0233157072216272
03/14/2026 00:00:00,Jayesh Pillai,SE,Juice Center,1,I think too expensive for the quantity and quality,synthetic,Negative,0.4611605405807495,0.2810455858707428,0.2577939033508301,0.4611605405807495
03/10/2026 00:00:00,Kavya Shah,TE,Juice Center,2,Looks professional but prices are high!,synthetic,Negative,0.4081321954727173,0.3418537378311157,0.2500140368938446,0.4081321954727173
02/24/2026 00:00:00,Deepak Jain,SE,Vrindavan,5,"Overall, amazing food and great service, love it!",synthetic,Positive,0.9374891519546508,0.9374891519546508,0.0392697006464004,0.0232411902397871
03/20/2026 00:00:00,Faizan Khan,TE,Vrindavan,5,"A really good place for vegetarians, great variety.",synthetic,Positive,0.9297162294387816,0.9297162294387816,0.0459259115159511,0.024357832968235
03/11/2026 00:00:00,Amit Agarwal,TE,College Canteen 3rd Floor,4,thali and lunch option available which is great,synthetic,Positive,0.9139910340309144,0.9139910340309144,0.0588948912918567,0.0271140653640031
03/03/2026 00:00:00,Bhavna Dubey,TE,College Canteen 3rd Floor,4,"Overall, thali and lunch option available which is great",synthetic,Positive,0.9247155785560608,0.9247155785560608,0.0515998490154743,0.0236845593899488
03/17/2026 00:00:00,Amit Agarwal,TE,SPJIMR Mess,5,"Best experience, would recommend to everyone tbh",synthetic,Positive,0.9268229603767396,0.9268229603767396,0.0428624376654624,0.0303145293146371
03/04/2026 00:00:00,Pankaj More,SE,College Canteen Ground Floor,4,"Overall, the ground floor canteen is nice overall",synthetic,Positive,0.9316164255142212,0.9316164255142212,0.0446290858089923,0.023754546418786
03/09/2026 00:00:00,Manish Khanna,TE,SPJIMR Mess,5,"Goated food, best experience every time.",synthetic,Positive,0.93418949842453,0.93418949842453,0.0393328256905078,0.026477662846446
03/02/2026 00:00:00,Diya Kumar,TE,SPJIMR Mess,5,"Best overall, food quality and quantity both great tbh",synthetic,Positive,0.9324026107788086,0.9324026107788086,0.0423709824681282,0.0252263713628053
02/24/2026 00:00:00,Varun Karnik,TE,Cluckins,2,common kitchen for veg and non veg is bad,synthetic,Negative,0.4022224247455597,0.2909737825393677,0.3068037331104278,0.4022224247455597
02/23/2026 00:00:00,Tanvi Chopra,BE,Juice Center,4,"I think always gets fresh juice, love the variety",synthetic,Positive,0.9255638122558594,0.9255638122558594,0.049513179808855,0.0249229986220598
2/26/2026 10:55:39,Param,TE,SPJIMR Mess,4,Some things needs to be improved,real,Negative,0.3650693893432617,0.3331001102924347,0.3018305599689483,0.3650693893432617
03/15/2026 00:00:00,Rashmi Sawant,SE,Cluckins,4,"Overall, not tried much but looks appealing enough",synthetic,Positive,0.4037859141826629,0.4037859141826629,0.244412288069725,0.3518017828464508
03/06/2026 00:00:00,Manish Khanna,TE,Amar Frankie,3,Good taste but hygiene can be improved ngl,synthetic,Negative,0.3547734320163727,0.3210790455341339,0.3241474628448486,0.3547734320163727
03/25/2026 00:00:00,Chetan Rawat,SE,College Canteen Ground Floor,4,"like it, decent food at student-friendly prices",synthetic,Positive,0.92573481798172,0.92573481798172,0.0407292246818542,0.0335359014570713
03/10/2026 00:00:00,Vikram Rathod,SE,Shawarma Shop,1,"I think would not eat here, too risky for health",synthetic,Negative,0.4610176980495453,0.2725378274917602,0.2664445042610168,0.4610176980495453
03/16/2026 00:00:00,Tina George,SE,College Canteen 3rd Floor,2,"Average food quality, pricing is okay.",synthetic,Negative,0.4050184786319732,0.2786681354045868,0.3163134455680847,0.4050184786319732
2/26/2026 10:49:29,Madhura Lolayekar,TE,Juice Center,4,I like their variety,real,Positive,0.8195585608482361,0.8195585608482361,0.0961034744977951,0.0843379348516464
2/26/2026 13:24:02,Riya More,TE,SPJIMR Mess,5,its nice,real,Positive,0.8205553293228149,0.8205553293228149,0.0940496101975441,0.0853950753808021
03/20/2026 00:00:00,Amit Agarwal,TE,Cluckins,5,"I think crispy and flavorful food, worth trying",synthetic,Positive,0.9333275556564332,0.9333275556564332,0.0425903759896755,0.0240820832550525
03/23/2026 00:00:00,Amit Agarwal,BE,Juice Center,5,Healthiest and bestest juice place on campus ngl,synthetic,Positive,0.9209570288658142,0.9209570288658142,0.0473606623709201,0.03168236464262
03/19/2026 00:00:00,Sakshi Bhatia,BE,SPJIMR Mess,4,Good food quality and quantity at great prices ngl,synthetic,Positive,0.933233678340912,0.933233678340912,0.0418221876025199,0.0249441936612129
02/21/2026 00:00:00,Isha Dixit,BE,Amar Frankie,3,"Overall, spicy but okayish overall quality",synthetic,Positive,0.6498074531555176,0.6498074531555176,0.1933599859476089,0.1568326354026794
03/12/2026 00:00:00,Shreya Mishra,BE,Cluckins,1,food was oily and not fresh at all,synthetic,Negative,0.4489256143569946,0.263807088136673,0.2872672379016876,0.4489256143569946
03/08/2026 00:00:00,Anjali Bansal,TE,Shawarma Shop,4,"Overall, good food, the flavours are delicious",synthetic,Positive,0.9327659606933594,0.9327659606933594,0.0452655851840972,0.021968500688672
02/20/2026 00:00:00,Kabir Desai,BE,Vrindavan,5,Only place which provides proper sitting area.,synthetic,Positive,0.8941349983215332,0.8941349983215332,0.0680504068732261,0.0378146432340145
02/26/2026 00:00:00,Diya Kumar,TE,Manchurian Shop,5,"Good food at reasonable prices, students can afford it",synthetic,Positive,0.9308196306228638,0.9308196306228638,0.0422388650476932,0.026941580697894
02/27/2026 00:00:00,Suresh Pandey,BE,Manchurian Shop,4,Bhaji pav and manchurian both are really tasty ngl,synthetic,Positive,0.9245177507400512,0.9245177507400512,0.0500286668539047,0.025453582406044
03/12/2026 00:00:00,Rashmi Sawant,BE,Juice Center,1,Not worth the price students are paying!,synthetic,Negative,0.4785896241664886,0.3001070618629455,0.2213033586740493,0.4785896241664886
03/07/2026 00:00:00,Arjun Singh,TE,Juice Center,5,Best juice place! Fresh fruits always,synthetic,Positive,0.9251860976219176,0.9251860976219176,0.0466245003044605,0.0281893219798803
02/27/2026 00:00:00,Amit Agarwal,TE,Amar Frankie,3,"Overall, spicy but okayish overall quality",synthetic,Positive,0.6498074531555176,0.6498074531555176,0.1933599859476089,0.1568326354026794
03/04/2026 00:00:00,Kiran Srivastava,SE,Vrindavan,5,"Overall, best food around campus, excellent quality!",synthetic,Positive,0.9298906922340392,0.9298906922340392,0.0419226288795471,0.0281866341829299
03/23/2026 00:00:00,Akash Sinha,TE,Manchurian Shop,1,"Would not recommend, too many hygiene problems honestly",synthetic,Negative,0.4806442558765411,0.2690162360668182,0.2503395080566406,0.4806442558765411
03/16/2026 00:00:00,Pooja Chauhan,BE,College Canteen 3rd Floor,5,"Overall, nice canteen, comfortable seating area",synthetic,Positive,0.9355416297912598,0.9355416297912598,0.0422648079693317,0.0221934970468282
03/04/2026 00:00:00,Deepak Jain,TE,SPJIMR Mess,2,"Cockroaches in the kitchen, not clean at all tbh",synthetic,Negative,0.5071284174919128,0.2556580007076263,0.2372136116027832,0.5071284174919128
02/27/2026 00:00:00,Ekta Bhardwaj,TE,College Canteen Ground Floor,3,Food is fine but hygiene needs to improve,synthetic,Negative,0.3753620088100433,0.2949677407741546,0.3296703100204468,0.3753620088100433
03/12/2026 00:00:00,Varun Karnik,BE,Shawarma Shop,1,"Smells near their shop, not clean at all!",synthetic,Negative,0.4926788210868835,0.2689266800880432,0.2383944690227508,0.4926788210868835
2/27/2026 8:32:29,Siddh Jain,TE,Shawarma Shop,1,"Can't rate, never eaten",real,Negative,0.5072555541992188,0.2643272578716278,0.2284171283245086,0.5072555541992188
03/14/2026 00:00:00,Arjun Singh,SE,Cluckins,5,I think good food and easy on the pocket for students,synthetic,Positive,0.9279429316520692,0.9279429316520692,0.0488009490072727,0.023256042972207
2/26/2026 9:00:20,Jehan,TE,Amar Frankie,3,Spicy,real,Positive,0.4483897387981415,0.4483897387981415,0.2427280843257904,0.3088822066783905
03/12/2026 00:00:00,Kavya Shah,TE,Amar Frankie,4,"Follows norms and regulations, good food quality ngl",synthetic,Positive,0.9181097149848938,0.9181097149848938,0.051171138882637,0.0307190716266632
2/26/2026 11:21:12,Menil,TE,Manchurian Shop,3,No cleanliness and bad hygiene.,real,Negative,0.4581739008426666,0.274109274148941,0.2677168250083923,0.4581739008426666
03/02/2026 00:00:00,Harsh Goyal,TE,Vrindavan,4,good services but water glasses arent clean,synthetic,Negative,0.3738528192043304,0.3602042198181152,0.2659429609775543,0.3738528192043304
03/23/2026 00:00:00,Isha Dixit,SE,Cluckins,3,Decent but nothing special about the food.,synthetic,Negative,0.4131910800933838,0.280925840139389,0.3058830201625824,0.4131910800933838
02/24/2026 00:00:00,Simran Kaur,SE,Juice Center,5,"I think nice and fresh juices, healthy option",synthetic,Positive,0.9346235394477844,0.9346235394477844,0.0439730882644653,0.0214033219963312
03/05/2026 00:00:00,Nikhil Das,SE,SPJIMR Mess,3,"Overall, good for daily meals, basic but decent",synthetic,Positive,0.7456759810447693,0.7456759810447693,0.1517214477062225,0.1026025861501693
03/09/2026 00:00:00,Priya Joshi,BE,Vrindavan,5,"Overall, very good vegetarian food with lots of options",synthetic,Positive,0.9325562119483948,0.9325562119483948,0.0464183911681175,0.0210253410041332
02/20/2026 00:00:00,Simran Kaur,SE,Cluckins,4,"Overall, the chicken is fresh and well-cooked always",synthetic,Positive,0.9267146587371826,0.9267146587371826,0.0484249591827392,0.024860393255949
03/14/2026 00:00:00,Naveen Deshpande,TE,Cluckins,3,"Overall, not tried much but looks appealing enough",synthetic,Positive,0.4037859141826629,0.4037859141826629,0.244412288069725,0.3518017828464508
03/25/2026 00:00:00,Tina George,SE,College Canteen Ground Floor,3,The go-to place but menu is limited,synthetic,Negative,0.37504643201828,0.3080746829509735,0.3168788850307464,0.37504643201828
03/23/2026 00:00:00,Manya Hegde,BE,Vrindavan,3,Worth it but pricing could be more student-friendly,synthetic,Negative,0.3768979907035827,0.3088238537311554,0.3142781853675842,0.3768979907035827
03/25/2026 00:00:00,Raj Kapoor,BE,Shawarma Shop,4,"Shawarma can never go wrong here, always good.",synthetic,Positive,0.9195203185081482,0.9195203185081482,0.0489318780601024,0.031547874212265
03/04/2026 00:00:00,Gauri Menon,TE,Manchurian Shop,5,Bhaji pav and manchurian both are really tasty.,synthetic,Positive,0.9268904328346252,0.9268904328346252,0.0485179014503955,0.0245916154235601
03/03/2026 00:00:00,Akash Sinha,TE,Cluckins,3,"Proper shop not a stall, but menu is limited",synthetic,Negative,0.3691949546337127,0.2991966307163238,0.331608384847641,0.3691949546337127
2/26/2026 7:25:39,Harsh Bhatt,TE,Shawarma Shop,3,Hygiene issues,real,Negative,0.4382323324680328,0.3171157836914062,0.2446518987417221,0.4382323324680328
03/15/2026 00:00:00,Pankaj More,TE,Cluckins,1,Food was oily and not fresh at all honestly,synthetic,Negative,0.458189308643341,0.2595507800579071,0.282259851694107,0.458189308643341
03/07/2026 00:00:00,Ritika Mukherjee,SE,College Canteen Ground Floor,5,"Like it, decent food at student-friendly prices",synthetic,Positive,0.92573481798172,0.92573481798172,0.0407292246818542,0.0335359014570713
03/15/2026 00:00:00,Vivek Yadav,BE,Vrindavan,5,"Perfect place for vegetarians, amazing variety",synthetic,Positive,0.9381131529808044,0.9381131529808044,0.038712054491043,0.0231747422367334
02/23/2026 00:00:00,Ananya Patel,SE,Juice Center,5,A really great option for days when u dont know what to have honestly,synthetic,Positive,0.8888325691223145,0.8888325691223145,0.0680807903409004,0.0430865660309791
2/26/2026 20:43:38,Yug Bhanushali,TE,SPJIMR Mess,4,Good for daily meals,real,Positive,0.915418028831482,0.915418028831482,0.0572772808372974,0.0273046810179948
03/09/2026 00:00:00,Raj Kapoor,SE,College Canteen Ground Floor,2,"Needs cleanliness maintenance, food quality bad",synthetic,Negative,0.4584794640541076,0.2520393431186676,0.2894812226295471,0.4584794640541076
03/13/2026 00:00:00,Priya Joshi,BE,Cluckins,3,Not tried much but looks appealing enough tbh,synthetic,Negative,0.41260626912117,0.3033995628356933,0.2839941382408142,0.41260626912117
02/27/2026 00:00:00,Akash Sinha,TE,College Canteen Ground Floor,5,Very good food quality when they maintain it tbh,synthetic,Positive,0.9155617952346802,0.9155617952346802,0.0557440146803855,0.0286941770464181
03/20/2026 00:00:00,Faizan Khan,TE,SPJIMR Mess,1,"Haven't been there, doesnt seem appealing honestly",synthetic,Negative,0.5194758176803589,0.2442241162061691,0.2363000810146331,0.5194758176803589
03/09/2026 00:00:00,Rahul Mehta,SE,Juice Center,4,"I think choco, Oreo, chocolate strawberry are amazing",synthetic,Positive,0.9236200451850892,0.9236200451850892,0.0506566651165485,0.0257232580333948
03/18/2026 00:00:00,Rashmi Sawant,BE,Manchurian Shop,1,"I got sick after eating here, never again!",synthetic,Negative,0.4835516214370727,0.3053049445152282,0.2111434638500213,0.4835516214370727
02/26/2026 00:00:00,Varun Karnik,TE,Juice Center,4,A really great option for days when u dont know what to have.,synthetic,Positive,0.8706916570663452,0.8706916570663452,0.0780278295278549,0.0512804985046386
02/26/2026 00:00:00,Ritika Mukherjee,BE,Cluckins,5,I think really tasty with good portion sizes,synthetic,Positive,0.8909081220626831,0.8909081220626831,0.0755742341279983,0.0335176140069961
03/16/2026 00:00:00,Harsh Goyal,BE,Juice Center,1,"it tastes like water, overpriced for bland juice",synthetic,Negative,0.4839116334915161,0.2608186900615692,0.2552696764469147,0.4839116334915161
03/08/2026 00:00:00,Himanshu Lakra,BE,Shawarma Shop,5,"Really good shawarma, perfectly spiced and filling tbh",synthetic,Positive,0.9414951801300048,0.9414951801300048,0.0365232564508914,0.0219815913587808
03/25/2026 00:00:00,Vihaan Verma,TE,Amar Frankie,4,"Overall, follows norms and regulations, good food quality",synthetic,Positive,0.910581648349762,0.910581648349762,0.0571094900369644,0.0323089174926281
02/21/2026 00:00:00,Kavya Shah,SE,Shawarma Shop,2,Never tried because it looks so unhygienic,synthetic,Negative,0.4673914015293121,0.2716199457645416,0.260988712310791,0.4673914015293121
3/1/2026 12:49:03,Rehan Ansari,TE,Manchurian Shop,3,Most of the outlet are bad,real,Negative,0.4144342243671417,0.2888044416904449,0.2967612743377685,0.4144342243671417
03/15/2026 00:00:00,Tina George,TE,Amar Frankie,5,"Overall, great value for money, delicious frankies every time",synthetic,Positive,0.9353033900260924,0.9353033900260924,0.0379824116826057,0.0267141479998826
02/24/2026 00:00:00,Kavya Shah,BE,Vrindavan,1,"I think na, not impressed with this place at all",synthetic,Negative,0.4353671073913574,0.2819007039070129,0.282732218503952,0.4353671073913574
03/23/2026 00:00:00,Jayesh Pillai,TE,SPJIMR Mess,5,Raises your standards when you eat here!,synthetic,Positive,0.856128990650177,0.856128990650177,0.0823536738753318,0.0615173280239105
03/24/2026 00:00:00,Sahil Bajaj,SE,Cluckins,3,Chicken is okay but pricing is slightly high,synthetic,Positive,0.3487091362476349,0.3487091362476349,0.3423162996768951,0.3089745938777923
02/25/2026 00:00:00,Sneha Iyer,BE,College Canteen 3rd Floor,4,"Sandwiches are the best here, must try honestly",synthetic,Positive,0.9087820649147034,0.9087820649147034,0.0596065036952495,0.0316115207970142
03/11/2026 00:00:00,Ekta Bhardwaj,BE,College Canteen Ground Floor,2,"I think cockroaches were in the coffee, never going again",synthetic,Negative,0.4458986818790436,0.2908789217472076,0.2632224559783935,0.4458986818790436
03/04/2026 00:00:00,Siddharth Malhotra,SE,SPJIMR Mess,5,Raises your standards when you eat here.,synthetic,Positive,0.8539538979530334,0.8539538979530334,0.0875221267342567,0.0585239492356777
03/09/2026 00:00:00,Meera Bhat,SE,Juice Center,5,"Overall, choco, Oreo, chocolate strawberry are amazing",synthetic,Positive,0.9265415668487548,0.9265415668487548,0.0473365075886249,0.0261219758540391
03/09/2026 00:00:00,Kriti Goel,SE,Cluckins,2,I think expensive for what they serve honestly,synthetic,Negative,0.4506771564483642,0.2896706461906433,0.2596522271633148,0.4506771564483642
03/16/2026 00:00:00,Sneha Iyer,BE,Cluckins,5,"Crispy and flavorful food, worth trying honestly",synthetic,Positive,0.9297890663146972,0.9297890663146972,0.0420853607356548,0.0281256102025508
2/26/2026 11:53:39,Vedika Pardeshi,TE,Manchurian Shop,5,Very good taste,real,Positive,0.9138018488883972,0.9138018488883972,0.0540507473051548,0.032147392630577
03/09/2026 00:00:00,Aarav Sharma,BE,College Canteen 3rd Floor,3,I think standard 3rd floor canteen experience,synthetic,Positive,0.4624987542629242,0.4624987542629242,0.2642653584480285,0.273235946893692
03/17/2026 00:00:00,Ananya Patel,TE,Shawarma Shop,4,"good food, the flavours are delicious",synthetic,Positive,0.9304707646369934,0.9304707646369934,0.0468210726976394,0.0227080937474966
03/06/2026 00:00:00,Suresh Pandey,TE,Cluckins,3,chicken is okay but pricing is slightly high,synthetic,Positive,0.3487091362476349,0.3487091362476349,0.3423162996768951,0.3089745938777923
02/28/2026 00:00:00,Vivek Yadav,TE,Cluckins,3,"Overall, service is very slow, needs improvement",synthetic,Negative,0.4523310959339142,0.2643551528453827,0.2833137214183807,0.4523310959339142
03/08/2026 00:00:00,Gauri Menon,BE,Juice Center,4,"fresh fruits, seasonal menu is always exciting",synthetic,Positive,0.93212628364563,0.93212628364563,0.0448761135339736,0.022997573018074
03/17/2026 00:00:00,Sonia Roy,SE,Juice Center,5,"Always gets fresh juice, love the variety honestly",synthetic,Positive,0.9215299487113952,0.9215299487113952,0.050372302532196,0.0280977170914411
03/13/2026 00:00:00,Pooja Chauhan,SE,Juice Center,1,I think they dilute the juice too much with water,synthetic,Negative,0.4393218457698822,0.2807428538799286,0.2799352705478668,0.4393218457698822
03/15/2026 00:00:00,Meera Bhat,TE,College Canteen Ground Floor,3,I think can have more food items and better variety,synthetic,Positive,0.8172236084938049,0.8172236084938049,0.1193149983882904,0.0634614899754524
03/09/2026 00:00:00,Riya Thakur,SE,College Canteen 3rd Floor,5,Fresh ingredients and great flavors here honestly,synthetic,Positive,0.9307819604873656,0.9307819604873656,0.0436296872794628,0.0255882795900106
03/05/2026 00:00:00,Chetan Rawat,SE,College Canteen 3rd Floor,5,"Overall, sandwiches are good, cold coffee is nice too",synthetic,Positive,0.922747790813446,0.922747790813446,0.0544772408902645,0.0227749440819025
02/23/2026 00:00:00,Pooja Chauhan,SE,Juice Center,5,10/10 would recommend for fresh healthy drinks.,synthetic,Positive,0.9146859049797058,0.9146859049797058,0.0548923797905445,0.0304218381643295
03/19/2026 00:00:00,Nisha Kulkarni,TE,SPJIMR Mess,4,I think raises your standards when you eat here,synthetic,Positive,0.8160672783851624,0.8160672783851624,0.0957004725933075,0.0882321670651435
03/20/2026 00:00:00,Ishaan Gupta,BE,Amar Frankie,1,"Overall, the frankies are overpriced for the quality",synthetic,Negative,0.4612420499324798,0.3144051134586334,0.2243528366088867,0.4612420499324798
02/27/2026 00:00:00,Meera Bhat,BE,Amar Frankie,5,Fast tasty frankie and reasonable pricing honestly,synthetic,Positive,0.93291974067688,0.93291974067688,0.0442011468112468,0.0228790678083896
03/21/2026 00:00:00,Tanvi Chopra,SE,Amar Frankie,5,"loved the frankie, mesmerising taste!",synthetic,Positive,0.8844681978225708,0.8844681978225708,0.0646847635507583,0.0508470013737678
03/11/2026 00:00:00,Gaurav Patil,BE,Manchurian Shop,2,"Overall, they maintain bare minimum hygiene, taste is okay",synthetic,Negative,0.3670548498630523,0.3321052193641662,0.300839900970459,0.3670548498630523
3/1/2026 13:43:44,Aniruddh Iyer,TE,Juice Center,5,tasty,real,Positive,0.9083780646324158,0.9083780646324158,0.0574291385710239,0.0341928042471408
2/26/2026 10:55:39,Param,TE,Juice Center,5,Nice and fresh juices,real,Positive,0.9404255151748656,0.9404255151748656,0.038077101111412,0.0214974321424961
03/10/2026 00:00:00,Neha Saxena,SE,SPJIMR Mess,4,"Unlimited healthy nutritious food, love it honestly",synthetic,Positive,0.9371972680091858,0.9371972680091858,0.0370850600302219,0.0257176496088504
03/03/2026 00:00:00,Kabir Desai,SE,Manchurian Shop,3,good taste but its a gamble with hygiene honestly,synthetic,Negative,0.3976621031761169,0.2943256497383117,0.3080122470855713,0.3976621031761169
03/02/2026 00:00:00,Chetan Rawat,SE,Manchurian Shop,5,"I think they make really good manchurian, always my go-to",synthetic,Positive,0.8740475177764893,0.8740475177764893,0.0784730538725853,0.0474794171750545
2/27/2026 8:32:29,Siddh Jain,TE,College Canteen Ground Floor,2,"If SPCE mess didn't exist, this would be the worst canteen in all campus. They got spjain staff but forgot the pocket-friendly and quality of the food in spjain mess.",real,Negative,0.4097535014152527,0.3348903059959411,0.2553561627864837,0.4097535014152527
03/11/2026 00:00:00,Raj Kapoor,BE,Juice Center,1,They dilute the juice too much with water,synthetic,Negative,0.461699903011322,0.2746313810348511,0.2636687159538269,0.461699903011322
03/04/2026 00:00:00,Sneha Iyer,SE,SPJIMR Mess,3,"Decent mess, food is okay most days",synthetic,Positive,0.548319399356842,0.548319399356842,0.2777567505836487,0.1739238649606704
03/14/2026 00:00:00,Ishaan Gupta,SE,College Canteen Ground Floor,1,"It smells awful, needs deep cleaning honestly",synthetic,Negative,0.4913319051265716,0.288543552160263,0.2201244831085205,0.4913319051265716
03/13/2026 00:00:00,Umesh Nayak,SE,College Canteen Ground Floor,2,Most items arent healthy or energetic enough tbh,synthetic,Negative,0.4259709417819977,0.2665954828262329,0.3074336647987366,0.4259709417819977
03/16/2026 00:00:00,Sneha Iyer,SE,Shawarma Shop,3,Its popular but I have my doubts about freshness!,synthetic,Negative,0.3687466979026794,0.346577525138855,0.2846757769584656,0.3687466979026794
2/26/2026 10:49:29,Madhura Lolayekar,TE,SPJIMR Mess,2,Haven't tried a lot,real,Negative,0.4962647259235382,0.2869193255901336,0.2168159186840057,0.4962647259235382
03/18/2026 00:00:00,Jayesh Pillai,BE,College Canteen Ground Floor,5,Food quality is good and pricing is student-friendly honestly,synthetic,Positive,0.9207518100738524,0.9207518100738524,0.0518118515610694,0.0274363327771425
02/21/2026 00:00:00,Pankaj More,BE,Juice Center,5,10/10 would recommend for fresh healthy drinks tbh,synthetic,Positive,0.720551609992981,0.720551609992981,0.1480703502893448,0.1313780397176742
03/20/2026 00:00:00,Ishaan Gupta,TE,College Canteen 3rd Floor,4,Fresh ingredients and great flavors here!,synthetic,Positive,0.9259138107299804,0.9259138107299804,0.0460438653826713,0.0280422810465097
03/14/2026 00:00:00,Suresh Pandey,SE,Vrindavan,4,"Overall, very good vegetarian food with lots of options",synthetic,Positive,0.9325562119483948,0.9325562119483948,0.0464183911681175,0.0210253410041332
3/1/2026 15:21:54,Lalita Dhavale,TE,Vrindavan,4,AWESOME! you can have literally anything there. Although i feel the pricing isnt too reasonable for students.,real,Positive,0.5405500531196594,0.5405500531196594,0.2155747264623642,0.2438752651214599
2/26/2026 9:00:20,Jehan,TE,Manchurian Shop,3,Lovely,real,Positive,0.516103208065033,0.516103208065033,0.218467116355896,0.265429675579071
03/12/2026 00:00:00,Suresh Pandey,TE,Vrindavan,4,"Best food around campus, excellent quality ngl",synthetic,Positive,0.9290819764137268,0.9290819764137268,0.0431104227900505,0.0278075821697711
03/12/2026 00:00:00,Rashmi Sawant,BE,Shawarma Shop,1,Never tried because it looks so unhygienic!,synthetic,Negative,0.4993856847286224,0.2573264837265014,0.2432877868413925,0.4993856847286224
03/18/2026 00:00:00,Umesh Nayak,TE,SPJIMR Mess,2,"Overall, never been there, no interest honestly",synthetic,Negative,0.487485408782959,0.254808247089386,0.257706344127655,0.487485408782959
03/10/2026 00:00:00,Rashmi Sawant,SE,College Canteen 3rd Floor,4,"peaceful, quiet and airy space to sit and eat",synthetic,Positive,0.9120664596557616,0.9120664596557616,0.0497496575117111,0.0381839014589786
03/22/2026 00:00:00,Gaurav Patil,SE,Juice Center,3,"Overall, good but not value for money always",synthetic,Negative,0.439579576253891,0.2595515847206116,0.300868809223175,0.439579576253891
03/10/2026 00:00:00,Komal Rane,SE,College Canteen 3rd Floor,3,Standard 3rd floor canteen experience honestly,synthetic,Positive,0.8476609587669373,0.8476609587669373,0.0866724699735641,0.065666563808918
02/22/2026 00:00:00,Manya Hegde,BE,Amar Frankie,5,they have a lot of different frankie options to choose from,synthetic,Positive,0.8671970963478088,0.8671970963478088,0.0798424705862999,0.0529604256153106
3/1/2026 12:36:15,Rachel,TE,Amar Frankie,5,"loved the frankie, mesmerising taste",real,Positive,0.882131814956665,0.882131814956665,0.0554417930543422,0.0624263808131217
03/08/2026 00:00:00,Naveen Deshpande,SE,Juice Center,4,"Warm and sweet staff, seasonal menu is unique tbh",synthetic,Positive,0.9341410398483276,0.9341410398483276,0.0435061044991016,0.0223528817296028
03/02/2026 00:00:00,Pooja Chauhan,SE,Manchurian Shop,2,dirty utensils and unhygienic food preparation,synthetic,Negative,0.4972444772720337,0.2765755355358124,0.2261798977851867,0.4972444772720337
03/09/2026 00:00:00,Naveen Deshpande,BE,Shawarma Shop,2,"Very small shop, roadside, unhygienic ngl",synthetic,Negative,0.5046936869621277,0.2640548944473266,0.2312513887882232,0.5046936869621277
02/22/2026 00:00:00,Gaurav Patil,SE,Amar Frankie,4,"Overall, top 2 frankie shops, uses gloves, nice quantity",synthetic,Positive,0.9370518326759338,0.9370518326759338,0.0383439101278781,0.024604208767414
03/15/2026 00:00:00,Ananya Patel,TE,SPJIMR Mess,1,"Never been there, no interest honestly ngl",synthetic,Negative,0.46465665102005,0.257502794265747,0.2778405547142029,0.46465665102005
03/22/2026 00:00:00,Gaurav Patil,TE,College Canteen 3rd Floor,1,Menu needs major improvement honestly honestly,synthetic,Negative,0.3960666358470917,0.2946881353855133,0.3092452883720398,0.3960666358470917
03/11/2026 00:00:00,Himanshu Lakra,SE,Amar Frankie,5,"I think tasty but spicy, love the frankie options here",synthetic,Positive,0.931416928768158,0.931416928768158,0.045122280716896,0.0234608799219131
03/14/2026 00:00:00,Tanvi Chopra,TE,Manchurian Shop,3,Decent enough but not my first choice,synthetic,Negative,0.4360270202159881,0.255795270204544,0.308177649974823,0.4360270202159881
03/16/2026 00:00:00,Pooja Chauhan,BE,Cluckins,5,"Nice place, proper shop with good ambiance ngl",synthetic,Positive,0.932742953300476,0.932742953300476,0.0448445081710815,0.0224125683307647
02/24/2026 00:00:00,Gaurav Patil,SE,Amar Frankie,4,Decent but unhealthy ingredients sometimes tbh,synthetic,Negative,0.454917699098587,0.2728012502193451,0.2722809910774231,0.454917699098587
02/24/2026 00:00:00,Vikram Rathod,SE,College Canteen 3rd Floor,4,"Overall, sandwiches are good, cold coffee is nice too",synthetic,Positive,0.922747790813446,0.922747790813446,0.0544772408902645,0.0227749440819025
02/24/2026 00:00:00,Simran Kaur,BE,Shawarma Shop,4,Needs better hygiene practices for food safety honestly,synthetic,Negative,0.4219199419021606,0.3653111755847931,0.212768867611885,0.4219199419021606
2/26/2026 11:53:39,Vedika Pardeshi,TE,College Canteen 3rd Floor,3,May be some fresh food can be provided,real,Positive,0.6620993614196777,0.6620993614196777,0.2023483961820602,0.1355523020029068
02/28/2026 00:00:00,Rashmi Sawant,TE,Manchurian Shop,3,"Overall, taste is okay but hygiene could be much better",synthetic,Negative,0.37940514087677,0.2889015674591064,0.3316933512687683,0.37940514087677
03/03/2026 00:00:00,Pooja Chauhan,SE,Vrindavan,2,I think good services but water glasses arent clean,synthetic,Negative,0.4062975645065307,0.3262501657009125,0.2674522995948791,0.4062975645065307
03/22/2026 00:00:00,Kabir Desai,SE,Juice Center,2,Good but overpriced for what you get tbh,synthetic,Negative,0.4594618380069732,0.2816245853900909,0.2589135766029358,0.4594618380069732
03/06/2026 00:00:00,Naveen Deshpande,TE,Shawarma Shop,3,"average shawarma, nothing special about it",synthetic,Negative,0.3991453647613525,0.3350729942321777,0.2657817006111145,0.3991453647613525
02/26/2026 00:00:00,Anjali Bansal,SE,Vrindavan,3,I like their dosa but rest is average!,synthetic,Negative,0.377876728773117,0.300607293844223,0.3215159177780151,0.377876728773117
2/26/2026 11:06:25,Divit Gupta,TE,Vrindavan,4,"Would prefer more options, getting tired of same food options",real,Negative,0.3871419429779053,0.3215415179729461,0.2913165390491485,0.3871419429779053
03/07/2026 00:00:00,Sneha Iyer,BE,Amar Frankie,1,"Bad hygiene practices, food color usage is high!",synthetic,Negative,0.4918126165866852,0.2937428057193756,0.214444562792778,0.4918126165866852
02/20/2026 00:00:00,Aarav Sharma,SE,College Canteen 3rd Floor,4,"nice canteen, comfortable seating area",synthetic,Positive,0.9280261993408204,0.9280261993408204,0.0474791973829269,0.0244945287704467
03/13/2026 00:00:00,Ritika Mukherjee,TE,Vrindavan,3,Good services but water glasses arent clean honestly,synthetic,Negative,0.3815532922744751,0.3536712825298309,0.2647754251956939,0.3815532922744751
02/24/2026 00:00:00,Kabir Desai,BE,Amar Frankie,5,"Great value for money, delicious frankies every time",synthetic,Positive,0.9324117302894592,0.9324117302894592,0.0388465225696563,0.0287417694926261
03/10/2026 00:00:00,Amit Agarwal,TE,Shawarma Shop,5,"Best non-veg option near college, tasty shawarma",synthetic,Positive,0.938373863697052,0.938373863697052,0.0384412258863449,0.0231849625706672
03/14/2026 00:00:00,Neha Saxena,BE,College Canteen Ground Floor,5,Cost-effective meals for daily eating!,synthetic,Positive,0.9203729033470154,0.9203729033470154,0.0477030053734779,0.0319241434335708
03/05/2026 00:00:00,Isha Dixit,BE,College Canteen Ground Floor,4,Good variety of food options available honestly,synthetic,Positive,0.932930827140808,0.932930827140808,0.0449654534459114,0.0221036355942487
2/26/2026 3:27:55,Kshitij,TE,Amar Frankie,4,Meh,real,Negative,0.3770908713340759,0.3635324835777282,0.2593766748905182,0.3770908713340759
02/25/2026 00:00:00,Naveen Deshpande,SE,Manchurian Shop,5,"They make really good manchurian, always my go-to honestly",synthetic,Positive,0.8853845596313477,0.8853845596313477,0.0722766891121864,0.0423387065529823
3/1/2026 16:09:16,Krishika Jalali,TE,College Canteen Ground Floor,3,"Unhygienic, saw cockroaches",real,Negative,0.5016966462135315,0.2603085935115814,0.2379947155714035,0.5016966462135315
03/02/2026 00:00:00,Harsh Goyal,TE,Cluckins,5,"Best chicken in the town, love it!",synthetic,Positive,0.9158951044082642,0.9158951044082642,0.0497253090143203,0.0343796201050281
02/20/2026 00:00:00,Aditya Nair,SE,Cluckins,3,"The place smells strong, ambiance could be better.",synthetic,Positive,0.4979884326457977,0.4979884326457977,0.2677402198314667,0.2342713624238968
02/26/2026 00:00:00,Ojas Wagh,TE,SPJIMR Mess,3,Some things need to be improved for sure honestly,synthetic,Negative,0.360192060470581,0.3391590118408203,0.3006488680839538,0.360192060470581
03/12/2026 00:00:00,Chetan Rawat,TE,Amar Frankie,5,"Insane frankies, best snack near campus ngl",synthetic,Positive,0.931062638759613,0.931062638759613,0.0413821376860141,0.0275552757084369
03/12/2026 00:00:00,Priya Joshi,TE,SPJIMR Mess,4,"unlimited healthy nutritious food, love it",synthetic,Positive,0.932772934436798,0.932772934436798,0.0405709072947502,0.026656175032258
03/03/2026 00:00:00,Raj Kapoor,BE,Vrindavan,5,Only place which provides proper sitting area,synthetic,Positive,0.8625003099441528,0.8625003099441528,0.0885195508599281,0.048980139195919
02/23/2026 00:00:00,Gauri Menon,SE,Amar Frankie,5,"I think tasty but spicy, love the frankie options here",synthetic,Positive,0.931416928768158,0.931416928768158,0.045122280716896,0.0234608799219131
03/09/2026 00:00:00,Faizan Khan,TE,Amar Frankie,2,The frankies are overpriced for the quality ngl,synthetic,Negative,0.4448359608650207,0.3214905560016632,0.233673483133316,0.4448359608650207
2/26/2026 18:35:04,Apurva A Khangal,TE,College Canteen 3rd Floor,4,The 3rd floor canteen is also nice. The seating area is comfortable and the food is decent. Overall experience is good and suitable for regular meals.,real,Positive,0.9136710166931152,0.9136710166931152,0.0586181804537773,0.0277108643203973
03/03/2026 00:00:00,Varun Karnik,SE,Juice Center,5,The variety of juice and shake options is great!,synthetic,Positive,0.931601881980896,0.931601881980896,0.0431791022419929,0.0252190809696912
03/08/2026 00:00:00,Shreya Mishra,SE,College Canteen 3rd Floor,3,I think misal pav is good and fulfilling at least,synthetic,Positive,0.649407684803009,0.649407684803009,0.1945639550685882,0.1560284197330474
3/1/2026 13:37:04,Sneha Kapte,TE,College Canteen Ground Floor,2,It lacked flavour and freshness,real,Negative,0.4609121680259704,0.2879326939582824,0.251155138015747,0.4609121680259704
03/07/2026 00:00:00,Sahil Bajaj,BE,Manchurian Shop,4,"Good quality food, consistent taste every time",synthetic,Positive,0.9363222122192384,0.9363222122192384,0.0382892340421676,0.0253885779529809
03/15/2026 00:00:00,Varun Karnik,SE,Vrindavan,5,"I think perfect place for vegetarians, amazing variety",synthetic,Positive,0.9387755393981934,0.9387755393981934,0.040047001093626,0.0211773831397295
02/23/2026 00:00:00,Chetan Rawat,SE,Juice Center,1,"Juice quality has gone down, not fresh always",synthetic,Negative,0.4536740779876709,0.2581059634685516,0.2882199287414551,0.4536740779876709
02/25/2026 00:00:00,Lalit Pawar,TE,Shawarma Shop,4,"Always packed for a reason, the food is great honestly",synthetic,Positive,0.9117380380630492,0.9117380380630492,0.0538157485425472,0.0344462245702743
03/06/2026 00:00:00,Nikhil Das,SE,College Canteen Ground Floor,3,Most items arent healthy or energetic enough tbh,synthetic,Negative,0.4259709417819977,0.2665954828262329,0.3074336647987366,0.4259709417819977
03/14/2026 00:00:00,Harsh Goyal,TE,Juice Center,3,I think good but not value for money always,synthetic,Negative,0.4216625988483429,0.2856821715831756,0.292655199766159,0.4216625988483429
03/22/2026 00:00:00,Chetan Rawat,TE,Amar Frankie,4,"Top 2 frankie shops, uses gloves, nice quantity",synthetic,Positive,0.9179282784461976,0.9179282784461976,0.0441932417452335,0.037878431379795
02/20/2026 00:00:00,Kiran Srivastava,SE,SPJIMR Mess,4,"Decent mess, food is okay most days tbh",synthetic,Positive,0.5146052241325378,0.5146052241325378,0.2822567522525787,0.2031379491090774
03/18/2026 00:00:00,Siddharth Malhotra,SE,Amar Frankie,4,"Loved the frankie, mesmerising taste tbh",synthetic,Positive,0.8442085385322571,0.8442085385322571,0.0799701958894729,0.0758213102817535
03/10/2026 00:00:00,Deepak Jain,BE,College Canteen Ground Floor,4,Very good food quality when they maintain it honestly,synthetic,Positive,0.916575014591217,0.916575014591217,0.0539246909320354,0.0295003969222307
02/24/2026 00:00:00,Pallavi Naik,SE,Cluckins,3,"Average food, menu needs more options honestly",synthetic,Negative,0.4317592978477478,0.2760899066925049,0.2921508848667145,0.4317592978477478
03/01/2026 00:00:00,Chetan Rawat,TE,College Canteen 3rd Floor,5,Thali and lunch option available which is great!,synthetic,Positive,0.9289289116859436,0.9289289116859436,0.0474813356995582,0.0235897433012723
03/18/2026 00:00:00,Manish Khanna,SE,Vrindavan,1,"Overpriced restaurant, not campus-friendly pricing honestly",synthetic,Negative,0.4865845143795013,0.278142362833023,0.2352730929851532,0.4865845143795013
02/28/2026 00:00:00,Suresh Pandey,TE,Shawarma Shop,5,"Shawarma is my life, love this place.",synthetic,Positive,0.9176836013793944,0.9176836013793944,0.0501397550106048,0.0321766026318073
2/26/2026 7:05:52,Bhavik Bhatia,TE,Cluckins,2,Bombay burgers is better,real,Positive,0.6742343902587891,0.6742343902587891,0.160306379199028,0.1654592305421829
03/24/2026 00:00:00,Umesh Nayak,BE,Manchurian Shop,4,"I think the manchurian is really good, tasty and flavourful",synthetic,Positive,0.9307769536972046,0.9307769536972046,0.0460604764521122,0.0231625624001026
03/02/2026 00:00:00,Ishaan Gupta,BE,College Canteen Ground Floor,4,The ground floor canteen is nice overall ngl,synthetic,Positive,0.9277958869934082,0.9277958869934082,0.0483013466000556,0.0239027366042137
03/06/2026 00:00:00,Sakshi Bhatia,TE,College Canteen Ground Floor,5,need more items on the menu but overall good,synthetic,Positive,0.815149188041687,0.815149188041687,0.1227219700813293,0.0621288307011127
03/17/2026 00:00:00,Pooja Chauhan,SE,SPJIMR Mess,4,The food is hygienic and meals are well-balanced.,synthetic,Positive,0.911721169948578,0.911721169948578,0.059288278222084,0.0289905909448862
03/06/2026 00:00:00,Ishaan Gupta,TE,Manchurian Shop,4,"Solid food, bhaji pav is especially good here.",synthetic,Positive,0.9223280549049376,0.9223280549049376,0.054215982556343,0.0234559345990419
03/25/2026 00:00:00,Bhavna Dubey,TE,Manchurian Shop,4,"Okayish, mix veg and non veg utensils is an issue!",synthetic,Negative,0.4279634654521942,0.3124458789825439,0.259590595960617,0.4279634654521942
03/17/2026 00:00:00,Rashmi Sawant,BE,Manchurian Shop,1,"unhygienic, roadside dirty, not healthy at all",synthetic,Negative,0.4861892461776733,0.2573555409908294,0.2564552128314972,0.4861892461776733
3/1/2026 12:42:41,Rasika Tukaram Mane,TE,Shawarma Shop,3,Chicken quality I doubt,real,Negative,0.3582018315792084,0.3561911284923553,0.2856071293354034,0.3582018315792084
03/12/2026 00:00:00,Varun Karnik,TE,Juice Center,5,Love the Ganga Jamuna Saraswati drink tbh,synthetic,Positive,0.930733323097229,0.930733323097229,0.0432296246290206,0.0260371509939432
03/03/2026 00:00:00,Komal Rane,TE,Cluckins,1,"Never been there, doesnt look inviting ngl",synthetic,Negative,0.5093150734901428,0.2623284757137298,0.2283564954996109,0.5093150734901428
03/04/2026 00:00:00,Meera Bhat,TE,College Canteen 3rd Floor,1,Menu needs major improvement honestly!,synthetic,Negative,0.4142736792564392,0.287902295589447,0.297823965549469,0.4142736792564392
03/04/2026 00:00:00,Sneha Iyer,BE,Juice Center,3,Contaminated water is a concern honestly tbh,synthetic,Negative,0.4658454060554504,0.2819002568721771,0.2522542774677276,0.4658454060554504
03/04/2026 00:00:00,Kiran Srivastava,SE,Vrindavan,3,Good taste but slightly expensive for students ngl,synthetic,Positive,0.6338143944740295,0.6338143944740295,0.201883777976036,0.1643017679452896
2/26/2026 11:21:12,Menil,TE,Juice Center,3,Expensive,real,Negative,0.3990049362182617,0.313642144203186,0.2873528599739074,0.3990049362182617
02/20/2026 00:00:00,Harsh Goyal,BE,Juice Center,3,fresh juice but portions could be bigger,synthetic,Negative,0.3480400145053863,0.3154402375221252,0.3365197777748108,0.3480400145053863
03/23/2026 00:00:00,Manish Khanna,TE,Cluckins,4,"crispy and flavorful food, worth trying",synthetic,Positive,0.9295485019683838,0.9295485019683838,0.0431857742369174,0.0272658318281173
03/18/2026 00:00:00,Ekta Bhardwaj,BE,Cluckins,5,I think one of the best non-veg spots near campus,synthetic,Positive,0.9161860942840576,0.9161860942840576,0.0526211708784103,0.0311927292495965
03/20/2026 00:00:00,Ekta Bhardwaj,BE,College Canteen 3rd Floor,2,good but most days items are not available,synthetic,Positive,0.3627107739448547,0.3627107739448547,0.3252066373825073,0.3120825886726379
03/18/2026 00:00:00,Varun Karnik,SE,College Canteen Ground Floor,4,"Overall, food quality is good and pricing is student-friendly",synthetic,Positive,0.9218005537986756,0.9218005537986756,0.0514061972498893,0.0267932880669832
03/14/2026 00:00:00,Komal Rane,SE,Amar Frankie,5,"Overall, follows norms and regulations, good food quality",synthetic,Positive,0.910581648349762,0.910581648349762,0.0571094900369644,0.0323089174926281
03/13/2026 00:00:00,Sakshi Bhatia,SE,SPJIMR Mess,2,"never been there, no interest honestly",synthetic,Negative,0.4916757643222809,0.2480776309967041,0.2602465450763702,0.4916757643222809
03/25/2026 00:00:00,Sahil Bajaj,BE,Juice Center,2,Fresh juice but portions could be bigger!,synthetic,Negative,0.3669138252735138,0.3364333510398865,0.2966527640819549,0.3669138252735138
2/26/2026 18:35:04,Apurva A Khangal,TE,Manchurian Shop,4,The Manchurian Shop is good overall. The food tastes nice and the bhaji pav is especially good. The quality is consistent and the pricing is reasonable for students.,real,Positive,0.928006112575531,0.928006112575531,0.0490810312330722,0.0229128543287515
03/16/2026 00:00:00,Raj Kapoor,BE,Cluckins,5,"Overall, best chicken in the town, love it!",synthetic,Positive,0.92131906747818,0.92131906747818,0.0460025034844875,0.0326784700155258
02/27/2026 00:00:00,Rahul Mehta,BE,SPJIMR Mess,3,"I think decent mess, food is okay most days",synthetic,Positive,0.529203474521637,0.529203474521637,0.2889778017997741,0.1818187534809112
02/20/2026 00:00:00,Kiran Srivastava,SE,Vrindavan,1,"Na, not impressed with this place at all",synthetic,Negative,0.4297245442867279,0.2892515957355499,0.2810238897800445,0.4297245442867279
03/20/2026 00:00:00,Shreya Mishra,TE,Amar Frankie,2,Nice one just that it has too much food color tbh,synthetic,Negative,0.4052371382713318,0.2946770489215851,0.3000858128070831,0.4052371382713318
03/16/2026 00:00:00,Anjali Bansal,BE,Shawarma Shop,5,"Shawarma is my life, love this place ngl",synthetic,Positive,0.9247658252716064,0.9247658252716064,0.0466368421912193,0.0285972729325294
03/18/2026 00:00:00,Bhavna Dubey,TE,Amar Frankie,5,"Tasty but spicy, love the frankie options here!",synthetic,Positive,0.9340810179710388,0.9340810179710388,0.0426032915711402,0.0233157072216272
03/03/2026 00:00:00,Anjali Bansal,SE,Cluckins,2,"Overall, expensive for what they serve honestly",synthetic,Negative,0.4763818085193634,0.2890602350234985,0.2345579713582992,0.4763818085193634
03/14/2026 00:00:00,Tina George,TE,College Canteen Ground Floor,5,I think need more items on the menu but overall good,synthetic,Positive,0.8630623817443848,0.8630623817443848,0.0939471423625946,0.0429905578494071
03/07/2026 00:00:00,Manya Hegde,TE,SPJIMR Mess,5,"Best overall, food quality and quantity both great",synthetic,Positive,0.9237788915634156,0.9237788915634156,0.0463224723935127,0.0298986043781042
03/22/2026 00:00:00,Meera Bhat,SE,College Canteen Ground Floor,5,"Like it, decent food at student-friendly prices ngl",synthetic,Positive,0.9389828443527222,0.9389828443527222,0.0355839543044567,0.0254331640899181
03/16/2026 00:00:00,Rahul Mehta,TE,Manchurian Shop,1,"I got sick after eating here, never again.",synthetic,Negative,0.4676322042942047,0.3002747595310211,0.2320930808782577,0.4676322042942047
03/18/2026 00:00:00,Riya Thakur,SE,Shawarma Shop,5,I think the shawarma here is worth every rupee,synthetic,Positive,0.8693723082542419,0.8693723082542419,0.0807505100965499,0.0498771779239177
03/03/2026 00:00:00,Bhavna Dubey,BE,Cluckins,4,one of the best non-veg spots near campus,synthetic,Positive,0.9197579026222228,0.9197579026222228,0.0501005947589874,0.0301414802670478
02/21/2026 00:00:00,Anjali Bansal,BE,Cluckins,5,Very nice presentation and taste overall!,synthetic,Positive,0.9297512173652648,0.9297512173652648,0.0448349341750144,0.0254138372838497
03/12/2026 00:00:00,Nikhil Das,BE,Amar Frankie,3,"Meh, nothing special about the frankies tbh",synthetic,Negative,0.3981941342353821,0.3034612834453583,0.2983445227146148,0.3981941342353821
03/15/2026 00:00:00,Simran Kaur,BE,Shawarma Shop,5,Service is really good and shawarma tastes great!,synthetic,Positive,0.9390041828155518,0.9390041828155518,0.0402605086565017,0.020735265687108
03/17/2026 00:00:00,Shreya Mishra,BE,Shawarma Shop,3,its nice but still is not clean enough,synthetic,Negative,0.4313002526760101,0.273189514875412,0.2955102026462555,0.4313002526760101
03/21/2026 00:00:00,Komal Rane,BE,College Canteen 3rd Floor,4,"Overall, thali and lunch option available which is great",synthetic,Positive,0.9247155785560608,0.9247155785560608,0.0515998490154743,0.0236845593899488
02/25/2026 00:00:00,Chetan Rawat,TE,SPJIMR Mess,1,"Cockroaches in the kitchen, not clean at all tbh",synthetic,Negative,0.5071284174919128,0.2556580007076263,0.2372136116027832,0.5071284174919128
02/22/2026 00:00:00,Sakshi Bhatia,BE,College Canteen 3rd Floor,3,Standard 3rd floor canteen experience ngl,synthetic,Positive,0.73763108253479,0.73763108253479,0.1348563283681869,0.1275125294923782
03/08/2026 00:00:00,Shreya Mishra,SE,Cluckins,4,"nice place, proper shop with good ambiance",synthetic,Positive,0.9280412793159484,0.9280412793159484,0.049182541668415,0.0227762181311845
03/03/2026 00:00:00,Sakshi Bhatia,TE,Amar Frankie,4,"meh, nothing special about the frankies",synthetic,Negative,0.3982731699943542,0.2943617403507232,0.3073650896549225,0.3982731699943542
2/26/2026 11:53:39,Vedika Pardeshi,TE,Vrindavan,4,Yes good!,real,Positive,0.8728463649749756,0.8728463649749756,0.0716393887996673,0.0555142760276794
03/20/2026 00:00:00,Nikhil Das,BE,Amar Frankie,4,The frankies are well-stuffed and flavorful,synthetic,Positive,0.9282419681549072,0.9282419681549072,0.0470791831612587,0.024678885936737
03/25/2026 00:00:00,Vivek Yadav,TE,SPJIMR Mess,4,"Og Place, cannot beat this quality ngl",synthetic,Negative,0.404532253742218,0.3387413620948791,0.2567264139652252,0.404532253742218
03/04/2026 00:00:00,Gauri Menon,TE,Cluckins,4,"I think nice place, proper shop with good ambiance",synthetic,Positive,0.9312751293182372,0.9312751293182372,0.0468486472964286,0.0218761693686246
03/12/2026 00:00:00,Priya Joshi,SE,Amar Frankie,3,"The Frankie is okayish, scope for improvement!",synthetic,Positive,0.6021735668182373,0.6021735668182373,0.1623571962118148,0.235469177365303
2/26/2026 12:31:38,Shreya Mahajan,TE,Amar Frankie,3,Nice one just that it has too much food color,real,Negative,0.4153416156768799,0.2748774886131286,0.3097808957099914,0.4153416156768799
03/02/2026 00:00:00,Chetan Rawat,BE,Shawarma Shop,2,"Would not eat here, too risky for health!",synthetic,Negative,0.5121169686317444,0.275066465139389,0.2128166109323501,0.5121169686317444
03/13/2026 00:00:00,Sonia Roy,SE,Vrindavan,2,Food is good but menu doesnt change much ngl,synthetic,Neutral,0.37404665350914,0.2745149433612823,0.37404665350914,0.3514384627342224
03/15/2026 00:00:00,Suresh Pandey,BE,Shawarma Shop,2,Decent crowd but hygiene could be improved honestly,synthetic,Negative,0.3538052141666412,0.3269738554954529,0.3192208707332611,0.3538052141666412
03/05/2026 00:00:00,Ekta Bhardwaj,BE,Manchurian Shop,5,"Good quality food, consistent taste every time honestly",synthetic,Positive,0.9393653869628906,0.9393653869628906,0.0373735688626766,0.0232610590755939
3/1/2026 13:43:44,Aniruddh Iyer,TE,SPJIMR Mess,5,outstanding,real,Positive,0.797090470790863,0.797090470790863,0.0908775776624679,0.112031914293766
02/25/2026 00:00:00,Harsh Goyal,BE,Shawarma Shop,1,"Would not eat here, too risky for health ngl",synthetic,Negative,0.4876478016376495,0.2549315392971039,0.2574206590652466,0.4876478016376495
02/21/2026 00:00:00,Tina George,TE,Juice Center,4,"Really refreshing drinks, perfect for hot days.",synthetic,Positive,0.9319861531257628,0.9319861531257628,0.0430702604353427,0.0249435827136039
03/17/2026 00:00:00,Akash Sinha,SE,Amar Frankie,3,"Average taste, decent portion size.",synthetic,Negative,0.3973139226436615,0.3260194659233093,0.2766665518283844,0.3973139226436615
03/01/2026 00:00:00,Ishaan Gupta,BE,Amar Frankie,2,The frankies are overpriced for the quality!,synthetic,Negative,0.4666723310947418,0.3399163484573364,0.1934112608432769,0.4666723310947418
2/26/2026 10:47:42,Kriya Mehta,TE,Shawarma Shop,3,always a little uncooked,real,Negative,0.4475716054439544,0.2827384769916534,0.2696899175643921,0.4475716054439544
03/23/2026 00:00:00,Pooja Chauhan,SE,College Canteen Ground Floor,4,Can have more food items and better variety,synthetic,Positive,0.7528588175773621,0.7528588175773621,0.1541644483804702,0.092976801097393
03/04/2026 00:00:00,Akash Sinha,TE,SPJIMR Mess,5,"Overall, best canteen to ever exist on campus!",synthetic,Positive,0.9067901968955994,0.9067901968955994,0.0531839616596698,0.0400259047746658
03/11/2026 00:00:00,Riya Thakur,TE,Juice Center,2,"Decent drinks, nothing extraordinary tbh",synthetic,Negative,0.4163080751895904,0.3064675033092499,0.2772244215011596,0.4163080751895904
02/28/2026 00:00:00,Suresh Pandey,BE,Juice Center,5,A really great option for days when u dont know what to have honestly,synthetic,Positive,0.8888325691223145,0.8888325691223145,0.0680807903409004,0.0430865660309791
03/15/2026 00:00:00,Divya Tiwari,TE,Amar Frankie,5,"follows norms and regulations, good food quality",synthetic,Positive,0.9097888469696044,0.9097888469696044,0.0578209273517131,0.0323901362717151
03/07/2026 00:00:00,Pallavi Naik,TE,Cluckins,2,Common kitchen for veg and non veg is bad tbh,synthetic,Negative,0.3681260943412781,0.3244692683219909,0.3074046671390533,0.3681260943412781
02/26/2026 00:00:00,Naveen Deshpande,TE,Vrindavan,1,"Na, not impressed with this place at all ngl",synthetic,Negative,0.4288266003131866,0.2945516705513,0.2766217887401581,0.4288266003131866
2/26/2026 0:02:13,Advait,TE,Cluckins,4,Sometimes maybe good sometimes maybe not good,real,Negative,0.4004655480384826,0.3046051263809204,0.2949293255805969,0.4004655480384826
03/06/2026 00:00:00,Ekta Bhardwaj,SE,Juice Center,3,Looks professional but prices are high.,synthetic,Positive,0.5061997175216675,0.5061997175216675,0.255349725484848,0.238450601696968
02/25/2026 00:00:00,Aarav Sharma,TE,SPJIMR Mess,3,I think good but food quality can be improved more,synthetic,Positive,0.3559087812900543,0.3559087812900543,0.3329425752162933,0.3111486136913299
3/1/2026 13:43:44,Aniruddh Iyer,TE,Amar Frankie,3,decent,real,Positive,0.4708670675754547,0.4708670675754547,0.2287814021110534,0.300351470708847
03/20/2026 00:00:00,Anjali Bansal,TE,College Canteen 3rd Floor,4,Standard 3rd floor canteen experience ngl,synthetic,Positive,0.73763108253479,0.73763108253479,0.1348563283681869,0.1275125294923782
03/19/2026 00:00:00,Manish Khanna,BE,Vrindavan,5,I think pav bhaji and aloo paratha is comfort food here,synthetic,Positive,0.9148697257041932,0.9148697257041932,0.0542329587042331,0.0308972653001546
03/08/2026 00:00:00,Rahul Mehta,SE,Manchurian Shop,3,"They maintain bare minimum hygiene, taste is okay tbh",synthetic,Negative,0.423058807849884,0.2753624320030212,0.3015787303447723,0.423058807849884
02/21/2026 00:00:00,Suresh Pandey,SE,Juice Center,3,Good but overpriced for what you get tbh,synthetic,Negative,0.4594618380069732,0.2816245853900909,0.2589135766029358,0.4594618380069732
03/14/2026 00:00:00,Ojas Wagh,BE,Cluckins,5,"Best chicken in the town, love it honestly",synthetic,Positive,0.918318212032318,0.918318212032318,0.0487926229834556,0.0328892171382904
03/20/2026 00:00:00,Kriti Goel,SE,Amar Frankie,1,"Overall, stale ingredients used sometimes, be careful",synthetic,Negative,0.4578022956848144,0.2993312478065491,0.2428664565086364,0.4578022956848144
02/21/2026 00:00:00,Amit Agarwal,TE,SPJIMR Mess,1,"Bad food quality, not worth the price",synthetic,Negative,0.4705528616905212,0.2676176428794861,0.2618294656276703,0.4705528616905212
3/21/2026 0:14:27,Prachi Barhate,TE,SPJIMR Mess,4,best option,real,Positive,0.887346088886261,0.887346088886261,0.0669246166944503,0.0457293093204498
03/08/2026 00:00:00,Neha Saxena,BE,College Canteen Ground Floor,3,"standard campus canteen, nothing special",synthetic,Negative,0.3707846701145172,0.3552111983299255,0.2740041315555572,0.3707846701145172
03/22/2026 00:00:00,Isha Dixit,BE,College Canteen 3rd Floor,3,sandwiches are nice but rest is average,synthetic,Positive,0.4170976877212524,0.4170976877212524,0.3901537954807281,0.192748486995697
02/22/2026 00:00:00,Himanshu Lakra,TE,Manchurian Shop,5,"Flavourful food, one of the better stalls around campus tbh",synthetic,Positive,0.9358441233634948,0.9358441233634948,0.0416528098285198,0.0225030947476625
2/26/2026 16:24:12,Parth Gujarkar,TE,College Canteen Ground Floor,3,Most of the items aren't healthy and energetic,real,Negative,0.4031475484371185,0.2888113856315613,0.3080410361289978,0.4031475484371185
02/28/2026 00:00:00,Manish Khanna,SE,Cluckins,4,Good food and easy on the pocket for students ngl,synthetic,Positive,0.9177793860435486,0.9177793860435486,0.0565029792487621,0.0257176738232374
02/20/2026 00:00:00,Aarav Sharma,BE,Cluckins,1,"Na, not a good experience at all honestly",synthetic,Negative,0.4428409337997436,0.2726560533046722,0.2845030128955841,0.4428409337997436
03/01/2026 00:00:00,Jayesh Pillai,BE,Shawarma Shop,4,Service is really good and shawarma tastes great!,synthetic,Positive,0.9390041828155518,0.9390041828155518,0.0402605086565017,0.020735265687108
2/26/2026 10:47:42,Kriya Mehta,TE,College Canteen Ground Floor,3,not too much options,real,Negative,0.4240812063217163,0.2764764130115509,0.2994423508644104,0.4240812063217163
03/05/2026 00:00:00,Lalit Pawar,BE,College Canteen 3rd Floor,2,"Average food quality, pricing is okay tbh",synthetic,Negative,0.4153584837913513,0.2818168401718139,0.3028247356414795,0.4153584837913513
03/20/2026 00:00:00,Manya Hegde,SE,Amar Frankie,5,The go to place for delicious frankie ngl,synthetic,Positive,0.929260551929474,0.929260551929474,0.0421579107642173,0.0285816062241792
03/03/2026 00:00:00,Pallavi Naik,SE,Amar Frankie,2,"I think bad hygiene practices, food color usage is high",synthetic,Negative,0.461291491985321,0.2842032611370086,0.2545052468776703,0.461291491985321
02/22/2026 00:00:00,Sneha Iyer,SE,College Canteen Ground Floor,4,"Not too much options, menu is limited honestly",synthetic,Negative,0.4647233188152313,0.2642963826656341,0.2709802985191345,0.4647233188152313
03/10/2026 00:00:00,Tina George,BE,Cluckins,4,"Crispy and flavorful food, worth trying",synthetic,Positive,0.9295485019683838,0.9295485019683838,0.0431857742369174,0.0272658318281173
03/24/2026 00:00:00,Vivek Yadav,SE,Cluckins,3,Decent but nothing special about the food!,synthetic,Negative,0.3906391561031341,0.3228784799575805,0.2864823639392853,0.3906391561031341
03/12/2026 00:00:00,Chetan Rawat,SE,Manchurian Shop,1,The stall is dirty and they dont wear gloves honestly,synthetic,Negative,0.4629139304161072,0.2740782797336578,0.2630077004432678,0.4629139304161072
03/22/2026 00:00:00,Kriti Goel,BE,Juice Center,3,"Overall, contaminated water is a concern honestly",synthetic,Negative,0.4603328108787536,0.3004536032676697,0.2392135560512542,0.4603328108787536
03/10/2026 00:00:00,Pankaj More,SE,Shawarma Shop,1,Never tried because it looks so unhygienic ngl,synthetic,Negative,0.4600873589515686,0.2589363157749176,0.2809763550758362,0.4600873589515686
03/23/2026 00:00:00,Divya Tiwari,SE,Manchurian Shop,4,"Overall, good quality food, consistent taste every time",synthetic,Positive,0.939950704574585,0.939950704574585,0.0371815748512744,0.0228676367551088
03/12/2026 00:00:00,Isha Dixit,TE,Shawarma Shop,4,"Shawarma is my life, love this place tbh",synthetic,Positive,0.9203763008117676,0.9203763008117676,0.0497003756463527,0.0299232825636863
03/06/2026 00:00:00,Ekta Bhardwaj,TE,Manchurian Shop,4,One of the better options near college for quick food ngl,synthetic,Positive,0.9297282695770264,0.9297282695770264,0.0462187603116035,0.0240530800074338
2/26/2026 7:05:52,Bhavik Bhatia,TE,Shawarma Shop,5,Best,real,Positive,0.8240874409675598,0.8240874409675598,0.0857767313718795,0.0901358127593994
02/21/2026 00:00:00,Nikhil Das,TE,Amar Frankie,5,"Follows norms and regulations, good food quality tbh",synthetic,Positive,0.9163327217102052,0.9163327217102052,0.0522904433310031,0.0313768833875656
2/26/2026 7:25:39,Harsh Bhatt,TE,Vrindavan,5,Another banger,real,Positive,0.3975885510444641,0.3975885510444641,0.225386768579483,0.3770246207714081
03/07/2026 00:00:00,Anjali Bansal,TE,Juice Center,5,"Even the packaging is solid, great presentation tbh",synthetic,Positive,0.915528118610382,0.915528118610382,0.0514136105775833,0.0330582670867443
03/10/2026 00:00:00,Arjun Singh,TE,SPJIMR Mess,2,"I think haven't been there, doesnt seem appealing",synthetic,Negative,0.4884426593780517,0.2613257169723511,0.2502316534519195,0.4884426593780517
03/25/2026 00:00:00,Akash Sinha,TE,Amar Frankie,4,I think gives hot food in plastic which is concerning,synthetic,Positive,0.4309740364551544,0.4309740364551544,0.2798026800155639,0.2892232537269592
02/27/2026 00:00:00,Rohan Reddy,BE,SPJIMR Mess,2,"I think never been there, no interest honestly",synthetic,Negative,0.4874525964260101,0.2531453669071197,0.2594019770622253,0.4874525964260101
03/07/2026 00:00:00,Riya Thakur,TE,Manchurian Shop,3,The taste is fine but the place looks dirty sometimes tbh,synthetic,Negative,0.3946052193641662,0.2968819439411163,0.3085127472877502,0.3946052193641662
03/07/2026 00:00:00,Rohan Reddy,TE,Juice Center,4,I think the variety of juice and shake options is great,synthetic,Positive,0.930787205696106,0.930787205696106,0.0454328507184982,0.0237799268215894
03/23/2026 00:00:00,Gauri Menon,TE,Shawarma Shop,4,"really good shawarma, perfectly spiced and filling",synthetic,Positive,0.9414430856704712,0.9414430856704712,0.0369903147220611,0.0215666648000478
03/15/2026 00:00:00,Harsh Goyal,TE,Amar Frankie,5,"Yummy, tastier and healthier option for snacks tbh",synthetic,Positive,0.926716685295105,0.926716685295105,0.049665980041027,0.0236173458397388
03/06/2026 00:00:00,Rashmi Sawant,BE,Vrindavan,5,"Overall, perfect place for vegetarians, amazing variety",synthetic,Positive,0.9430094957351683,0.9430094957351683,0.0360011644661426,0.0209893267601728
02/22/2026 00:00:00,Ishaan Gupta,TE,Cluckins,5,I think great student offers and deals available,synthetic,Positive,0.9290428757667542,0.9290428757667542,0.0451058186590671,0.0258512869477272
03/21/2026 00:00:00,Ekta Bhardwaj,TE,Cluckins,4,Sourcing of ingredients not fully trustworthy honestly,synthetic,Negative,0.5227203965187073,0.2705615758895874,0.2067180424928665,0.5227203965187073
3/1/2026 13:35:58,Asmiya Sayyad,TE,Amar Frankie,2,Cant see any employees wearing gloves,real,Negative,0.4719250798225403,0.2823282480239868,0.2457467019557953,0.4719250798225403
03/07/2026 00:00:00,Aditya Nair,SE,College Canteen Ground Floor,1,Too expensive for the quality they serve tbh,synthetic,Negative,0.4742687046527862,0.2806386053562164,0.2450926750898361,0.4742687046527862
03/10/2026 00:00:00,Akash Sinha,SE,Cluckins,5,"Overall, good food and easy on the pocket for students",synthetic,Positive,0.9230980277061462,0.9230980277061462,0.0525108464062213,0.0243910737335681
03/12/2026 00:00:00,Ananya Patel,BE,Amar Frankie,3,"Overall, its a quick snack option but quality varies",synthetic,Positive,0.4237430393695831,0.4237430393695831,0.3151165843009949,0.2611403465270996
03/07/2026 00:00:00,Komal Rane,TE,SPJIMR Mess,2,some things need to be improved for sure,synthetic,Negative,0.3720720708370209,0.3344811797142029,0.293446809053421,0.3720720708370209
02/28/2026 00:00:00,Harsh Goyal,BE,Manchurian Shop,1,"Bad hygiene, water they use for cleaning looks dirty",synthetic,Negative,0.4714365601539612,0.2528437674045563,0.2757197320461273,0.4714365601539612
2/26/2026 18:35:04,Apurva A Khangal,TE,Shawarma Shop,3,"I have not personally tried the shawarma yet, so I cannot comment much on the taste or quality. However, it seems popular among students and usually has decent crowd.",real,Positive,0.7387436628341675,0.7387436628341675,0.1539492160081863,0.1073070392012596
03/12/2026 00:00:00,Vivek Yadav,SE,Juice Center,4,Love the Ganga Jamuna Saraswati drink,synthetic,Positive,0.9242327213287354,0.9242327213287354,0.0464430786669254,0.0293242074549198
02/24/2026 00:00:00,Lalit Pawar,BE,Amar Frankie,2,"Stale ingredients used sometimes, be careful honestly",synthetic,Negative,0.4667381346225738,0.2941808402538299,0.2390810549259185,0.4667381346225738
03/17/2026 00:00:00,Manish Khanna,BE,College Canteen Ground Floor,5,Very good food quality when they maintain it,synthetic,Positive,0.9087067246437072,0.9087067246437072,0.0594460591673851,0.0318471156060695
02/23/2026 00:00:00,Rashmi Sawant,BE,Shawarma Shop,3,Chicken quality I doubt sometimes honestly,synthetic,Negative,0.3998298346996307,0.3070846498012543,0.2930855751037597,0.3998298346996307
02/23/2026 00:00:00,Sonia Roy,TE,Amar Frankie,4,"Great value for money, delicious frankies every time.",synthetic,Positive,0.9294596910476683,0.9294596910476683,0.0418929085135459,0.028647419065237
03/10/2026 00:00:00,Manish Khanna,BE,College Canteen 3rd Floor,3,Sandwiches are nice but rest is average ngl,synthetic,Neutral,0.3902852237224579,0.3767388761043548,0.3902852237224579,0.2329758703708648
03/15/2026 00:00:00,Kavya Shah,TE,Shawarma Shop,4,"I think top quality shawarma, would recommend to everyone",synthetic,Positive,0.9173805713653564,0.9173805713653564,0.052815094590187,0.0298042595386505
02/24/2026 00:00:00,Sonia Roy,SE,Vrindavan,4,Good 2nd option after the mess,synthetic,Positive,0.6612371206283569,0.6612371206283569,0.174945667386055,0.1638171672821045
2/26/2026 3:27:55,Kshitij,TE,Vrindavan,4,dost idhar le aate but pet nahi bharta,real,Positive,0.7079033255577087,0.7079033255577087,0.1463305950164795,0.1457659900188446
2/26/2026 13:24:02,Riya More,TE,Shawarma Shop,3,its nice but still is not clean enough,real,Negative,0.4313002526760101,0.273189514875412,0.2955102026462555,0.4313002526760101
03/11/2026 00:00:00,Manish Khanna,BE,College Canteen Ground Floor,3,"Overall, too much waiting and food quality is average",synthetic,Negative,0.4413806200027466,0.2572244703769684,0.3013948500156402,0.4413806200027466
03/16/2026 00:00:00,Himanshu Lakra,SE,College Canteen Ground Floor,4,Good variety of food options available ngl,synthetic,Positive,0.9247851967811584,0.9247851967811584,0.0518379993736743,0.0233767628669738
02/23/2026 00:00:00,Shreya Mishra,BE,Vrindavan,1,I think too expensive for students to eat regularly,synthetic,Negative,0.4713598787784576,0.2786819636821747,0.2499581128358841,0.4713598787784576
03/05/2026 00:00:00,Umesh Nayak,SE,Juice Center,5,Cold coffee supremacy! Best drinks on campus honestly,synthetic,Positive,0.9274858832359314,0.9274858832359314,0.0419850163161754,0.0305290576070547
03/04/2026 00:00:00,Vihaan Verma,SE,Juice Center,3,"Average juice, could have more variety.",synthetic,Negative,0.3858204185962677,0.307923674583435,0.3062558472156524,0.3858204185962677
03/11/2026 00:00:00,Kavya Shah,SE,Vrindavan,1,"I think overpriced restaurant, not campus-friendly pricing",synthetic,Negative,0.468901515007019,0.2589367032051086,0.2721617519855499,0.468901515007019
3/1/2026 12:36:15,Rachel,TE,Shawarma Shop,4,"Good Shawarma, delicious flavours, but it didnt seem so hygienic, could improve on cleanliness",real,Positive,0.7352339029312134,0.7352339029312134,0.1330707371234893,0.1316953003406524
02/28/2026 00:00:00,Ekta Bhardwaj,BE,Cluckins,5,The chicken is fresh and well-cooked always honestly,synthetic,Positive,0.931095004081726,0.931095004081726,0.0455193854868412,0.0233856905251741
03/11/2026 00:00:00,Isha Dixit,TE,Juice Center,3,Looks professional but prices are high!,synthetic,Negative,0.4081321954727173,0.3418537378311157,0.2500140368938446,0.4081321954727173
03/21/2026 00:00:00,Kiran Srivastava,SE,Vrindavan,3,"I think vegetarian food only, need non-veg options too",synthetic,Negative,0.4152199029922485,0.3252392709255218,0.259540855884552,0.4152199029922485
03/17/2026 00:00:00,Vivek Yadav,TE,SPJIMR Mess,5,Raises your standards when you eat here,synthetic,Positive,0.8646321296691895,0.8646321296691895,0.0768086090683937,0.0585593394935131
02/25/2026 00:00:00,Shreya Mishra,SE,Shawarma Shop,2,"Overall, decent crowd but hygiene could be improved",synthetic,Negative,0.3495354652404785,0.3227631449699402,0.3277013301849365,0.3495354652404785
3/1/2026 12:35:33,Vatsal Jain,TE,Manchurian Shop,3,Can be better,real,Negative,0.3817496001720428,0.3474274277687073,0.2708229720592499,0.3817496001720428
3/21/2026 0:14:27,Prachi Barhate,TE,Cluckins,3,too oily,real,Negative,0.4738200008869171,0.2646753191947937,0.261504590511322,0.4738200008869171
03/19/2026 00:00:00,Rohan Reddy,BE,Shawarma Shop,4,service is really good and shawarma tastes great,synthetic,Positive,0.9343184232711792,0.9343184232711792,0.0454231947660446,0.0202583316713571
03/19/2026 00:00:00,Deepak Jain,BE,SPJIMR Mess,4,"Fast clean and tasty, the holy trinity ngl",synthetic,Positive,0.9368488192558287,0.9368488192558287,0.0377528816461563,0.0253982953727245
03/07/2026 00:00:00,Ritika Mukherjee,TE,SPJIMR Mess,3,Quality did not meet expectations sometimes tbh,synthetic,Negative,0.448230504989624,0.2562149465084076,0.295554518699646,0.448230504989624
03/11/2026 00:00:00,Sonia Roy,SE,SPJIMR Mess,4,"Best overall, food quality and quantity both great.",synthetic,Positive,0.934478223323822,0.934478223323822,0.0407048240303993,0.0248170234262943
02/25/2026 00:00:00,Nisha Kulkarni,TE,SPJIMR Mess,3,Nice place but some things need improvement honestly,synthetic,Negative,0.3543274700641632,0.3370880484580993,0.3085844218730926,0.3543274700641632
03/15/2026 00:00:00,Rohan Reddy,BE,Shawarma Shop,4,"Overall, top quality shawarma, would recommend to everyone",synthetic,Positive,0.9238077998161316,0.9238077998161316,0.0484688282012939,0.0277232993394136
02/22/2026 00:00:00,Anjali Bansal,SE,Vrindavan,1,Pricy and not worth it for what they serve ngl,synthetic,Negative,0.4724420309066772,0.2667475938796997,0.260810375213623,0.4724420309066772
02/25/2026 00:00:00,Anjali Bansal,TE,Cluckins,5,Great student offers and deals available.,synthetic,Positive,0.9239224791526794,0.9239224791526794,0.0484986566007137,0.0275788344442844
02/28/2026 00:00:00,Varun Karnik,TE,Manchurian Shop,2,Cleanliness standards did not meet expectations tbh,synthetic,Negative,0.4652051925659179,0.2652288377285003,0.269565999507904,0.4652051925659179
2/26/2026 18:35:04,Apurva A Khangal,TE,Cluckins,3,"I have not tried Cluckins yet, so I cannot provide detailed feedback. However, it seems to have a good variety of options and looks appealing.",real,Positive,0.6696422696113586,0.6696422696113586,0.1774522811174392,0.1529054939746856
03/11/2026 00:00:00,Umesh Nayak,TE,Cluckins,2,Food was oily and not fresh at all ngl,synthetic,Negative,0.4548074007034302,0.2537944912910461,0.2913980484008789,0.4548074007034302
03/17/2026 00:00:00,Gaurav Patil,SE,Cluckins,3,I think sourcing of ingredients not fully trustworthy,synthetic,Negative,0.4837251007556915,0.2552985548973083,0.2609763443470001,0.4837251007556915
2/26/2026 3:27:55,Kshitij,TE,SPJIMR Mess,5,Og Place,real,Negative,0.3914858400821686,0.3641825020313263,0.2443317174911499,0.3914858400821686
03/14/2026 00:00:00,Riya Thakur,SE,College Canteen 3rd Floor,3,Standard 3rd floor canteen experience.,synthetic,Positive,0.9190359115600586,0.9190359115600586,0.0519234985113143,0.0290405228734016
02/20/2026 00:00:00,Naveen Deshpande,SE,Cluckins,5,One of the best non-veg spots near campus ngl,synthetic,Positive,0.9255369901657104,0.9255369901657104,0.0451028198003768,0.029360206797719
02/28/2026 00:00:00,Rashmi Sawant,SE,Vrindavan,1,"Na, not impressed with this place at all.",synthetic,Negative,0.4476075768470764,0.2726690769195556,0.2797233760356903,0.4476075768470764
03/13/2026 00:00:00,Chetan Rawat,SE,Shawarma Shop,5,So tasty! Best shawarma around campus ngl,synthetic,Positive,0.929226577281952,0.929226577281952,0.0429330430924892,0.0278403386473655
03/25/2026 00:00:00,Kriti Goel,SE,College Canteen 3rd Floor,4,"Overall, sometimes good sometimes bad, inconsistent",synthetic,Negative,0.4415154457092285,0.2997943162918091,0.2586901783943176,0.4415154457092285
03/18/2026 00:00:00,Ritika Mukherjee,BE,Shawarma Shop,1,"No veg options at all, very exclusionary.",synthetic,Negative,0.4770405888557434,0.2906329035758972,0.2323265522718429,0.4770405888557434
03/14/2026 00:00:00,Aditya Nair,BE,SPJIMR Mess,5,"Best experience, would recommend to everyone honestly",synthetic,Positive,0.9259690046310424,0.9259690046310424,0.0437679998576641,0.030262965708971
03/08/2026 00:00:00,Sonia Roy,TE,Juice Center,3,"Decent drinks, nothing extraordinary honestly",synthetic,Negative,0.4311493933200836,0.2951116263866424,0.2737390100955963,0.4311493933200836
03/13/2026 00:00:00,Aditya Nair,SE,SPJIMR Mess,5,"outstanding food, clean and well-maintained",synthetic,Positive,0.9244693517684937,0.9244693517684937,0.0478417873382568,0.0276888757944107
02/22/2026 00:00:00,Divya Tiwari,SE,College Canteen 3rd Floor,4,"Sandwiches are the best here, must try honestly",synthetic,Positive,0.9087820649147034,0.9087820649147034,0.0596065036952495,0.0316115207970142
02/26/2026 00:00:00,Ojas Wagh,TE,Juice Center,5,"Overall, fresh fruits, seasonal menu is always exciting",synthetic,Positive,0.9363771677017212,0.9363771677017212,0.0418486595153808,0.0217742174863815
03/11/2026 00:00:00,Manya Hegde,BE,Vrindavan,4,"go to place, sizzling brownie has my heart",synthetic,Positive,0.9121425151824952,0.9121425151824952,0.052159134298563,0.0356982685625553
3/1/2026 16:09:16,Krishika Jalali,TE,Cluckins,5,Nice,real,Positive,0.8867283463478088,0.8867283463478088,0.0685205683112144,0.0447511039674282
02/24/2026 00:00:00,Shreya Mishra,TE,Amar Frankie,3,I think gives hot food in plastic which is concerning,synthetic,Positive,0.4309740364551544,0.4309740364551544,0.2798026800155639,0.2892232537269592
02/24/2026 00:00:00,Rohan Reddy,BE,SPJIMR Mess,4,"Best overall, food quality and quantity both great ngl",synthetic,Positive,0.9342642426490784,0.9342642426490784,0.039762508124113,0.0259732622653245
3/1/2026 12:45:09,Nidhi Patel,TE,Manchurian Shop,2,"The taste of the Manchurian is decent and flavorful, but there are noticeable hygiene issues. The food quality is average, and the pricing is reasonable. However, cleanliness and proper food handling practices need improvement to enhance the overall experience.",real,Positive,0.5613080859184265,0.5613080859184265,0.2222956120967865,0.2163962721824646
2/26/2026 7:05:52,Bhavik Bhatia,TE,Vrindavan,5,Best,real,Positive,0.8240874409675598,0.8240874409675598,0.0857767313718795,0.0901358127593994
03/11/2026 00:00:00,Kavya Shah,SE,SPJIMR Mess,3,"Overall, good but food quality can be improved more",synthetic,Positive,0.3484139442443847,0.3484139442443847,0.3173302114009857,0.3342558443546295
02/20/2026 00:00:00,Simran Kaur,SE,Manchurian Shop,2,"They maintain bare minimum hygiene, taste is okay tbh",synthetic,Negative,0.423058807849884,0.2753624320030212,0.3015787303447723,0.423058807849884
02/26/2026 00:00:00,Priya Joshi,SE,Vrindavan,3,Worth it but pricing could be more student-friendly.,synthetic,Negative,0.3834965825080871,0.2865781486034393,0.3299252986907959,0.3834965825080871
03/25/2026 00:00:00,Himanshu Lakra,BE,College Canteen Ground Floor,3,I think most items arent healthy or energetic enough,synthetic,Negative,0.4307960569858551,0.3009338974952698,0.2682700753211975,0.4307960569858551
3/1/2026 12:45:09,Nidhi Patel,TE,Cluckins,4,"Cluckins serves crispy, flavorful, and well-cooked food items. The quality and taste are impressive, and the ambiance is decent. However, the pricing feels slightly expensive compared to portion size. Despite that, the overall experience is good.",real,Positive,0.87646484375,0.87646484375,0.0828528925776481,0.0406822673976421
2/26/2026 9:00:20,Jehan,TE,Shawarma Shop,5,Tasty,real,Positive,0.9083780646324158,0.9083780646324158,0.0574291385710239,0.0341928042471408
03/21/2026 00:00:00,Umesh Nayak,SE,Amar Frankie,5,They have a lot of different frankie options to choose from!,synthetic,Positive,0.8850362300872803,0.8850362300872803,0.0675637051463127,0.0473999828100204
02/26/2026 00:00:00,Kriti Goel,SE,Juice Center,2,too expensive for the quantity and quality,synthetic,Negative,0.4887626469135284,0.2723548114299774,0.2388825565576553,0.4887626469135284
03/12/2026 00:00:00,Pallavi Naik,BE,College Canteen Ground Floor,1,It lacked flavour and freshness completely tbh,synthetic,Negative,0.4400936663150787,0.2697938680648803,0.2901124060153961,0.4400936663150787
03/23/2026 00:00:00,Kavya Shah,TE,Manchurian Shop,1,"Overall, not worth risking your health for this food",synthetic,Negative,0.4533354043960571,0.2820014655590057,0.2646631002426147,0.4533354043960571
03/19/2026 00:00:00,Nisha Kulkarni,SE,SPJIMR Mess,4,Strongly recommended for college students.,synthetic,Positive,0.9044262766838074,0.9044262766838074,0.0612239763140678,0.0343497954308986
03/06/2026 00:00:00,Siddharth Malhotra,BE,Vrindavan,2,"Vegetarian food only, no nonveg options is bad.",synthetic,Negative,0.4207555651664734,0.2893208265304565,0.28992360830307,0.4207555651664734
03/04/2026 00:00:00,Ananya Patel,TE,Amar Frankie,5,"loved the frankie, mesmerising taste!",synthetic,Positive,0.8844681978225708,0.8844681978225708,0.0646847635507583,0.0508470013737678
03/16/2026 00:00:00,Rahul Mehta,TE,Vrindavan,5,"Overall, perfect place for vegetarians, amazing variety",synthetic,Positive,0.9430094957351683,0.9430094957351683,0.0360011644661426,0.0209893267601728
03/16/2026 00:00:00,Umesh Nayak,BE,Shawarma Shop,2,Food is okay but the open stall feels unhygienic ngl,synthetic,Negative,0.4215160310268402,0.2699491381645202,0.3085348606109619,0.4215160310268402
03/04/2026 00:00:00,Kavya Shah,TE,SPJIMR Mess,5,"Fast clean and tasty, the holy trinity tbh",synthetic,Positive,0.9361799955368042,0.9361799955368042,0.0384108573198318,0.0254092067480087
02/28/2026 00:00:00,Gaurav Patil,BE,Cluckins,1,"Na, not a good experience at all!",synthetic,Negative,0.4499508738517761,0.2826592326164245,0.2673898339271545,0.4499508738517761
03/03/2026 00:00:00,Aditya Nair,TE,Cluckins,4,Sourcing of ingredients not fully trustworthy!,synthetic,Negative,0.523791491985321,0.2891785800457001,0.1870299279689788,0.523791491985321
03/14/2026 00:00:00,Pallavi Naik,TE,College Canteen Ground Floor,1,"Cockroaches were in the coffee, never going again.",synthetic,Negative,0.4640288650989532,0.3143539726734161,0.2216171473264694,0.4640288650989532
02/22/2026 00:00:00,Rohan Reddy,BE,College Canteen 3rd Floor,4,I think thali and lunch option available which is great,synthetic,Positive,0.9230659008026124,0.9230659008026124,0.0530905649065971,0.0238434504717588
03/22/2026 00:00:00,Deepak Jain,BE,SPJIMR Mess,4,I think the food is hygienic and meals are well-balanced,synthetic,Positive,0.9068376421928406,0.9068376421928406,0.06188440695405,0.0312780439853668
03/05/2026 00:00:00,Pankaj More,TE,College Canteen Ground Floor,4,The ground floor canteen is nice overall.,synthetic,Positive,0.9240502119064332,0.9240502119064332,0.0511048138141632,0.0248450133949518
02/20/2026 00:00:00,Anjali Bansal,TE,Vrindavan,4,"A really good place for vegetarians, great variety tbh",synthetic,Positive,0.9354814291000366,0.9354814291000366,0.0421101935207843,0.0224083177745342
03/13/2026 00:00:00,Sakshi Bhatia,BE,Amar Frankie,4,"I think not much idea, havent tried enough to comment",synthetic,Negative,0.477210134267807,0.2865711748600006,0.2362186014652252,0.477210134267807
02/28/2026 00:00:00,Amit Agarwal,SE,College Canteen 3rd Floor,1,I think slightly more decent but still not good enough,synthetic,Negative,0.4119642078876495,0.2717385292053222,0.3162972331047058,0.4119642078876495
2/26/2026 18:35:04,Apurva A Khangal,TE,SPJIMR Mess,4,SPJIMR Mess is also nice. The food is hygienic and meals are well-balanced. The quality is consistent and suitable for daily eating.,real,Positive,0.9268510341644288,0.9268510341644288,0.0504283085465431,0.0227206852287054
02/24/2026 00:00:00,Amit Agarwal,TE,Juice Center,4,"Nice and fresh juices, healthy option.",synthetic,Positive,0.9386937022209167,0.9386937022209167,0.0404105186462402,0.0208958182483911
03/08/2026 00:00:00,Rahul Mehta,TE,Cluckins,2,"service is very slow, needs improvement",synthetic,Negative,0.461435467004776,0.2724491655826568,0.2661153674125671,0.461435467004776
03/02/2026 00:00:00,Kiran Srivastava,BE,Amar Frankie,3,Good taste but hygiene can be improved!,synthetic,Positive,0.3722662627696991,0.3722662627696991,0.3016471862792969,0.3260864615440368
03/10/2026 00:00:00,Bhavna Dubey,SE,SPJIMR Mess,5,"Unlimited healthy nutritious food, love it tbh",synthetic,Positive,0.9407628178596495,0.9407628178596495,0.0356505736708641,0.0235865283757448
03/03/2026 00:00:00,Jayesh Pillai,TE,Juice Center,4,"Choco, Oreo, chocolate strawberry are amazing ngl",synthetic,Positive,0.91952782869339,0.91952782869339,0.0514628589153289,0.0290092546492815
03/01/2026 00:00:00,Rohan Reddy,SE,Juice Center,5,cold coffee supremacy! best drinks on campus,synthetic,Positive,0.9185956120491028,0.9185956120491028,0.0478353537619113,0.0335689671337604
2/26/2026 16:24:12,Parth Gujarkar,TE,Vrindavan,3,Good taste but slightly expensive,real,Positive,0.393316239118576,0.393316239118576,0.2755288481712341,0.3311548829078674
03/11/2026 00:00:00,Shreya Mishra,TE,Vrindavan,5,"Perfect place for vegetarians, amazing variety honestly",synthetic,Positive,0.9385318756103516,0.9385318756103516,0.0384474843740463,0.0230206195265054
03/04/2026 00:00:00,Siddharth Malhotra,BE,SPJIMR Mess,2,"Bad food quality, not worth the price.",synthetic,Negative,0.4957670271396637,0.287216305732727,0.2170166224241256,0.4957670271396637
02/28/2026 00:00:00,Akash Sinha,SE,Shawarma Shop,4,"Top quality shawarma, would recommend to everyone tbh",synthetic,Positive,0.9317946434020996,0.9317946434020996,0.0431330278515815,0.0250723306089639
02/24/2026 00:00:00,Tina George,SE,Cluckins,5,Very nice presentation and taste overall tbh,synthetic,Positive,0.9221751689910888,0.9221751689910888,0.0526418089866638,0.0251830015331506
03/06/2026 00:00:00,Vivek Yadav,SE,College Canteen Ground Floor,5,"Overall, chat centre is very good here, love the chaat",synthetic,Positive,0.927324116230011,0.927324116230011,0.0485924407839775,0.0240834541618824
02/26/2026 00:00:00,Pallavi Naik,SE,SPJIMR Mess,2,quality did not meet expectations sometimes,synthetic,Negative,0.4753828644752502,0.2722543776035309,0.2523626983165741,0.4753828644752502
2/26/2026 11:44:27,Samiksha,TE,Cluckins,4,Sometimes chicken is not fresh,real,Negative,0.3541489243507385,0.3383413553237915,0.3075096905231476,0.3541489243507385
03/16/2026 00:00:00,Ojas Wagh,TE,College Canteen 3rd Floor,5,Better options than ground floor canteen.,synthetic,Positive,0.915332555770874,0.915332555770874,0.0575086325407028,0.0271588079631328
03/12/2026 00:00:00,Gauri Menon,TE,College Canteen 3rd Floor,5,"Overall, sandwiches are good, cold coffee is nice too",synthetic,Positive,0.922747790813446,0.922747790813446,0.0544772408902645,0.0227749440819025
02/24/2026 00:00:00,Kiran Srivastava,SE,Shawarma Shop,5,So tasty! Best shawarma around campus honestly,synthetic,Positive,0.9329593777656556,0.9329593777656556,0.0407327190041542,0.026307962834835
02/20/2026 00:00:00,Aditya Nair,BE,SPJIMR Mess,3,some things need to be improved for sure,synthetic,Negative,0.3720720708370209,0.3344811797142029,0.293446809053421,0.3720720708370209
03/24/2026 00:00:00,Akash Sinha,SE,Cluckins,5,Very nice presentation and taste overall,synthetic,Positive,0.9204213619232178,0.9204213619232178,0.0533295236527919,0.0262490976601839
2/26/2026 10:47:42,Kriya Mehta,TE,Vrindavan,4,good quality,real,Positive,0.915944278240204,0.915944278240204,0.0525701455771923,0.0314855091273784
2/26/2026 16:24:12,Parth Gujarkar,TE,SPJIMR Mess,5,Good food quality and quantity,real,Positive,0.9190284609794616,0.9190284609794616,0.0499635860323905,0.0310079809278249
03/20/2026 00:00:00,Ritika Mukherjee,BE,Manchurian Shop,4,"Mid option, nothing great nothing terrible honestly",synthetic,Negative,0.4347150325775146,0.2917814254760742,0.2735036015510559,0.4347150325775146
03/10/2026 00:00:00,Manish Khanna,BE,Vrindavan,3,"would prefer more options, same food sometimes",synthetic,Positive,0.3881604373455047,0.3881604373455047,0.271146148443222,0.3406934738159179
3/1/2026 12:37:32,Arushi Jain,TE,Manchurian Shop,2,"seems unhygienic, not healthy, roadside dirty",real,Negative,0.49916473031044,0.2465231269598007,0.2543121874332428,0.49916473031044
03/04/2026 00:00:00,Aditya Nair,TE,Vrindavan,5,Only place which provides proper sitting area.,synthetic,Positive,0.8941349983215332,0.8941349983215332,0.0680504068732261,0.0378146432340145
03/17/2026 00:00:00,Sakshi Bhatia,TE,Cluckins,4,I think great student offers and deals available,synthetic,Positive,0.9290428757667542,0.9290428757667542,0.0451058186590671,0.0258512869477272
02/24/2026 00:00:00,Sonia Roy,SE,Vrindavan,4,"Go to place, sizzling brownie has my heart!",synthetic,Positive,0.9260207414627076,0.9260207414627076,0.0428233668208122,0.0311558432877063
2/26/2026 0:02:13,Advait,TE,Vrindavan,4,Good 2nd option,real,Positive,0.9131659269332886,0.9131659269332886,0.0581401064991951,0.0286939013749361
03/04/2026 00:00:00,Kiran Srivastava,BE,Juice Center,3,Fresh juice but portions could be bigger,synthetic,Negative,0.3480400145053863,0.3154402375221252,0.3365197777748108,0.3480400145053863
02/26/2026 00:00:00,Gauri Menon,SE,SPJIMR Mess,2,"Cockroaches in the kitchen, not clean at all ngl",synthetic,Negative,0.4900652170181274,0.2567404806613922,0.2531942725181579,0.4900652170181274
03/16/2026 00:00:00,Komal Rane,TE,Cluckins,5,"Crispy and flavorful food, worth trying!",synthetic,Positive,0.9315007925033568,0.9315007925033568,0.0412855520844459,0.0272136218845844
03/07/2026 00:00:00,Priya Joshi,BE,Manchurian Shop,3,"they maintain bare minimum hygiene, taste is okay",synthetic,Negative,0.3917524516582489,0.3105708956718445,0.2976766228675842,0.3917524516582489
3/1/2026 13:37:04,Sneha Kapte,TE,Shawarma Shop,1,The dining area needed better upkeep.,real,Negative,0.3950505256652832,0.3552389442920685,0.2497105300426483,0.3950505256652832
02/21/2026 00:00:00,Suresh Pandey,BE,College Canteen Ground Floor,5,Good enough for daily campus meals!,synthetic,Positive,0.9251132607460022,0.9251132607460022,0.0453063808381557,0.0295802559703588
03/06/2026 00:00:00,Neha Saxena,SE,Juice Center,5,"Overall, even the packaging is solid, great presentation",synthetic,Positive,0.9250973463058472,0.9250973463058472,0.0460889600217342,0.0288137272000312
03/08/2026 00:00:00,Simran Kaur,TE,SPJIMR Mess,3,Quality did not meet expectations sometimes tbh,synthetic,Negative,0.448230504989624,0.2562149465084076,0.295554518699646,0.448230504989624
03/19/2026 00:00:00,Faizan Khan,TE,Juice Center,4,"Overall, even the packaging is solid, great presentation",synthetic,Positive,0.9250973463058472,0.9250973463058472,0.0460889600217342,0.0288137272000312
02/22/2026 00:00:00,Naveen Deshpande,TE,College Canteen 3rd Floor,2,I think not worth climbing 3 floors for this food,synthetic,Negative,0.4389630854129791,0.2784408330917358,0.2825961410999298,0.4389630854129791
02/21/2026 00:00:00,Deepak Jain,TE,Vrindavan,4,"perfect place for vegetarians, amazing variety",synthetic,Positive,0.9381131529808044,0.9381131529808044,0.038712054491043,0.0231747422367334
02/22/2026 00:00:00,Neha Saxena,TE,Shawarma Shop,4,Its nice but still is not clean enough.,synthetic,Negative,0.4289318025112152,0.2758523821830749,0.2952158451080322,0.4289318025112152
03/22/2026 00:00:00,Manya Hegde,TE,Manchurian Shop,4,"Good food at reasonable prices, students can afford it.",synthetic,Positive,0.932196319103241,0.932196319103241,0.0419733859598636,0.0258303675800561
03/18/2026 00:00:00,Lalit Pawar,SE,SPJIMR Mess,1,"Cockroaches in the kitchen, not clean at all ngl",synthetic,Negative,0.4900652170181274,0.2567404806613922,0.2531942725181579,0.4900652170181274
3/1/2026 13:43:44,Aniruddh Iyer,TE,Shawarma Shop,2,unhygenic,real,Negative,0.4956214427947998,0.2963235378265381,0.2080550491809845,0.4956214427947998
02/24/2026 00:00:00,Tina George,TE,SPJIMR Mess,5,"Unlimited healthy nutritious food, love it.",synthetic,Positive,0.9391888976097108,0.9391888976097108,0.0370729938149452,0.0237380806356668
03/01/2026 00:00:00,Manish Khanna,SE,College Canteen Ground Floor,4,I think food quality is good and pricing is student-friendly,synthetic,Positive,0.9280465245246888,0.9280465245246888,0.0460896976292133,0.0258637554943561
03/04/2026 00:00:00,Nisha Kulkarni,BE,College Canteen 3rd Floor,5,I think thali and lunch option available which is great,synthetic,Positive,0.9230659008026124,0.9230659008026124,0.0530905649065971,0.0238434504717588
2/26/2026 16:24:12,Parth Gujarkar,TE,College Canteen 3rd Floor,3,saa,real,Negative,0.3927684426307678,0.3275352716445923,0.2796962261199951,0.3927684426307678
03/21/2026 00:00:00,Kavya Shah,TE,Manchurian Shop,1,"Would not recommend, too many hygiene problems",synthetic,Negative,0.4603003263473511,0.2711274027824402,0.2685722410678863,0.4603003263473511
03/20/2026 00:00:00,Nisha Kulkarni,BE,Shawarma Shop,3,Chicken quality I doubt sometimes tbh,synthetic,Negative,0.3898654878139496,0.3179698884487152,0.2921646535396576,0.3898654878139496
02/27/2026 00:00:00,Shreya Mishra,SE,Vrindavan,1,"Overall, na, not impressed with this place at all",synthetic,Negative,0.4330784380435943,0.2921640574932098,0.2747575044631958,0.4330784380435943
03/15/2026 00:00:00,Arjun Singh,TE,Vrindavan,5,"I think go to place, sizzling brownie has my heart",synthetic,Positive,0.9199202060699464,0.9199202060699464,0.0497484840452671,0.0303312707692384
03/06/2026 00:00:00,Manya Hegde,TE,Shawarma Shop,5,"Shawarma is my life, love this place tbh",synthetic,Positive,0.9203763008117676,0.9203763008117676,0.0497003756463527,0.0299232825636863
03/23/2026 00:00:00,Rahul Mehta,BE,SPJIMR Mess,1,"Haven't been there, doesnt seem appealing ngl",synthetic,Negative,0.4984464645385742,0.2634181380271911,0.2381353378295898,0.4984464645385742
03/01/2026 00:00:00,Arjun Singh,BE,Juice Center,5,I think love the Ganga Jamuna Saraswati drink,synthetic,Positive,0.9261704087257384,0.9261704087257384,0.045293141156435,0.0285363607108593
03/16/2026 00:00:00,Suresh Pandey,BE,Manchurian Shop,1,"I think unhygienic, roadside dirty, not healthy at all",synthetic,Negative,0.4685218334197998,0.2661843001842499,0.2652938961982727,0.4685218334197998
03/10/2026 00:00:00,Raj Kapoor,TE,SPJIMR Mess,2,"They dont wear gloves, very unhygienic ngl",synthetic,Negative,0.4878630340099334,0.2784144282341003,0.2337224781513214,0.4878630340099334
02/20/2026 00:00:00,Tina George,BE,Cluckins,3,Chicken is okay but pricing is slightly high!,synthetic,Positive,0.3456181287765503,0.3456181287765503,0.3146903216838836,0.3396916091442108
2/26/2026 16:24:12,Parth Gujarkar,TE,Amar Frankie,4,"Good taste and hygiene, but unhealthy ingredients used",real,Negative,0.4609884023666382,0.3094279766082763,0.2295836210250854,0.4609884023666382
02/26/2026 00:00:00,Naveen Deshpande,SE,SPJIMR Mess,5,"Overall, strongly recommended for college students",synthetic,Positive,0.9071606397628784,0.9071606397628784,0.0575189068913459,0.0353204235434532
03/13/2026 00:00:00,Varun Karnik,SE,Vrindavan,3,good quality but expensive for daily eating,synthetic,Positive,0.618894100189209,0.618894100189209,0.2182645350694656,0.1628414094448089
02/28/2026 00:00:00,Manya Hegde,TE,Manchurian Shop,4,I think taste is okay but hygiene could be much better,synthetic,Negative,0.3764232099056244,0.2922037541866302,0.3313730359077453,0.3764232099056244
03/07/2026 00:00:00,Amit Agarwal,TE,Juice Center,4,"choco, oreo, chocolate strawberry are amazing",synthetic,Positive,0.9199127554893494,0.9199127554893494,0.0523055642843246,0.0277816858142614
03/20/2026 00:00:00,Ekta Bhardwaj,SE,Vrindavan,5,"Amazing food and great service, love it!",synthetic,Positive,0.9340656399726868,0.9340656399726868,0.0408278703689575,0.0251064486801624
03/10/2026 00:00:00,Bhavna Dubey,TE,Shawarma Shop,2,"Very small shop, roadside, unhygienic ngl",synthetic,Negative,0.5046936869621277,0.2640548944473266,0.2312513887882232,0.5046936869621277
02/20/2026 00:00:00,Anjali Bansal,TE,College Canteen Ground Floor,3,"Not too much options, menu is limited tbh",synthetic,Negative,0.4364360570907593,0.2502918243408203,0.3132721483707428,0.4364360570907593
02/27/2026 00:00:00,Anjali Bansal,BE,Manchurian Shop,1,"I think not clean, can see flies hovering around",synthetic,Negative,0.4644744396209717,0.2630714178085327,0.272454172372818,0.4644744396209717
02/25/2026 00:00:00,Faizan Khan,TE,College Canteen Ground Floor,3,"Not too much options, menu is limited honestly",synthetic,Negative,0.4647233188152313,0.2642963826656341,0.2709802985191345,0.4647233188152313
3/1/2026 12:35:33,Vatsal Jain,TE,College Canteen 3rd Floor,4,Good,real,Positive,0.912220060825348,0.912220060825348,0.0546148903667926,0.0331650711596012
03/24/2026 00:00:00,Aarav Sharma,BE,Cluckins,4,Great student offers and deals available honestly,synthetic,Positive,0.9304586052894592,0.9304586052894592,0.0432518199086189,0.026289515197277
03/22/2026 00:00:00,Ojas Wagh,BE,Cluckins,1,"Never been there, doesnt look inviting tbh",synthetic,Negative,0.5120363235473633,0.2606333792209625,0.2273302376270294,0.5120363235473633
03/22/2026 00:00:00,Faizan Khan,SE,Shawarma Shop,3,Its nice but still is not clean enough tbh,synthetic,Negative,0.4277240931987762,0.2758272588253021,0.2964486479759216,0.4277240931987762
2/26/2026 13:26:45,Naman,TE,Vrindavan,4,Worth it,real,Positive,0.8145033121109009,0.8145033121109009,0.0981508493423461,0.0873458683490753
03/13/2026 00:00:00,Bhavna Dubey,SE,Amar Frankie,5,"Yummy, tastier and healthier option for snacks.",synthetic,Positive,0.9238397479057312,0.9238397479057312,0.0520139820873737,0.0241462644189596
03/03/2026 00:00:00,Suresh Pandey,TE,College Canteen 3rd Floor,3,I think nice but needs more cleanliness effort,synthetic,Negative,0.3619585633277893,0.3186983168125152,0.3193431794643402,0.3619585633277893
03/04/2026 00:00:00,Naveen Deshpande,BE,Juice Center,3,"Overall, good but overpriced for what you get",synthetic,Negative,0.3936510980129242,0.386236310005188,0.2201125919818878,0.3936510980129242
3/1/2026 12:36:15,Rachel,TE,Vrindavan,4,"vegetarian food only, no better options for nonvegetarian customers, thats bad",real,Negative,0.4252743124961853,0.2924335896968841,0.2822920978069305,0.4252743124961853
03/06/2026 00:00:00,Pallavi Naik,TE,SPJIMR Mess,5,I think the food is hygienic and meals are well-balanced,synthetic,Positive,0.9068376421928406,0.9068376421928406,0.06188440695405,0.0312780439853668
02/24/2026 00:00:00,Tanvi Chopra,BE,Juice Center,5,"Overall, choco, Oreo, chocolate strawberry are amazing",synthetic,Positive,0.9265415668487548,0.9265415668487548,0.0473365075886249,0.0261219758540391
3/1/2026 16:09:16,Krishika Jalali,TE,Manchurian Shop,4,Gloves needed,real,Negative,0.4315097033977508,0.3180528283119201,0.2504374980926513,0.4315097033977508
3/1/2026 22:54:26,Harsh Malpani,TE,College Canteen Ground Floor,3,Chat centre is very good,real,Positive,0.9154235124588012,0.9154235124588012,0.0590879805386066,0.0254884716123342
03/06/2026 00:00:00,Amit Agarwal,TE,Vrindavan,5,"Another banger from Vrindavan, never disappoints ngl",synthetic,Positive,0.931415855884552,0.931415855884552,0.0379027836024761,0.0306813213974237
02/26/2026 00:00:00,Komal Rane,TE,Manchurian Shop,3,Some days its good some days its not,synthetic,Negative,0.4110305309295654,0.3110598921775818,0.2779095470905304,0.4110305309295654
2/26/2026 12:31:38,Shreya Mahajan,TE,College Canteen Ground Floor,3,Too much waiting food quality bad,real,Negative,0.4665686190128326,0.2698331475257873,0.26359823346138,0.4665686190128326
02/26/2026 00:00:00,Priya Joshi,SE,Cluckins,3,"The place smells strong, ambiance could be better!",synthetic,Positive,0.5248961448669434,0.5248961448669434,0.2365713268518448,0.2385324984788894
3/1/2026 12:37:30,Hitesh Ghanchi,TE,Cluckins,1,Never tried. So can't comment much.,real,Negative,0.4980714023113251,0.2723806798458099,0.2295480072498321,0.4980714023113251
03/10/2026 00:00:00,Kriti Goel,SE,College Canteen 3rd Floor,4,Thali and lunch option available which is great,synthetic,Positive,0.9139910340309144,0.9139910340309144,0.0588948912918567,0.0271140653640031
02/20/2026 00:00:00,Kriti Goel,SE,Amar Frankie,1,"Unhygienic, cant see employees wearing gloves honestly",synthetic,Negative,0.5004743337631226,0.2526717483997345,0.2468539476394653,0.5004743337631226
3/1/2026 13:35:58,Asmiya Sayyad,TE,Juice Center,4,Good hygiene,real,Positive,0.9026088118553162,0.9026088118553162,0.0605627261102199,0.0368284881114959
03/19/2026 00:00:00,Gauri Menon,TE,College Canteen 3rd Floor,4,Fresh ingredients and great flavors here tbh,synthetic,Positive,0.9327895641326904,0.9327895641326904,0.043235283344984,0.0239752028137445
03/09/2026 00:00:00,Sahil Bajaj,TE,Vrindavan,4,Very good vegetarian food with lots of options!,synthetic,Positive,0.9333717823028564,0.9333717823028564,0.0441264398396015,0.0225017741322517
03/24/2026 00:00:00,Harsh Goyal,BE,Vrindavan,2,Good 2nd option after the mess tbh,synthetic,Positive,0.7405455708503723,0.7405455708503723,0.1388854384422302,0.1205689087510109
02/27/2026 00:00:00,Aditya Nair,SE,SPJIMR Mess,5,"best experience, would recommend to everyone",synthetic,Positive,0.9189113974571228,0.9189113974571228,0.0491762124001979,0.0319124348461627
02/21/2026 00:00:00,Jayesh Pillai,TE,Vrindavan,5,"Best food around campus, excellent quality!.",synthetic,Positive,0.926612377166748,0.926612377166748,0.0454997383058071,0.027887973934412
03/03/2026 00:00:00,Suresh Pandey,BE,Cluckins,3,"Proper shop not a stall, but menu is limited tbh",synthetic,Negative,0.3808903098106384,0.3062078058719635,0.3129018545150757,0.3808903098106384
03/21/2026 00:00:00,Chetan Rawat,TE,SPJIMR Mess,5,"Fast clean and tasty, the holy trinity",synthetic,Positive,0.9288675785064696,0.9288675785064696,0.0414241999387741,0.0297082588076591
03/22/2026 00:00:00,Anjali Bansal,SE,College Canteen Ground Floor,1,"Cockroaches were in the coffee, never going again honestly",synthetic,Negative,0.4631424248218536,0.2943705320358276,0.2424869835376739,0.4631424248218536
03/08/2026 00:00:00,Meera Bhat,BE,Manchurian Shop,5,"the manchurian is really good, tasty and flavourful",synthetic,Positive,0.925565242767334,0.925565242767334,0.049023613333702,0.0254111811518669
03/22/2026 00:00:00,Tanvi Chopra,SE,SPJIMR Mess,3,some things need to be improved for sure,synthetic,Negative,0.3720720708370209,0.3344811797142029,0.293446809053421,0.3720720708370209
03/05/2026 00:00:00,Kriti Goel,TE,Amar Frankie,1,"Overall, not clean enough for my standards",synthetic,Negative,0.4511459469795227,0.2613889873027801,0.28746497631073,0.4511459469795227
03/02/2026 00:00:00,Manya Hegde,BE,College Canteen 3rd Floor,2,Food quality is average and overpriced tbh,synthetic,Negative,0.4861187040805816,0.276416003704071,0.2374652922153473,0.4861187040805816
3/1/2026 12:42:41,Rasika Tukaram Mane,TE,Juice Center,5,Good cleanliness and quality,real,Positive,0.9226559400558472,0.9226559400558472,0.0507763288915157,0.0265677887946367
02/27/2026 00:00:00,Vihaan Verma,SE,Shawarma Shop,3,Food is okay but the open stall feels unhygienic.,synthetic,Negative,0.4237153530120849,0.2969521880149841,0.2793325185775757,0.4237153530120849
2/26/2026 0:02:13,Advait,TE,Shawarma Shop,4,Yummy,real,Positive,0.8483254909515381,0.8483254909515381,0.0878367573022842,0.063837744295597
2/26/2026 11:53:39,Vedika Pardeshi,TE,Cluckins,5,Very nice presentation and taste,real,Positive,0.928852915763855,0.928852915763855,0.0463284701108932,0.0248186103999614
03/05/2026 00:00:00,Kabir Desai,BE,Amar Frankie,5,I think they have a lot of different frankie options to choose from,synthetic,Positive,0.791966438293457,0.791966438293457,0.1170883104205131,0.0909452959895134
03/14/2026 00:00:00,Kabir Desai,SE,Vrindavan,3,"Overall, good taste but slightly expensive for students",synthetic,Positive,0.6380497813224792,0.6380497813224792,0.1896014511585235,0.1723487675189972
03/10/2026 00:00:00,Vihaan Verma,SE,Juice Center,4,The variety of juice and shake options is great tbh,synthetic,Positive,0.930303394794464,0.930303394794464,0.0442142151296138,0.0254823211580514
02/21/2026 00:00:00,Jayesh Pillai,SE,SPJIMR Mess,5,Raises your standards when you eat here honestly,synthetic,Positive,0.8480103015899658,0.8480103015899658,0.089818961918354,0.0621707141399383
02/25/2026 00:00:00,Priya Joshi,SE,SPJIMR Mess,5,Good food quality and quantity at great prices ngl,synthetic,Positive,0.933233678340912,0.933233678340912,0.0418221876025199,0.0249441936612129
02/24/2026 00:00:00,Pallavi Naik,BE,SPJIMR Mess,3,Good but food quality can be improved more,synthetic,Negative,0.3484224677085876,0.315914899110794,0.3356626629829407,0.3484224677085876
03/21/2026 00:00:00,Sahil Bajaj,SE,College Canteen Ground Floor,1,"Cockroaches were in the coffee, never going again honestly",synthetic,Negative,0.4631424248218536,0.2943705320358276,0.2424869835376739,0.4631424248218536
03/11/2026 00:00:00,Varun Karnik,SE,College Canteen Ground Floor,2,"Cockroaches were in the coffee, never going again",synthetic,Negative,0.4679402112960815,0.2997496128082275,0.2323101162910461,0.4679402112960815
02/23/2026 00:00:00,Sahil Bajaj,TE,College Canteen 3rd Floor,3,I think standard 3rd floor canteen experience,synthetic,Positive,0.4624987542629242,0.4624987542629242,0.2642653584480285,0.273235946893692
03/16/2026 00:00:00,Kabir Desai,SE,College Canteen Ground Floor,5,Cost-effective meals for daily eating ngl,synthetic,Positive,0.9306462407112122,0.9306462407112122,0.0416879504919052,0.0276657734066247
03/01/2026 00:00:00,Rashmi Sawant,TE,Vrindavan,3,Food is good but menu doesnt change much ngl,synthetic,Neutral,0.37404665350914,0.2745149433612823,0.37404665350914,0.3514384627342224
03/22/2026 00:00:00,Pallavi Naik,BE,Manchurian Shop,3,Some days its good some days its not honestly,synthetic,Negative,0.4290610253810882,0.2835247814655304,0.2874141633510589,0.4290610253810882
02/22/2026 00:00:00,Nikhil Das,SE,College Canteen 3rd Floor,5,Good management and clean environment!,synthetic,Positive,0.9222511053085328,0.9222511053085328,0.047530997544527,0.030217932537198
03/13/2026 00:00:00,Ritika Mukherjee,BE,Cluckins,5,"I think crispy and flavorful food, worth trying",synthetic,Positive,0.9333275556564332,0.9333275556564332,0.0425903759896755,0.0240820832550525
02/20/2026 00:00:00,Gauri Menon,BE,SPJIMR Mess,5,"best experience, would recommend to everyone",synthetic,Positive,0.9189113974571228,0.9189113974571228,0.0491762124001979,0.0319124348461627
03/20/2026 00:00:00,Himanshu Lakra,SE,College Canteen Ground Floor,4,The ground floor canteen is nice overall!,synthetic,Positive,0.924473524093628,0.924473524093628,0.0494696535170078,0.0260568801313638
03/20/2026 00:00:00,Kavya Shah,BE,Vrindavan,5,"Overall, really good, pocket friendly and great food",synthetic,Positive,0.931662380695343,0.931662380695343,0.0466321781277656,0.0217053946107625
02/25/2026 00:00:00,Neha Saxena,TE,SPJIMR Mess,4,Raises your standards when you eat here,synthetic,Positive,0.8646321296691895,0.8646321296691895,0.0768086090683937,0.0585593394935131
02/22/2026 00:00:00,Ojas Wagh,BE,SPJIMR Mess,4,"Outstanding food, clean and well-maintained",synthetic,Positive,0.9244693517684937,0.9244693517684937,0.0478417873382568,0.0276888757944107
03/13/2026 00:00:00,Anjali Bansal,TE,College Canteen Ground Floor,1,I think too expensive for the quality they serve,synthetic,Negative,0.45219486951828,0.2960753738880157,0.251729816198349,0.45219486951828
02/28/2026 00:00:00,Jayesh Pillai,TE,Shawarma Shop,2,"Overall, never tried because it looks so unhygienic",synthetic,Negative,0.4687352478504181,0.2533947229385376,0.2778699994087219,0.4687352478504181
03/10/2026 00:00:00,Arjun Singh,BE,Vrindavan,4,"Perfect place for vegetarians, amazing variety honestly",synthetic,Positive,0.9385318756103516,0.9385318756103516,0.0384474843740463,0.0230206195265054
02/20/2026 00:00:00,Kriti Goel,SE,College Canteen Ground Floor,5,"Like it, decent food at student-friendly prices!",synthetic,Positive,0.9207479953765868,0.9207479953765868,0.0464267469942569,0.0328252762556076
03/04/2026 00:00:00,Kavya Shah,TE,SPJIMR Mess,3,Some things need to be improved for sure ngl,synthetic,Positive,0.3576416969299316,0.3576416969299316,0.2917381525039673,0.3506201803684234
03/18/2026 00:00:00,Lalit Pawar,SE,SPJIMR Mess,5,The food is hygienic and meals are well-balanced honestly,synthetic,Positive,0.9178712368011476,0.9178712368011476,0.0543791651725769,0.0277495514601469
03/15/2026 00:00:00,Aditya Nair,TE,Manchurian Shop,5,"I think the manchurian is nostalgic, love the spice level",synthetic,Positive,0.8980661034584045,0.8980661034584045,0.0615399740636348,0.040393978357315
03/18/2026 00:00:00,Naveen Deshpande,BE,Shawarma Shop,1,"Overall, dust from road gets into the food, gross",synthetic,Negative,0.4694825410842895,0.2433035522699356,0.287213921546936,0.4694825410842895
03/11/2026 00:00:00,Divya Tiwari,SE,College Canteen 3rd Floor,5,"Nice canteen, comfortable seating area!",synthetic,Positive,0.933399498462677,0.933399498462677,0.0430601611733436,0.0235403664410114
02/26/2026 00:00:00,Simran Kaur,SE,College Canteen 3rd Floor,5,"Overall, sandwiches are the best here, must try!",synthetic,Positive,0.9259703755378724,0.9259703755378724,0.0486136302351951,0.025416012853384
02/28/2026 00:00:00,Pankaj More,BE,Amar Frankie,5,"I think tasty but spicy, love the frankie options here",synthetic,Positive,0.931416928768158,0.931416928768158,0.045122280716896,0.0234608799219131
02/24/2026 00:00:00,Jayesh Pillai,TE,College Canteen Ground Floor,4,"Overall, food is fine but hygiene needs to improve",synthetic,Negative,0.3574700355529785,0.3216545283794403,0.3208753764629364,0.3574700355529785
03/10/2026 00:00:00,Neha Saxena,TE,College Canteen Ground Floor,5,Need more items on the menu but overall good!,synthetic,Positive,0.8708392381668091,0.8708392381668091,0.0862918719649314,0.04286889731884
03/16/2026 00:00:00,Meera Bhat,TE,Juice Center,3,Good but overpriced for what you get ngl,synthetic,Negative,0.4374882578849792,0.2891539335250854,0.2733578383922577,0.4374882578849792
03/03/2026 00:00:00,Kriti Goel,BE,Shawarma Shop,3,"Average shawarma, nothing special about it honestly",synthetic,Negative,0.4110046029090881,0.3186386227607727,0.2703568041324615,0.4110046029090881
03/14/2026 00:00:00,Ritika Mukherjee,TE,Shawarma Shop,3,Food is okay but the open stall feels unhygienic,synthetic,Negative,0.4121160805225372,0.2645422518253326,0.3233417272567749,0.4121160805225372
02/26/2026 00:00:00,Nikhil Das,BE,College Canteen Ground Floor,5,I think very good food quality when they maintain it,synthetic,Positive,0.9021528959274292,0.9021528959274292,0.0639415681362152,0.0339056327939033
03/16/2026 00:00:00,Akash Sinha,BE,College Canteen Ground Floor,1,"No variety in food, worst canteen honestly honestly",synthetic,Negative,0.4814813137054443,0.2707390785217285,0.2477796226739883,0.4814813137054443
02/22/2026 00:00:00,Anjali Bansal,TE,College Canteen Ground Floor,2,Too expensive for the quality they serve.,synthetic,Negative,0.4922308623790741,0.3054065406322479,0.2023626416921615,0.4922308623790741
02/20/2026 00:00:00,Pallavi Naik,TE,College Canteen Ground Floor,4,Okay service but food is decent enough.,synthetic,Positive,0.8571426868438721,0.8571426868438721,0.1006037592887878,0.0422534979879856
03/17/2026 00:00:00,Naveen Deshpande,BE,Vrindavan,2,"Overall, i like their dosa but rest is average",synthetic,Positive,0.3501604199409485,0.3501604199409485,0.3479174673557281,0.3019221723079681
03/23/2026 00:00:00,Kabir Desai,TE,College Canteen Ground Floor,4,Good enough for daily campus meals tbh,synthetic,Positive,0.8790714740753174,0.8790714740753174,0.0710673779249191,0.0498612038791179
03/17/2026 00:00:00,Diya Kumar,BE,College Canteen 3rd Floor,4,"Peaceful, quiet and airy space to sit and eat tbh",synthetic,Positive,0.9119009375572203,0.9119009375572203,0.0511124096810817,0.0369865857064724
02/27/2026 00:00:00,Tina George,SE,College Canteen Ground Floor,3,The go-to place but menu is limited!,synthetic,Negative,0.4136709570884704,0.287853866815567,0.2984752357006073,0.4136709570884704
02/24/2026 00:00:00,Tina George,SE,College Canteen 3rd Floor,3,sandwiches are nice but rest is average,synthetic,Positive,0.4170976877212524,0.4170976877212524,0.3901537954807281,0.192748486995697
03/12/2026 00:00:00,Suresh Pandey,BE,SPJIMR Mess,5,"Best experience, would recommend to everyone",synthetic,Positive,0.9189113974571228,0.9189113974571228,0.0491762124001979,0.0319124348461627
03/21/2026 00:00:00,Sahil Bajaj,SE,College Canteen Ground Floor,3,"Standard campus canteen, nothing special honestly",synthetic,Negative,0.3903140723705292,0.3369550406932831,0.2727308869361877,0.3903140723705292
03/08/2026 00:00:00,Himanshu Lakra,SE,Vrindavan,3,"Would prefer more options, same food sometimes.",synthetic,Positive,0.3718082308769226,0.3718082308769226,0.2743482291698456,0.3538435101509094
03/16/2026 00:00:00,Neha Saxena,BE,Vrindavan,4,"Best food around campus, excellent quality!",synthetic,Positive,0.9243884682655334,0.9243884682655334,0.0450500510632991,0.0305614899843931
02/21/2026 00:00:00,Rohan Reddy,BE,SPJIMR Mess,4,The food is hygienic and meals are well-balanced!,synthetic,Positive,0.920542061328888,0.920542061328888,0.0501990243792533,0.0292589142918586
02/27/2026 00:00:00,Chetan Rawat,BE,Vrindavan,4,Only place which provides proper sitting area,synthetic,Positive,0.8625003099441528,0.8625003099441528,0.0885195508599281,0.048980139195919
03/09/2026 00:00:00,Tanvi Chopra,TE,Amar Frankie,3,"Meh, nothing special about the frankies!",synthetic,Negative,0.4164516925811767,0.3091121017932892,0.2744362652301788,0.4164516925811767
03/23/2026 00:00:00,Ananya Patel,TE,Shawarma Shop,2,"Smells near their shop, not clean at all.",synthetic,Negative,0.4952859282493591,0.2674291431903839,0.2372848987579345,0.4952859282493591
03/12/2026 00:00:00,Ekta Bhardwaj,SE,Juice Center,2,"Overall, tasty but a bit expensive for students",synthetic,Positive,0.5914167761802673,0.5914167761802673,0.2021002918481826,0.2064829766750335
03/14/2026 00:00:00,Ishaan Gupta,SE,Vrindavan,5,"best food around campus, excellent quality!",synthetic,Positive,0.9243884682655334,0.9243884682655334,0.0450500510632991,0.0305614899843931
03/15/2026 00:00:00,Tanvi Chopra,BE,Shawarma Shop,5,"Best non-veg option near college, tasty shawarma!",synthetic,Positive,0.9416045546531676,0.9416045546531676,0.0350967980921268,0.0232986118644475
03/11/2026 00:00:00,Sonia Roy,TE,Shawarma Shop,2,"Overall, smells near their shop, not clean at all",synthetic,Negative,0.475026935338974,0.2567057907581329,0.2682672441005707,0.475026935338974
03/11/2026 00:00:00,Lalit Pawar,TE,Shawarma Shop,5,I think the shawarma here is worth every rupee,synthetic,Positive,0.8693723082542419,0.8693723082542419,0.0807505100965499,0.0498771779239177
03/17/2026 00:00:00,Kavya Shah,TE,Cluckins,4,"Overall, good food and easy on the pocket for students",synthetic,Positive,0.9230980277061462,0.9230980277061462,0.0525108464062213,0.0243910737335681
02/23/2026 00:00:00,Rashmi Sawant,BE,College Canteen Ground Floor,4,Cost-effective meals for daily eating honestly,synthetic,Positive,0.9298470616340636,0.9298470616340636,0.0416345372796058,0.0285183135420084
03/05/2026 00:00:00,Gauri Menon,TE,SPJIMR Mess,3,"Overall, good but food quality can be improved more",synthetic,Positive,0.3484139442443847,0.3484139442443847,0.3173302114009857,0.3342558443546295
03/05/2026 00:00:00,Harsh Goyal,TE,Cluckins,3,decent but nothing special about the food,synthetic,Negative,0.4017453789710998,0.2982363104820251,0.3000183403491974,0.4017453789710998
03/20/2026 00:00:00,Pooja Chauhan,TE,Shawarma Shop,4,I think service is really good and shawarma tastes great,synthetic,Positive,0.936105489730835,0.936105489730835,0.0434152223169803,0.0204792208969593
03/18/2026 00:00:00,Umesh Nayak,BE,Cluckins,5,good food and easy on the pocket for students,synthetic,Positive,0.9123433828353882,0.9123433828353882,0.0602660104632377,0.0273906607180833
03/24/2026 00:00:00,Nikhil Das,TE,Shawarma Shop,4,"I think good food, the flavours are delicious",synthetic,Positive,0.9345527291297911,0.9345527291297911,0.0437552817165851,0.0216920580714941
03/14/2026 00:00:00,Amit Agarwal,TE,Cluckins,3,"Proper shop not a stall, but menu is limited ngl",synthetic,Negative,0.3779792189598083,0.3086263239383697,0.3133944272994995,0.3779792189598083
03/12/2026 00:00:00,Rashmi Sawant,SE,SPJIMR Mess,4,"Overall, unlimited healthy nutritious food, love it",synthetic,Positive,0.9405847787857056,0.9405847787857056,0.0366944670677185,0.022720742970705
03/22/2026 00:00:00,Pooja Chauhan,SE,Amar Frankie,5,"Follows norms and regulations, good food quality!",synthetic,Positive,0.9086766839027404,0.9086766839027404,0.0563242323696613,0.0349990725517272
03/13/2026 00:00:00,Sakshi Bhatia,SE,Vrindavan,5,"A really good place for vegetarians, great variety",synthetic,Positive,0.9330203533172609,0.9330203533172609,0.0438058748841285,0.0231738202273845
03/22/2026 00:00:00,Suresh Pandey,SE,College Canteen Ground Floor,1,It lacked flavour and freshness completely!,synthetic,Negative,0.4706355333328247,0.3174382150173187,0.2119262814521789,0.4706355333328247
02/20/2026 00:00:00,Siddharth Malhotra,BE,Manchurian Shop,1,"Would not recommend, too many hygiene problems tbh",synthetic,Negative,0.4634265303611755,0.2781280875205993,0.2584454119205475,0.4634265303611755
03/25/2026 00:00:00,Sakshi Bhatia,TE,SPJIMR Mess,4,Quality did not meet expectations sometimes.,synthetic,Negative,0.4604845941066742,0.2813543975353241,0.2581610381603241,0.4604845941066742
2/26/2026 11:21:12,Menil,TE,College Canteen Ground Floor,1,"No variety in food, worst canteen",real,Negative,0.4981708228588104,0.2962744235992431,0.2055547088384628,0.4981708228588104
02/23/2026 00:00:00,Rashmi Sawant,BE,Juice Center,2,"I think flavor was too diluted, tastes like water",synthetic,Negative,0.4913331866264343,0.2527391314506531,0.2559277415275574,0.4913331866264343
03/10/2026 00:00:00,Neha Saxena,SE,Shawarma Shop,4,"Shawarma can never go wrong here, always good tbh",synthetic,Positive,0.924648106098175,0.924648106098175,0.0471966415643692,0.0281552821397781
03/12/2026 00:00:00,Aditya Nair,BE,College Canteen Ground Floor,4,"Chat centre is very good here, love the chaat tbh",synthetic,Positive,0.9254975318908693,0.9254975318908693,0.0501771345734596,0.0243253652006387
02/28/2026 00:00:00,Harsh Goyal,TE,Amar Frankie,4,"Insane frankies, best snack near campus",synthetic,Positive,0.9238529801368712,0.9238529801368712,0.0467372871935367,0.0294097624719142
03/13/2026 00:00:00,Naveen Deshpande,SE,Amar Frankie,2,"Unhygienic, cant see employees wearing gloves",synthetic,Negative,0.4969175457954407,0.2530471682548523,0.2500352561473846,0.4969175457954407
03/18/2026 00:00:00,Meera Bhat,TE,College Canteen 3rd Floor,1,"No thank you, not going back there tbh",synthetic,Negative,0.4637719988822937,0.2602010369300842,0.2760269045829773,0.4637719988822937
03/01/2026 00:00:00,Kavya Shah,TE,SPJIMR Mess,4,"Unlimited healthy nutritious food, love it tbh",synthetic,Positive,0.9407628178596495,0.9407628178596495,0.0356505736708641,0.0235865283757448
02/24/2026 00:00:00,Akash Sinha,TE,College Canteen 3rd Floor,5,I think fresh ingredients and great flavors here,synthetic,Positive,0.9305986762046814,0.9305986762046814,0.0446641892194747,0.0247371904551982
03/24/2026 00:00:00,Shreya Mishra,SE,Juice Center,5,I think healthiest and bestest juice place on campus,synthetic,Positive,0.9215481877326964,0.9215481877326964,0.0491262711584568,0.0293256025761365
02/20/2026 00:00:00,Isha Dixit,BE,College Canteen 3rd Floor,4,They can never replace the ground floor canteen!,synthetic,Negative,0.458261102437973,0.3417863249778747,0.1999525725841522,0.458261102437973
03/16/2026 00:00:00,Sahil Bajaj,BE,Juice Center,1,They dilute the juice too much with water,synthetic,Negative,0.461699903011322,0.2746313810348511,0.2636687159538269,0.461699903011322
3/1/2026 12:37:30,Hitesh Ghanchi,TE,Vrindavan,5,"A really good place for vegetarians. A variety of food options, only place which provides sitting so that is a plus.",real,Positive,0.931575357913971,0.931575357913971,0.0458545312285423,0.0225701089948415
03/11/2026 00:00:00,Divya Tiwari,BE,Manchurian Shop,4,One of the better options near college for quick food!,synthetic,Positive,0.92765611410141,0.92765611410141,0.0465406328439712,0.0258032288402318
03/25/2026 00:00:00,Aditya Nair,BE,Amar Frankie,3,Good taste but hygiene can be improved.,synthetic,Positive,0.4528078138828277,0.4528078138828277,0.272391140460968,0.2748010754585266
03/12/2026 00:00:00,Lalit Pawar,SE,Juice Center,4,"Overall, choco, Oreo, chocolate strawberry are amazing",synthetic,Positive,0.9265415668487548,0.9265415668487548,0.0473365075886249,0.0261219758540391
03/01/2026 00:00:00,Ananya Patel,SE,Manchurian Shop,4,"Good quality food, consistent taste every time.",synthetic,Positive,0.933745801448822,0.933745801448822,0.0406414344906806,0.0256127454340457
02/20/2026 00:00:00,Raj Kapoor,SE,Amar Frankie,4,"Great value for money, delicious frankies every time",synthetic,Positive,0.9324117302894592,0.9324117302894592,0.0388465225696563,0.0287417694926261
02/28/2026 00:00:00,Harsh Goyal,BE,Vrindavan,5,"A really good place for vegetarians, great variety!",synthetic,Positive,0.9309769868850708,0.9309769868850708,0.0438688248395919,0.0251542069017887
03/21/2026 00:00:00,Rashmi Sawant,BE,Cluckins,1,I think expensive for what they serve honestly,synthetic,Negative,0.4506771564483642,0.2896706461906433,0.2596522271633148,0.4506771564483642
03/19/2026 00:00:00,Divya Tiwari,TE,Juice Center,2,"Overall, juice quality has gone down, not fresh always",synthetic,Negative,0.4265654385089874,0.2814138233661651,0.2920207679271698,0.4265654385089874
02/22/2026 00:00:00,Komal Rane,BE,SPJIMR Mess,1,"Never been there, no interest honestly honestly",synthetic,Negative,0.4797254502773285,0.2463493645191192,0.2739251852035522,0.4797254502773285
02/25/2026 00:00:00,Manya Hegde,BE,Shawarma Shop,3,"I think always a little uncooked, needs to cook properly",synthetic,Negative,0.4554294049739837,0.3044744729995727,0.2400961071252823,0.4554294049739837
03/18/2026 00:00:00,Vikram Rathod,TE,Vrindavan,5,"Best food around campus, excellent quality tbh",synthetic,Positive,0.936087131500244,0.936087131500244,0.0395083539187908,0.0244045946747064
02/24/2026 00:00:00,Priya Joshi,TE,Shawarma Shop,4,I think its popular but I have my doubts about freshness,synthetic,Negative,0.3960976302623749,0.3131130337715149,0.2907892763614654,0.3960976302623749
03/18/2026 00:00:00,Sahil Bajaj,BE,SPJIMR Mess,3,tasty food and good options available,synthetic,Positive,0.9098482728004456,0.9098482728004456,0.0619162172079086,0.0282356161624193
03/02/2026 00:00:00,Manish Khanna,SE,Juice Center,4,"Warm and sweet staff, seasonal menu is unique.",synthetic,Positive,0.9335095286369324,0.9335095286369324,0.043578952550888,0.0229115579277277
03/21/2026 00:00:00,Aditya Nair,BE,College Canteen 3rd Floor,3,They can never replace the ground floor canteen tbh,synthetic,Negative,0.4305448234081268,0.3287273645401001,0.2407277822494506,0.4305448234081268
03/05/2026 00:00:00,Gauri Menon,BE,Amar Frankie,5,"freshly made hot frankies, always delicious",synthetic,Positive,0.9334806203842164,0.9334806203842164,0.0400438047945499,0.026475466787815
03/15/2026 00:00:00,Kiran Srivastava,BE,Amar Frankie,4,"Freshly made hot frankies, always delicious",synthetic,Positive,0.9334806203842164,0.9334806203842164,0.0400438047945499,0.026475466787815
2/26/2026 11:21:12,Menil,TE,Vrindavan,5,Little expensive but worth,real,Negative,0.4039808809757232,0.3331316411495209,0.2628874480724334,0.4039808809757232
03/04/2026 00:00:00,Sonia Roy,BE,Amar Frankie,3,"not much idea, havent tried enough to comment",synthetic,Negative,0.4798705279827118,0.2863210439682007,0.2338084131479263,0.4798705279827118
03/23/2026 00:00:00,Manish Khanna,TE,SPJIMR Mess,3,"Average quality, could be much better.",synthetic,Negative,0.4200741946697235,0.2823691368103027,0.297556608915329,0.4200741946697235
03/11/2026 00:00:00,Akash Sinha,BE,College Canteen 3rd Floor,2,Too expensive for what they offer tbh,synthetic,Negative,0.4742027223110199,0.2701888978481293,0.2556083798408508,0.4742027223110199
03/07/2026 00:00:00,Riya Thakur,TE,Manchurian Shop,2,"I think mid option, nothing great nothing terrible",synthetic,Negative,0.4365694522857666,0.2878435850143432,0.2755869626998901,0.4365694522857666
02/20/2026 00:00:00,Tina George,TE,Shawarma Shop,5,The shawarma here is worth every rupee tbh,synthetic,Positive,0.9068173170089722,0.9068173170089722,0.0579996183514595,0.0351829938590526
02/26/2026 00:00:00,Divya Tiwari,TE,Cluckins,4,"Crispy and flavorful food, worth trying",synthetic,Positive,0.9295485019683838,0.9295485019683838,0.0431857742369174,0.0272658318281173
03/03/2026 00:00:00,Priya Joshi,TE,Juice Center,2,Too expensive for the quantity and quality honestly,synthetic,Negative,0.4851861298084259,0.262478232383728,0.2523356974124908,0.4851861298084259
03/10/2026 00:00:00,Kriti Goel,TE,Juice Center,5,"Really refreshing drinks, perfect for hot days.",synthetic,Positive,0.9319861531257628,0.9319861531257628,0.0430702604353427,0.0249435827136039
03/03/2026 00:00:00,Varun Karnik,TE,Amar Frankie,2,Good taste but hygiene can be improved,synthetic,Negative,0.357464998960495,0.3492629528045654,0.2932720780372619,0.357464998960495
3/1/2026 12:37:30,Hitesh Ghanchi,TE,Amar Frankie,5,"The go to place for delicious frankie. They provide a lot of different frankie options. The food is delicious and affordable, but they can try to increase the hygiene.",real,Positive,0.9088901281356812,0.9088901281356812,0.0586516670882701,0.0324582047760486
2/26/2026 13:24:02,Riya More,TE,Vrindavan,4,good,real,Positive,0.912220060825348,0.912220060825348,0.0546148903667926,0.0331650711596012
03/21/2026 00:00:00,Siddharth Malhotra,TE,Juice Center,2,Too expensive for the quantity and quality.,synthetic,Negative,0.4990738034248352,0.278147429227829,0.2227788418531417,0.4990738034248352
2/26/2026 9:00:20,Jehan,TE,Cluckins,2,Too pricy,real,Negative,0.4405149817466736,0.2803715169429779,0.2791134715080261,0.4405149817466736
03/03/2026 00:00:00,Ekta Bhardwaj,TE,Juice Center,2,Contaminated water is a concern honestly ngl,synthetic,Negative,0.4576184153556824,0.2838683724403381,0.2585132122039795,0.4576184153556824
3/1/2026 12:45:09,Nidhi Patel,TE,College Canteen Ground Floor,3,"The food variety is decent, and pricing is affordable for students. However, hygiene standards need improvement. Staff should maintain better cleanliness practices, including wearing gloves while serving food. With improved hygiene, the experience could be much better.",real,Positive,0.6703969240188599,0.6703969240188599,0.1708716303110122,0.1587314307689666
03/13/2026 00:00:00,Ishaan Gupta,SE,College Canteen 3rd Floor,5,Thali and lunch option available which is great!,synthetic,Positive,0.9289289116859436,0.9289289116859436,0.0474813356995582,0.0235897433012723
03/05/2026 00:00:00,Umesh Nayak,TE,SPJIMR Mess,1,"they dont wear gloves, very unhygienic",synthetic,Negative,0.499940812587738,0.2790005207061767,0.2210586667060852,0.499940812587738
02/21/2026 00:00:00,Meera Bhat,BE,Manchurian Shop,5,"Overall, very good taste, pricing is reasonable for students",synthetic,Positive,0.92279452085495,0.92279452085495,0.0500536486506462,0.0271518770605325
3/1/2026 22:54:26,Harsh Malpani,TE,Manchurian Shop,2,Very unhygienic,real,Negative,0.4982674717903137,0.2749358713626861,0.2267965972423553,0.4982674717903137
03/16/2026 00:00:00,Neha Saxena,SE,Manchurian Shop,3,It was good just hygiene issues are a concern tbh,synthetic,Negative,0.3962823450565338,0.2994489967823028,0.3042685687541961,0.3962823450565338
03/17/2026 00:00:00,Varun Karnik,TE,SPJIMR Mess,5,"Unlimited healthy nutritious food, love it",synthetic,Positive,0.932772934436798,0.932772934436798,0.0405709072947502,0.026656175032258
03/04/2026 00:00:00,Raj Kapoor,BE,Manchurian Shop,5,"They make really good manchurian, always my go-to!",synthetic,Positive,0.8891028165817261,0.8891028165817261,0.069309115409851,0.0415880270302295
03/03/2026 00:00:00,Nisha Kulkarni,TE,Shawarma Shop,3,Not bad but cleanliness is a concern tbh,synthetic,Negative,0.406080424785614,0.2919831871986389,0.301936388015747,0.406080424785614
03/04/2026 00:00:00,Priya Joshi,BE,College Canteen 3rd Floor,4,Better hygiene than the ground floor one.,synthetic,Positive,0.8798189163208008,0.8798189163208008,0.078082300722599,0.042098868638277
03/24/2026 00:00:00,Arjun Singh,BE,Cluckins,3,Decent but nothing special about the food!,synthetic,Negative,0.3906391561031341,0.3228784799575805,0.2864823639392853,0.3906391561031341
03/16/2026 00:00:00,Raj Kapoor,BE,Cluckins,4,Really tasty with good portion sizes ngl,synthetic,Positive,0.910929262638092,0.910929262638092,0.0609845146536827,0.0280862636864185
02/27/2026 00:00:00,Gaurav Patil,BE,College Canteen 3rd Floor,5,"I think sandwiches are good, cold coffee is nice too",synthetic,Positive,0.9072652459144592,0.9072652459144592,0.0648970380425453,0.0278377141803503
02/24/2026 00:00:00,Tanvi Chopra,TE,Shawarma Shop,2,"would not eat here, too risky for health",synthetic,Negative,0.4937474429607391,0.2733946442604065,0.2328578978776931,0.4937474429607391
03/12/2026 00:00:00,Rohan Reddy,BE,Cluckins,4,Sometimes maybe good sometimes maybe not good,synthetic,Negative,0.4004655480384826,0.3046051263809204,0.2949293255805969,0.4004655480384826
03/16/2026 00:00:00,Himanshu Lakra,BE,College Canteen Ground Floor,4,Too crowded during lunch hours always ngl,synthetic,Negative,0.4682422578334808,0.272922933101654,0.2588348090648651,0.4682422578334808
02/22/2026 00:00:00,Tanvi Chopra,TE,Shawarma Shop,4,"Shawarma can never go wrong here, always good",synthetic,Positive,0.9120919108390808,0.9120919108390808,0.0547739937901496,0.0331341512501239
03/15/2026 00:00:00,Vikram Rathod,SE,Vrindavan,4,"Go to place, sizzling brownie has my heart!",synthetic,Positive,0.9260207414627076,0.9260207414627076,0.0428233668208122,0.0311558432877063
2/26/2026 10:54:35,Ananyasingh S. Chauhan,TE,Shawarma Shop,2,Looks unhygienic in the open.,real,Negative,0.5063378214836121,0.292182445526123,0.2014796733856201,0.5063378214836121
03/10/2026 00:00:00,Nisha Kulkarni,SE,Vrindavan,5,"Best food around campus, excellent quality tbh",synthetic,Positive,0.936087131500244,0.936087131500244,0.0395083539187908,0.0244045946747064
2/26/2026 3:27:55,Kshitij,TE,College Canteen Ground Floor,3,Good for protein,real,Positive,0.8688990473747253,0.8688990473747253,0.0786927416920661,0.0524081997573375
03/22/2026 00:00:00,Meera Bhat,TE,Cluckins,4,Not tried much but looks appealing enough ngl,synthetic,Negative,0.3761464059352875,0.3607301414012909,0.2631234228610992,0.3761464059352875
03/19/2026 00:00:00,Chetan Rawat,BE,Cluckins,4,one of the best non-veg spots near campus,synthetic,Positive,0.9197579026222228,0.9197579026222228,0.0501005947589874,0.0301414802670478
03/08/2026 00:00:00,Kiran Srivastava,BE,Manchurian Shop,2,"I think hygiene issues are serious, not clean at all",synthetic,Negative,0.4195043444633484,0.2839004397392273,0.2965951859951019,0.4195043444633484
03/09/2026 00:00:00,Aditya Nair,BE,Manchurian Shop,4,Bhaji pav and manchurian both are really tasty.,synthetic,Positive,0.9268904328346252,0.9268904328346252,0.0485179014503955,0.0245916154235601
3/1/2026 12:35:33,Vatsal Jain,TE,SPJIMR Mess,4,Great,real,Positive,0.8883891105651855,0.8883891105651855,0.0647445023059845,0.0468663200736045
03/08/2026 00:00:00,Jayesh Pillai,TE,Amar Frankie,5,"Tasty but spicy, love the frankie options here honestly",synthetic,Positive,0.9352396726608276,0.9352396726608276,0.0422722399234771,0.0224880669265985
3/1/2026 12:42:41,Rasika Tukaram Mane,TE,Manchurian Shop,4,Hygienic conditions still lack,real,Negative,0.4720291793346405,0.2861904799938202,0.2417803555727005,0.4720291793346405
03/18/2026 00:00:00,Rohan Reddy,SE,Amar Frankie,2,Good taste but hygiene can be improved ngl,synthetic,Negative,0.3547734320163727,0.3210790455341339,0.3241474628448486,0.3547734320163727
02/26/2026 00:00:00,Jayesh Pillai,BE,Cluckins,4,"crispy and flavorful food, worth trying",synthetic,Positive,0.9295485019683838,0.9295485019683838,0.0431857742369174,0.0272658318281173
02/20/2026 00:00:00,Vivek Yadav,SE,Juice Center,4,best juice place! fresh fruits always,synthetic,Positive,0.9251860976219176,0.9251860976219176,0.0466245003044605,0.0281893219798803
03/02/2026 00:00:00,Vivek Yadav,BE,Manchurian Shop,5,"I think very good taste, pricing is reasonable for students",synthetic,Positive,0.9176713228225708,0.9176713228225708,0.0520888231694698,0.030239813029766
03/19/2026 00:00:00,Ananya Patel,SE,SPJIMR Mess,1,"I think cockroaches in the kitchen, not clean at all",synthetic,Negative,0.4752222597599029,0.2764551341533661,0.2483226805925369,0.4752222597599029
03/06/2026 00:00:00,Vihaan Verma,TE,Amar Frankie,4,"Top 2 frankie shops, uses gloves, nice quantity.",synthetic,Positive,0.9261569380760192,0.9261569380760192,0.0442471876740455,0.0295958593487739
03/05/2026 00:00:00,Aditya Nair,TE,SPJIMR Mess,3,Nice place but some things need improvement,synthetic,Negative,0.36594358086586,0.3273626565933227,0.3066937327384949,0.36594358086586
3/1/2026 22:54:26,Harsh Malpani,TE,SPJIMR Mess,4,Unlimited healthy nutritious food,real,Positive,0.9314841628074646,0.9314841628074646,0.0423237234354019,0.026192121207714
03/08/2026 00:00:00,Harsh Goyal,BE,SPJIMR Mess,3,Tasty food and good options available,synthetic,Positive,0.9098482728004456,0.9098482728004456,0.0619162172079086,0.0282356161624193
03/10/2026 00:00:00,Rohan Reddy,TE,Juice Center,3,Good but not value for money always!,synthetic,Negative,0.4374549388885498,0.284334272146225,0.2782107591629028,0.4374549388885498
03/10/2026 00:00:00,Vikram Rathod,BE,College Canteen Ground Floor,5,Good enough for daily campus meals ngl,synthetic,Positive,0.9288272857666016,0.9288272857666016,0.0464771203696727,0.0246955715119838
03/14/2026 00:00:00,Chetan Rawat,SE,SPJIMR Mess,3,Quality did not meet expectations sometimes!,synthetic,Negative,0.4578810632228851,0.284810870885849,0.2573080956935882,0.4578810632228851
03/08/2026 00:00:00,Aditya Nair,SE,College Canteen 3rd Floor,5,"Sandwiches are good, cold coffee is nice too honestly",synthetic,Positive,0.906296730041504,0.906296730041504,0.0673701167106628,0.0263332054018974
03/05/2026 00:00:00,Akash Sinha,SE,Manchurian Shop,3,"food is average, cleanliness needs work",synthetic,Negative,0.4455678462982178,0.2506495118141174,0.3037825524806976,0.4455678462982178
03/07/2026 00:00:00,Kabir Desai,SE,Vrindavan,1,Pricy and not worth it for what they serve honestly,synthetic,Negative,0.4870934188365936,0.2774539291858673,0.2354526817798614,0.4870934188365936
03/01/2026 00:00:00,Amit Agarwal,SE,Amar Frankie,3,"Average taste, decent portion size ngl",synthetic,Negative,0.4038240611553192,0.3050701320171356,0.2911058068275451,0.4038240611553192
02/23/2026 00:00:00,Pankaj More,TE,Vrindavan,5,"Overall, best food around campus, excellent quality!",synthetic,Positive,0.9298906922340392,0.9298906922340392,0.0419226288795471,0.0281866341829299
3/1/2026 13:43:44,Aniruddh Iyer,TE,Vrindavan,4,expensive,real,Negative,0.3990049362182617,0.313642144203186,0.2873528599739074,0.3990049362182617
02/24/2026 00:00:00,Tanvi Chopra,BE,Juice Center,4,Good but not value for money always!,synthetic,Negative,0.4374549388885498,0.284334272146225,0.2782107591629028,0.4374549388885498
3/1/2026 12:37:30,Hitesh Ghanchi,TE,Juice Center,5,"The variety of juice and shake options. The prices are good, the fruits used are fresh. Strongly recommended.",real,Positive,0.9293802976608276,0.9293802976608276,0.0473741330206394,0.0232456102967262
2/26/2026 18:35:04,Apurva A Khangal,TE,Vrindavan,5,"Vrindavan is the best among all. The food quality is excellent and the taste is very good. Cleanliness and service are impressive, and overall experience is very satisfying.",real,Positive,0.926034450531006,0.926034450531006,0.0488495081663131,0.025116017088294
03/13/2026 00:00:00,Faizan Khan,SE,College Canteen 3rd Floor,3,I think misal pav is good and fulfilling at least,synthetic,Positive,0.649407684803009,0.649407684803009,0.1945639550685882,0.1560284197330474
03/05/2026 00:00:00,Sonia Roy,SE,Amar Frankie,4,"Yummy, tastier and healthier option for snacks",synthetic,Positive,0.9236196279525756,0.9236196279525756,0.0522491335868835,0.0241313315927982
03/21/2026 00:00:00,Diya Kumar,BE,Manchurian Shop,3,"Not so hygienic, but food is edible ngl",synthetic,Negative,0.3700429499149322,0.3302229642868042,0.2997340857982635,0.3700429499149322
02/26/2026 00:00:00,Ekta Bhardwaj,SE,Amar Frankie,4,I think they have a lot of different frankie options to choose from,synthetic,Positive,0.791966438293457,0.791966438293457,0.1170883104205131,0.0909452959895134
03/20/2026 00:00:00,Isha Dixit,SE,College Canteen 3rd Floor,4,"nice canteen, comfortable seating area",synthetic,Positive,0.9280261993408204,0.9280261993408204,0.0474791973829269,0.0244945287704467
03/25/2026 00:00:00,Kabir Desai,TE,Vrindavan,5,Pav bhaji and aloo paratha is comfort food here,synthetic,Positive,0.910500705242157,0.910500705242157,0.0616851337254047,0.0278141293674707
02/22/2026 00:00:00,Harsh Goyal,SE,SPJIMR Mess,1,"never been there, no interest honestly",synthetic,Negative,0.4916757643222809,0.2480776309967041,0.2602465450763702,0.4916757643222809
02/25/2026 00:00:00,Tanvi Chopra,SE,Cluckins,5,Great student offers and deals available ngl,synthetic,Positive,0.9253295063972472,0.9253295063972472,0.0477605946362018,0.0269099585711956
03/14/2026 00:00:00,Ishaan Gupta,TE,Shawarma Shop,4,Service is really good and shawarma tastes great ngl,synthetic,Positive,0.9354547262191772,0.9354547262191772,0.0437874272465705,0.0207578279078006
02/27/2026 00:00:00,Riya Thakur,SE,College Canteen Ground Floor,1,"I think needs cleanliness maintenance, food quality bad",synthetic,Negative,0.4605185091495514,0.2516518533229828,0.2878296971321106,0.4605185091495514
03/22/2026 00:00:00,Sahil Bajaj,SE,Juice Center,2,"juice quality has gone down, not fresh always",synthetic,Negative,0.4536740779876709,0.2581059634685516,0.2882199287414551,0.4536740779876709
03/13/2026 00:00:00,Akash Sinha,SE,Juice Center,1,"I think flavor was too diluted, tastes like water",synthetic,Negative,0.4913331866264343,0.2527391314506531,0.2559277415275574,0.4913331866264343
02/21/2026 00:00:00,Gaurav Patil,TE,College Canteen Ground Floor,1,It lacked flavour and freshness completely tbh,synthetic,Negative,0.4400936663150787,0.2697938680648803,0.2901124060153961,0.4400936663150787
02/23/2026 00:00:00,Naveen Deshpande,TE,Vrindavan,5,"Go to place, sizzling brownie has my heart honestly",synthetic,Positive,0.9245712161064148,0.9245712161064148,0.0437811166048049,0.0316476486623287
02/23/2026 00:00:00,Umesh Nayak,BE,College Canteen 3rd Floor,1,Not worth climbing 3 floors for this food ngl,synthetic,Negative,0.430262953042984,0.2981637418270111,0.2715732455253601,0.430262953042984
03/08/2026 00:00:00,Vihaan Verma,SE,Cluckins,5,Great student offers and deals available tbh,synthetic,Positive,0.9237985610961914,0.9237985610961914,0.04894495382905,0.0272564627230167
3/1/2026 12:37:30,Hitesh Ghanchi,TE,SPJIMR Mess,4,The food is good. The prices are great and strongly recommended for college people.,real,Positive,0.9266989827156068,0.9266989827156068,0.0499820522964,0.0233189817517995
2/26/2026 7:25:39,Harsh Bhatt,TE,SPJIMR Mess,5,Best overall,real,Positive,0.8209467530250549,0.8209467530250549,0.0949272736907005,0.0841259360313415
03/16/2026 00:00:00,Suresh Pandey,BE,Amar Frankie,5,"Overall, the go to place for delicious frankie",synthetic,Positive,0.9318711161613464,0.9318711161613464,0.0403805375099182,0.0277483910322189
03/14/2026 00:00:00,Rahul Mehta,BE,Shawarma Shop,4,"Good food, the flavours are delicious.",synthetic,Positive,0.9328619241714478,0.9328619241714478,0.044000893831253,0.0231371335685253
03/23/2026 00:00:00,Pankaj More,BE,College Canteen 3rd Floor,4,Thali and lunch option available which is great,synthetic,Positive,0.9139910340309144,0.9139910340309144,0.0588948912918567,0.0271140653640031
02/20/2026 00:00:00,Ekta Bhardwaj,SE,College Canteen 3rd Floor,4,"Peaceful, quiet and airy space to sit and eat ngl",synthetic,Positive,0.9087327122688292,0.9087327122688292,0.0514496639370918,0.0398176088929176
03/18/2026 00:00:00,Deepak Jain,BE,Vrindavan,1,Pricy and not worth it for what they serve ngl,synthetic,Negative,0.4724420309066772,0.2667475938796997,0.260810375213623,0.4724420309066772
02/21/2026 00:00:00,Anjali Bansal,BE,College Canteen Ground Floor,2,"not too much options, menu is limited",synthetic,Negative,0.4300233423709869,0.2573436200618744,0.312633067369461,0.4300233423709869
2/26/2026 11:21:12,Menil,TE,Shawarma Shop,5,Good food,real,Positive,0.9209545850753784,0.9209545850753784,0.0537096075713634,0.0253358297049999
03/17/2026 00:00:00,Raj Kapoor,TE,College Canteen Ground Floor,3,Can have more food items and better variety!,synthetic,Positive,0.8473190665245056,0.8473190665245056,0.1031802967190742,0.0495006404817104
03/09/2026 00:00:00,Naveen Deshpande,SE,Juice Center,5,A really great option for days when u dont know what to have honestly,synthetic,Positive,0.8888325691223145,0.8888325691223145,0.0680807903409004,0.0430865660309791
03/03/2026 00:00:00,Vihaan Verma,TE,Shawarma Shop,5,"Overall, the shawarma here is worth every rupee",synthetic,Positive,0.912418007850647,0.912418007850647,0.0550489015877246,0.0325330309569835
03/02/2026 00:00:00,Rashmi Sawant,SE,College Canteen Ground Floor,3,Most items arent healthy or energetic enough!,synthetic,Negative,0.462366908788681,0.2794082462787628,0.2582248449325561,0.462366908788681
03/02/2026 00:00:00,Kavya Shah,TE,Amar Frankie,3,Nice one just that it has too much food color,synthetic,Negative,0.4153416156768799,0.2748774886131286,0.3097808957099914,0.4153416156768799
3/1/2026 12:49:03,Rehan Ansari,TE,SPJIMR Mess,3,Expensive but good quality food,real,Positive,0.5180357098579407,0.5180357098579407,0.2412140518426895,0.2407502979040146
2/26/2026 3:27:55,Kshitij,TE,Cluckins,5,Best Chicken in the town,real,Positive,0.9002702832221985,0.9002702832221985,0.0667140036821365,0.0330156870186328
02/24/2026 00:00:00,Arjun Singh,BE,Manchurian Shop,4,"Flavourful food, one of the better stalls around campus.",synthetic,Positive,0.9325270056724548,0.9325270056724548,0.0438233166933059,0.0236496273428201
03/18/2026 00:00:00,Aditya Nair,SE,Shawarma Shop,4,Needs better hygiene practices for food safety ngl,synthetic,Negative,0.4210268557071686,0.3558150231838226,0.2231581211090088,0.4210268557071686
03/19/2026 00:00:00,Aarav Sharma,BE,Manchurian Shop,5,"The manchurian is nostalgic, love the spice level",synthetic,Positive,0.9088025093078612,0.9088025093078612,0.056479774415493,0.0347177200019359
03/05/2026 00:00:00,Suresh Pandey,BE,College Canteen Ground Floor,5,Food quality is good and pricing is student-friendly.,synthetic,Positive,0.9232763051986694,0.9232763051986694,0.0509993657469749,0.0257242489606142
2/26/2026 20:43:38,Yug Bhanushali,TE,Cluckins,5,Good food and easy in the pocket,real,Positive,0.917654275894165,0.917654275894165,0.0565382726490497,0.0258074402809143
03/09/2026 00:00:00,Komal Rane,BE,Amar Frankie,1,"hygiene wise its very bad, saw tobacco chewing",synthetic,Negative,0.4530374407768249,0.2544570863246918,0.2925055027008056,0.4530374407768249
2/26/2026 7:05:52,Bhavik Bhatia,TE,Amar Frankie,3,Okayish,real,Positive,0.3577576279640198,0.3577576279640198,0.2898493707180023,0.3523930311203003
03/21/2026 00:00:00,Manya Hegde,BE,Shawarma Shop,1,"Would not eat here, too risky for health honestly",synthetic,Negative,0.5092949271202087,0.26471608877182,0.22598896920681,0.5092949271202087
03/20/2026 00:00:00,Isha Dixit,TE,Vrindavan,4,"Amazing food and great service, love it!",synthetic,Positive,0.9340656399726868,0.9340656399726868,0.0408278703689575,0.0251064486801624
02/23/2026 00:00:00,Tina George,TE,College Canteen 3rd Floor,4,"Sandwiches are the best here, must try!!",synthetic,Positive,0.9200052618980408,0.9200052618980408,0.0503565818071365,0.0296382047235965
03/25/2026 00:00:00,Vivek Yadav,TE,Cluckins,3,"the place smells strong, ambiance could be better",synthetic,Positive,0.4735004603862762,0.4735004603862762,0.2595635950565338,0.2669358849525451
03/02/2026 00:00:00,Lalit Pawar,SE,College Canteen 3rd Floor,3,Sandwiches are nice but rest is average!,synthetic,Neutral,0.3589483499526977,0.3050001859664917,0.3589483499526977,0.3360514342784881
03/15/2026 00:00:00,Faizan Khan,SE,Amar Frankie,4,"The Frankie is okayish, scope for improvement!",synthetic,Positive,0.6021735668182373,0.6021735668182373,0.1623571962118148,0.235469177365303
03/19/2026 00:00:00,Neha Saxena,SE,College Canteen Ground Floor,4,"Like it, decent food at student-friendly prices.",synthetic,Positive,0.912018358707428,0.912018358707428,0.0523824468255043,0.0355991572141647
02/28/2026 00:00:00,Ojas Wagh,BE,College Canteen 3rd Floor,2,"Overall, menu needs major improvement honestly",synthetic,Negative,0.4238922595977783,0.2977843582630157,0.2783234417438507,0.4238922595977783
02/23/2026 00:00:00,Umesh Nayak,TE,Vrindavan,4,"Another banger from Vrindavan, never disappoints!",synthetic,Positive,0.9323194622993468,0.9323194622993468,0.0379145219922065,0.0297660212963819
02/20/2026 00:00:00,Nisha Kulkarni,TE,Shawarma Shop,4,"Top quality shawarma, would recommend to everyone",synthetic,Positive,0.9220535159111024,0.9220535159111024,0.0496722236275672,0.0282742828130722
03/08/2026 00:00:00,Aarav Sharma,TE,Vrindavan,3,"Would prefer more options, same food sometimes ngl",synthetic,Negative,0.3737371861934662,0.3290437757968902,0.2972190678119659,0.3737371861934662
03/01/2026 00:00:00,Naveen Deshpande,BE,Amar Frankie,4,"Overall, tasty but spicy, love the frankie options here",synthetic,Positive,0.9300559759140016,0.9300559759140016,0.045389749109745,0.024554319679737
02/23/2026 00:00:00,Suresh Pandey,TE,Juice Center,5,10/10 would recommend for fresh healthy drinks,synthetic,Positive,0.8938912749290466,0.8938912749290466,0.0669811144471168,0.0391276404261589
3/1/2026 12:36:15,Rachel,TE,Manchurian Shop,2,cheap manchurian and cheap quality as well. im utterly disappointed. it was well priced but i have a negative experience,real,Negative,0.4416584372520447,0.269673228263855,0.2886682748794555,0.4416584372520447
03/25/2026 00:00:00,Ishaan Gupta,SE,SPJIMR Mess,1,"Never been there, no interest honestly",synthetic,Negative,0.4916757643222809,0.2480776309967041,0.2602465450763702,0.4916757643222809
02/26/2026 00:00:00,Kavya Shah,BE,Juice Center,3,Tasty but a bit expensive for students!,synthetic,Positive,0.5355495810508728,0.5355495810508728,0.2088652700185775,0.2555851638317108
02/28/2026 00:00:00,Rohan Reddy,BE,Amar Frankie,5,"Tasty but spicy, love the frankie options here tbh",synthetic,Positive,0.9303313493728638,0.9303313493728638,0.0462415516376495,0.0234270114451646
02/26/2026 00:00:00,Akash Sinha,BE,College Canteen 3rd Floor,5,"Overall, fresh ingredients and great flavors here",synthetic,Positive,0.9250277876853944,0.9250277876853944,0.0470061935484409,0.0279660373926162
03/20/2026 00:00:00,Lalit Pawar,BE,SPJIMR Mess,4,The food is hygienic and meals are well-balanced!,synthetic,Positive,0.920542061328888,0.920542061328888,0.0501990243792533,0.0292589142918586
02/22/2026 00:00:00,Sonia Roy,TE,Shawarma Shop,4,"I think good food, the flavours are delicious",synthetic,Positive,0.9345527291297911,0.9345527291297911,0.0437552817165851,0.0216920580714941
02/27/2026 00:00:00,Komal Rane,TE,Cluckins,5,Great student offers and deals available,synthetic,Positive,0.9226134419441224,0.9226134419441224,0.0491604097187519,0.0282262600958347
03/21/2026 00:00:00,Raj Kapoor,SE,Manchurian Shop,1,Dirty utensils and unhygienic food preparation ngl,synthetic,Negative,0.493451714515686,0.2951572239398956,0.2113910913467407,0.493451714515686
03/04/2026 00:00:00,Kriti Goel,TE,College Canteen 3rd Floor,2,"Overall, not worth climbing 3 floors for this food",synthetic,Negative,0.4508678317070007,0.2677740454673767,0.2813580930233001,0.4508678317070007
02/26/2026 00:00:00,Akash Sinha,TE,Amar Frankie,1,"Unhygienic, cant see employees wearing gloves",synthetic,Negative,0.4969175457954407,0.2530471682548523,0.2500352561473846,0.4969175457954407
03/18/2026 00:00:00,Raj Kapoor,SE,Amar Frankie,5,"Tasty but spicy, love the frankie options here honestly",synthetic,Positive,0.9352396726608276,0.9352396726608276,0.0422722399234771,0.0224880669265985
3/1/2026 13:37:04,Sneha Kapte,TE,Manchurian Shop,1,Cleanliness standards did not meet Expectations.,real,Negative,0.476621925830841,0.2894451320171356,0.2339328974485397,0.476621925830841
2/26/2026 7:05:52,Bhavik Bhatia,TE,Juice Center,5,Best,real,Positive,0.8240874409675598,0.8240874409675598,0.0857767313718795,0.0901358127593994
03/09/2026 00:00:00,Manya Hegde,SE,College Canteen Ground Floor,5,Cost-effective meals for daily eating ngl,synthetic,Positive,0.9306462407112122,0.9306462407112122,0.0416879504919052,0.0276657734066247
02/24/2026 00:00:00,Ekta Bhardwaj,SE,Manchurian Shop,1,"I think i got sick after eating here, never again",synthetic,Negative,0.445287823677063,0.321539968252182,0.2331722527742386,0.445287823677063
03/02/2026 00:00:00,Suresh Pandey,BE,Cluckins,2,Not tried much but looks appealing enough,synthetic,Negative,0.3793345391750335,0.3599922060966491,0.2606731951236725,0.3793345391750335
3/1/2026 15:21:54,Lalita Dhavale,TE,College Canteen 3rd Floor,3,sandwiches are nice,real,Positive,0.9051259756088256,0.9051259756088256,0.0668229907751083,0.0280510075390338
03/13/2026 00:00:00,Manish Khanna,SE,Juice Center,5,"warm and sweet staff, seasonal menu is unique",synthetic,Positive,0.9323652982711792,0.9323652982711792,0.0445751436054706,0.0230596140027046
03/08/2026 00:00:00,Pooja Chauhan,TE,Cluckins,2,"Soggy food, not crispy at all ngl",synthetic,Negative,0.4866179227828979,0.2521266043186188,0.2612555027008056,0.4866179227828979
03/19/2026 00:00:00,Amit Agarwal,BE,Manchurian Shop,5,"the manchurian is really good, tasty and flavourful",synthetic,Positive,0.925565242767334,0.925565242767334,0.049023613333702,0.0254111811518669
03/21/2026 00:00:00,Gauri Menon,SE,Amar Frankie,3,Good taste but hygiene can be improved,synthetic,Negative,0.357464998960495,0.3492629528045654,0.2932720780372619,0.357464998960495
03/20/2026 00:00:00,Vikram Rathod,TE,College Canteen 3rd Floor,5,Better options than ground floor canteen!,synthetic,Positive,0.9214680194854736,0.9214680194854736,0.0506835803389549,0.0278484430164098
03/07/2026 00:00:00,Varun Karnik,BE,College Canteen 3rd Floor,4,I think better options than ground floor canteen,synthetic,Positive,0.7931352853775024,0.7931352853775024,0.1249450221657753,0.081919677555561
03/07/2026 00:00:00,Riya Thakur,BE,Manchurian Shop,5,"Solid food, bhaji pav is especially good here ngl",synthetic,Positive,0.9232091307640076,0.9232091307640076,0.0535402223467826,0.0232506245374679
03/18/2026 00:00:00,Aarav Sharma,SE,Amar Frankie,5,"Loved the frankie, mesmerising taste ngl",synthetic,Positive,0.881892740726471,0.881892740726471,0.0639150962233543,0.0541921369731426
03/24/2026 00:00:00,Gauri Menon,SE,College Canteen Ground Floor,5,"Overall, cost-effective meals for daily eating",synthetic,Positive,0.922230303287506,0.922230303287506,0.0463151037693023,0.0314545892179012
02/25/2026 00:00:00,Neha Saxena,BE,SPJIMR Mess,5,Best canteen to ever exist on campus!,synthetic,Positive,0.905660092830658,0.905660092830658,0.0536228008568286,0.0407170392572879
2/26/2026 13:24:02,Riya More,TE,Cluckins,4,service is very slow,real,Negative,0.4318068623542785,0.3124197423458099,0.2557734251022339,0.4318068623542785
03/07/2026 00:00:00,Priya Joshi,BE,SPJIMR Mess,5,"Unlimited healthy nutritious food, love it!",synthetic,Positive,0.935541331768036,0.935541331768036,0.0379970222711563,0.0264616850763559
03/07/2026 00:00:00,Pallavi Naik,BE,Juice Center,5,love the ganga jamuna saraswati drink,synthetic,Positive,0.9242327213287354,0.9242327213287354,0.0464430786669254,0.0293242074549198
02/20/2026 00:00:00,Bhavna Dubey,BE,Cluckins,5,great student offers and deals available,synthetic,Positive,0.9226134419441224,0.9226134419441224,0.0491604097187519,0.0282262600958347
02/22/2026 00:00:00,Bhavna Dubey,SE,College Canteen Ground Floor,2,"I think the place is filthy, no gloves used by staff",synthetic,Negative,0.4489113986492157,0.2733107805252075,0.2777777910232544,0.4489113986492157
2/26/2026 11:06:25,Divit Gupta,TE,College Canteen 3rd Floor,4,"Good taste, but most days items are not available",real,Positive,0.4064832329750061,0.4064832329750061,0.3029809892177582,0.2905358076095581
02/27/2026 00:00:00,Kavya Shah,BE,College Canteen 3rd Floor,4,thali and lunch option available which is great,synthetic,Positive,0.9139910340309144,0.9139910340309144,0.0588948912918567,0.0271140653640031
03/19/2026 00:00:00,Aditya Nair,TE,Manchurian Shop,4,"Solid food, bhaji pav is especially good here tbh",synthetic,Positive,0.919812798500061,0.919812798500061,0.0557163283228874,0.0244708843529224
02/25/2026 00:00:00,Bhavna Dubey,TE,Cluckins,1,"Average at best, Bombay burgers is better!",synthetic,Positive,0.372835636138916,0.372835636138916,0.2803172171115875,0.3468471467494964
02/21/2026 00:00:00,Kavya Shah,SE,Manchurian Shop,2,Not worth risking your health for this food tbh,synthetic,Negative,0.4587774574756622,0.2837607860565185,0.2574618458747864,0.4587774574756622
2/26/2026 12:31:38,Shreya Mahajan,TE,Cluckins,3,Never tried it,real,Negative,0.4681280851364136,0.2510720789432525,0.2807998955249786,0.4681280851364136
03/17/2026 00:00:00,Priya Joshi,SE,SPJIMR Mess,5,"Fast clean and tasty, the holy trinity.",synthetic,Positive,0.9341825246810912,0.9341825246810912,0.0397572889924049,0.0260600596666336
03/24/2026 00:00:00,Himanshu Lakra,BE,Juice Center,1,not worth the price students are paying,synthetic,Negative,0.4690686464309692,0.2809780836105346,0.2499531954526901,0.4690686464309692
03/22/2026 00:00:00,Umesh Nayak,TE,SPJIMR Mess,4,Good but food quality can be improved more.,synthetic,Neutral,0.357097864151001,0.3086927235126495,0.357097864151001,0.3342094123363495
03/10/2026 00:00:00,Ekta Bhardwaj,TE,Cluckins,4,The chicken is fresh and well-cooked always!,synthetic,Positive,0.9210119247436525,0.9210119247436525,0.0490426644682884,0.0299454238265752
03/24/2026 00:00:00,Sneha Iyer,SE,Cluckins,4,"Overall, nice place, proper shop with good ambiance",synthetic,Positive,0.9293844103813172,0.9293844103813172,0.0483080744743347,0.022307526320219
03/17/2026 00:00:00,Harsh Goyal,TE,College Canteen Ground Floor,4,Very good food quality when they maintain it ngl,synthetic,Positive,0.9185705184936525,0.9185705184936525,0.053996380418539,0.0274331662803888
03/11/2026 00:00:00,Himanshu Lakra,BE,Amar Frankie,1,"Overall, unhygienic, cant see employees wearing gloves",synthetic,Negative,0.4916421473026275,0.2573014795780182,0.2510563731193542,0.4916421473026275
03/14/2026 00:00:00,Manya Hegde,TE,College Canteen 3rd Floor,5,"Overall, peaceful, quiet and airy space to sit and eat",synthetic,Positive,0.9220977425575256,0.9220977425575256,0.0464738570153713,0.0314284637570381
03/22/2026 00:00:00,Aditya Nair,BE,Cluckins,4,Great student offers and deals available,synthetic,Positive,0.9226134419441224,0.9226134419441224,0.0491604097187519,0.0282262600958347
2/26/2026 0:02:13,Advait,TE,Manchurian Shop,4,Good,uploaded,Positive,0.9122200608253479,,,
2/26/2026 0:02:13,Advait,TE,Shawarma Shop,4,Yummy,uploaded,Positive,0.8483255505561829,,,
2/26/2026 0:02:13,Advait,TE,Amar Frankie,3,Mid only veg,uploaded,Negative,0.42946967482566833,,,
2/26/2026 0:02:13,Advait,TE,Juice Center,5,Goat,uploaded,Positive,0.47119054198265076,,,
2/26/2026 0:02:13,Advait,TE,Cluckins,4,Sometimes maybe good sometimes maybe not good,uploaded,Negative,0.40046554803848267,,,
2/26/2026 0:02:13,Advait,TE,College Canteen Ground Floor,2,No comments,uploaded,Negative,0.4338042736053467,,,
2/26/2026 0:02:13,Advait,TE,College Canteen 3rd Floor,1,No thank you,uploaded,Negative,0.4190461337566376,,,
2/26/2026 0:02:13,Advait,TE,SPJIMR Mess,2,No other option,uploaded,Negative,0.4521278440952301,,,
2/26/2026 0:02:13,Advait,TE,Vrindavan,4,Good 2nd option,uploaded,Positive,0.9131659269332886,,,
2/26/2026 3:27:55,Kshitij,TE,Manchurian Shop,2,I found out about their secret ingredient,uploaded,Negative,0.37992894649505615,,,
2/26/2026 3:27:55,Kshitij,TE,Shawarma Shop,5,So Tastyyy,uploaded,Positive,0.8813166618347168,,,
2/26/2026 3:27:55,Kshitij,TE,Amar Frankie,4,Meh,uploaded,Negative,0.3770909309387207,,,
2/26/2026 3:27:55,Kshitij,TE,Juice Center,5,I love juices,uploaded,Positive,0.9150341153144836,,,
2/26/2026 3:27:55,Kshitij,TE,Cluckins,5,Best Chicken in the town,uploaded,Positive,0.9002702832221985,,,
2/26/2026 3:27:55,Kshitij,TE,College Canteen Ground Floor,3,Good for protein,uploaded,Positive,0.8688990473747253,,,
2/26/2026 3:27:55,Kshitij,TE,College Canteen 3rd Floor,2,They can never replace you my dear ground floor,uploaded,Positive,0.4030260741710663,,,
2/26/2026 3:27:55,Kshitij,TE,SPJIMR Mess,5,Og Place,uploaded,Negative,0.3914857506752014,,,
2/26/2026 3:27:55,Kshitij,TE,Vrindavan,4,dost idhar le aate but pet nahi bharta,uploaded,Positive,0.7079034447669983,,,
2/26/2026 7:05:52,Bhavik Bhatia,TE,Manchurian Shop,3,Good,uploaded,Positive,0.9122200608253479,,,
2/26/2026 7:05:52,Bhavik Bhatia,TE,Shawarma Shop,5,Best,uploaded,Positive,0.8240875601768494,,,
2/26/2026 7:05:52,Bhavik Bhatia,TE,Amar Frankie,3,Okayish,uploaded,Positive,0.3577575981616974,,,
2/26/2026 7:05:52,Bhavik Bhatia,TE,Juice Center,5,Best,uploaded,Positive,0.8240875601768494,,,
2/26/2026 7:05:52,Bhavik Bhatia,TE,Cluckins,2,Bombay burgers is better,uploaded,Positive,0.6742342114448547,,,
2/26/2026 7:05:52,Bhavik Bhatia,TE,College Canteen Ground Floor,2,Hygiene issue,uploaded,Negative,0.4277409017086029,,,
2/26/2026 7:05:52,Bhavik Bhatia,TE,College Canteen 3rd Floor,3,Good,uploaded,Positive,0.9122200608253479,,,
2/26/2026 7:05:52,Bhavik Bhatia,TE,SPJIMR Mess,4,Nice,uploaded,Positive,0.8867282271385193,,,
2/26/2026 7:05:52,Bhavik Bhatia,TE,Vrindavan,5,Best,uploaded,Positive,0.8240875601768494,,,
2/26/2026 7:25:39,Harsh Bhatt,TE,Manchurian Shop,5,Solid 5/5,uploaded,Positive,0.891311526298523,,,
2/26/2026 7:25:39,Harsh Bhatt,TE,Shawarma Shop,3,Hygiene issues,uploaded,Negative,0.4382323622703552,,,
2/26/2026 7:25:39,Harsh Bhatt,TE,Amar Frankie,4,Insane frakies,uploaded,Negative,0.4161921739578247,,,
2/26/2026 7:25:39,Harsh Bhatt,TE,Juice Center,5,Only healthy option here,uploaded,Positive,0.4252084791660309,,,
2/26/2026 7:25:39,Harsh Bhatt,TE,Cluckins,2,Sauggy,uploaded,Negative,0.40214407444000244,,,
2/26/2026 7:25:39,Harsh Bhatt,TE,College Canteen Ground Floor,4,Need more items on the menu,uploaded,Negative,0.38850143551826477,,,
2/26/2026 7:25:39,Harsh Bhatt,TE,College Canteen 3rd Floor,4,Better but still lacks diversity,uploaded,Positive,0.378328412771225,,,
2/26/2026 7:25:39,Harsh Bhatt,TE,SPJIMR Mess,5,Best overall,uploaded,Positive,0.8209467530250549,,,
2/26/2026 7:25:39,Harsh Bhatt,TE,Vrindavan,5,Another banger,uploaded,Positive,0.3975887894630432,,,
2/26/2026 9:00:20,Jehan,TE,Manchurian Shop,3,Lovely,uploaded,Positive,0.5161033868789673,,,
2/26/2026 9:00:20,Jehan,TE,Shawarma Shop,5,Tasty,uploaded,Positive,0.9083779454231262,,,
2/26/2026 9:00:20,Jehan,TE,Amar Frankie,3,Spicy,uploaded,Positive,0.44838958978652954,,,
2/26/2026 9:00:20,Jehan,TE,Juice Center,5,Refreshing,uploaded,Positive,0.8291037678718567,,,
2/26/2026 9:00:20,Jehan,TE,Cluckins,2,Too pricy,uploaded,Negative,0.44051504135131836,,,
2/26/2026 9:00:20,Jehan,TE,College Canteen Ground Floor,4,Good variety,uploaded,Positive,0.929987370967865,,,
2/26/2026 9:00:20,Jehan,TE,College Canteen 3rd Floor,3,Good,uploaded,Positive,0.9122200608253479,,,
2/26/2026 9:00:20,Jehan,TE,SPJIMR Mess,3,Tasty food and options,uploaded,Positive,0.911271333694458,,,
2/26/2026 9:00:20,Jehan,TE,Vrindavan,5,Very good vegetarian food,uploaded,Positive,0.9239840507507324,,,
2/26/2026 10:47:42,Kriya Mehta,TE,Manchurian Shop,4,very flavourful,uploaded,Positive,0.9063456654548645,,,
2/26/2026 10:47:42,Kriya Mehta,TE,Shawarma Shop,3,always a little uncooked,uploaded,Negative,0.44757160544395447,,,
2/26/2026 10:47:42,Kriya Mehta,TE,Amar Frankie,2,unhygienic,uploaded,Negative,0.5221124291419983,,,
2/26/2026 10:47:42,Kriya Mehta,TE,Juice Center,5,always gets fresh juice,uploaded,Positive,0.8012675046920776,,,
2/26/2026 10:47:42,Kriya Mehta,TE,Cluckins,1,na,uploaded,Negative,0.4121248722076416,,,
2/26/2026 10:47:42,Kriya Mehta,TE,College Canteen Ground Floor,3,not too much options,uploaded,Negative,0.4240811765193939,,,
2/26/2026 10:47:42,Kriya Mehta,TE,College Canteen 3rd Floor,4,better options,uploaded,Positive,0.8553292155265808,,,
2/26/2026 10:47:42,Kriya Mehta,TE,SPJIMR Mess,2,never been there,uploaded,Negative,0.4889978766441345,,,
2/26/2026 10:47:42,Kriya Mehta,TE,Vrindavan,4,good quality,uploaded,Positive,0.9159442782402039,,,
2/26/2026 10:49:29,Madhura Lolayekar,TE,Manchurian Shop,3,It was good just hygiene issues,uploaded,Negative,0.3895168900489807,,,
2/26/2026 10:49:29,Madhura Lolayekar,TE,Shawarma Shop,1,Haven't tried,uploaded,Negative,0.4648977816104889,,,
2/26/2026 10:49:29,Madhura Lolayekar,TE,Amar Frankie,4,I liked it,uploaded,Positive,0.7885861396789551,,,
2/26/2026 10:49:29,Madhura Lolayekar,TE,Juice Center,4,I like their variety,uploaded,Positive,0.8195585608482361,,,
2/26/2026 10:49:29,Madhura Lolayekar,TE,Cluckins,3,Service is slow,uploaded,Negative,0.4411577880382538,,,
2/26/2026 10:49:29,Madhura Lolayekar,TE,College Canteen Ground Floor,4,Like it,uploaded,Positive,0.46077460050582886,,,
2/26/2026 10:49:29,Madhura Lolayekar,TE,College Canteen 3rd Floor,4,It's nice,uploaded,Positive,0.880419135093689,,,
2/26/2026 10:49:29,Madhura Lolayekar,TE,SPJIMR Mess,2,Haven't tried a lot,uploaded,Negative,0.496264785528183,,,
2/26/2026 10:49:29,Madhura Lolayekar,TE,Vrindavan,4,I like their dosa,uploaded,Positive,0.8767738938331604,,,
2/26/2026 10:54:35,Ananyasingh S. Chauhan,TE,Manchurian Shop,3,Only some of them use clean utensils. They just sometimes dip in the tub of water which is already a bit dirty. Mix veg and non veg utensils,uploaded,Positive,0.459644615650177,,,
2/26/2026 10:54:35,Ananyasingh S. Chauhan,TE,Shawarma Shop,2,Looks unhygienic in the open.,uploaded,Negative,0.5063378214836121,,,
2/26/2026 10:54:35,Ananyasingh S. Chauhan,TE,Amar Frankie,3,Not much idea,uploaded,Negative,0.4617197811603546,,,
2/26/2026 10:54:35,Ananyasingh S. Chauhan,TE,Juice Center,4,Wash utensils everytime before using. Keep the counter clean. Fruits are mostly seasonal and fresh.,uploaded,Positive,0.8732737898826599,,,
2/26/2026 10:54:35,Ananyasingh S. Chauhan,TE,Cluckins,4,Not much idea,uploaded,Negative,0.4617197811603546,,,
2/26/2026 10:54:35,Ananyasingh S. Chauhan,TE,College Canteen Ground Floor,4,Very good food quality but sometimes forget to maintain cleanliness.,uploaded,Positive,0.7739081382751465,,,
2/26/2026 10:54:35,Ananyasingh S. Chauhan,TE,College Canteen 3rd Floor,3,I dont think they use fresh veggies in sandwiches everytime.,uploaded,Positive,0.401353120803833,,,
2/26/2026 10:54:35,Ananyasingh S. Chauhan,TE,SPJIMR Mess,4,Very good,uploaded,Positive,0.8968396782875061,,,
2/26/2026 10:54:35,Ananyasingh S. Chauhan,TE,Vrindavan,4,Good services and good food,uploaded,Positive,0.9139265418052673,,,
2/26/2026 10:55:39,Param,TE,Manchurian Shop,4,Good food,uploaded,Positive,0.9209545850753784,,,
2/26/2026 10:55:39,Param,TE,Shawarma Shop,1,Find it very unhygienic,uploaded,Negative,0.4689474105834961,,,
2/26/2026 10:55:39,Param,TE,Amar Frankie,4,Good,uploaded,Positive,0.9122200608253479,,,
2/26/2026 10:55:39,Param,TE,Juice Center,5,Nice and fresh juices,uploaded,Positive,0.9404255151748657,,,
2/26/2026 10:55:39,Param,TE,Cluckins,1,Never been there,uploaded,Negative,0.4889978766441345,,,
2/26/2026 10:55:39,Param,TE,College Canteen Ground Floor,3,Cheap but unhygienic,uploaded,Negative,0.4523591697216034,,,
2/26/2026 10:55:39,Param,TE,College Canteen 3rd Floor,3,Good,uploaded,Positive,0.9122200608253479,,,
2/26/2026 10:55:39,Param,TE,SPJIMR Mess,4,Some things needs to be improved,uploaded,Negative,0.36506932973861694,,,
2/26/2026 10:55:39,Param,TE,Vrindavan,5,Best food.,uploaded,Positive,0.9161577820777893,,,
2/26/2026 11:06:25,Divit Gupta,TE,Manchurian Shop,4,Decent cleanliness,uploaded,Positive,0.8908700346946716,,,
2/26/2026 11:06:25,Divit Gupta,TE,Shawarma Shop,2,Cleanliness problems,uploaded,Negative,0.43550577759742737,,,
2/26/2026 11:06:25,Divit Gupta,TE,Amar Frankie,5,"Follows norms and regulations, good food",uploaded,Positive,0.9022415280342102,,,
2/26/2026 11:06:25,Divit Gupta,TE,Juice Center,5,"Good variety, fresh juice",uploaded,Positive,0.9387701749801636,,,
2/26/2026 11:06:25,Divit Gupta,TE,Cluckins,3,Decent,uploaded,Positive,0.4708666503429413,,,
2/26/2026 11:06:25,Divit Gupta,TE,College Canteen Ground Floor,4,"Would like more variety, quantity runs out frequently",uploaded,Negative,0.44046613574028015,,,
2/26/2026 11:06:25,Divit Gupta,TE,College Canteen 3rd Floor,4,"Good taste, but most days items are not available",uploaded,Positive,0.40648317337036133,,,
2/26/2026 11:06:25,Divit Gupta,TE,SPJIMR Mess,5,"Fast, clean, tasty",uploaded,Positive,0.9093837738037109,,,
2/26/2026 11:06:25,Divit Gupta,TE,Vrindavan,4,"Would prefer more options, getting tired of same food options",uploaded,Negative,0.3871419429779053,,,
2/26/2026 11:21:12,Menil,TE,Manchurian Shop,3,No cleanliness and bad hygiene.,uploaded,Negative,0.4581739604473114,,,
2/26/2026 11:21:12,Menil,TE,Shawarma Shop,5,Good food,uploaded,Positive,0.9209545850753784,,,
2/26/2026 11:21:12,Menil,TE,Amar Frankie,4,Easy but unhealthy,uploaded,Negative,0.40049806237220764,,,
2/26/2026 11:21:12,Menil,TE,Juice Center,3,Expensive,uploaded,Negative,0.3990049660205841,,,
2/26/2026 11:21:12,Menil,TE,Cluckins,4,Tasty,uploaded,Positive,0.9083779454231262,,,
2/26/2026 11:21:12,Menil,TE,College Canteen Ground Floor,1,"No variety in food, worst canteen",uploaded,Negative,0.4981708824634552,,,
2/26/2026 11:21:12,Menil,TE,College Canteen 3rd Floor,4,Good,uploaded,Positive,0.9122200608253479,,,
2/26/2026 11:21:12,Menil,TE,SPJIMR Mess,5,Goated food,uploaded,Positive,0.8686456084251404,,,
2/26/2026 11:21:12,Menil,TE,Vrindavan,5,Little expensive but worth,uploaded,Negative,0.40398088097572327,,,
2/26/2026 11:44:27,Samiksha,TE,Manchurian Shop,5,Good quality food at some good restaurants,uploaded,Positive,0.9318987727165222,,,
2/26/2026 11:44:27,Samiksha,TE,Shawarma Shop,3,Unhealthy everywhere,uploaded,Negative,0.5217511653900146,,,
2/26/2026 11:44:27,Samiksha,TE,Amar Frankie,4,Good overall,uploaded,Positive,0.9125602841377258,,,
2/26/2026 11:44:27,Samiksha,TE,Juice Center,3,Contaminated water is the main issue everywhere,uploaded,Negative,0.43159955739974976,,,
2/26/2026 11:44:27,Samiksha,TE,Cluckins,4,Sometimes chicken is not fresh,uploaded,Negative,0.3541489839553833,,,
2/26/2026 11:44:27,Samiksha,TE,College Canteen Ground Floor,4,Only some items are good,uploaded,Negative,0.3707953095436096,,,
2/26/2026 11:44:27,Samiksha,TE,College Canteen 3rd Floor,4,Sandwiches are good,uploaded,Positive,0.8970396518707275,,,
2/26/2026 11:44:27,Samiksha,TE,SPJIMR Mess,3,Bad food quality,uploaded,Negative,0.4707120358943939,,,
2/26/2026 11:44:27,Samiksha,TE,Vrindavan,4,Food is good but not everything on the menu is available,uploaded,Positive,0.4115125834941864,,,
2/26/2026 11:53:39,Vedika Pardeshi,TE,Manchurian Shop,5,Very good taste,uploaded,Positive,0.9138018488883972,,,
2/26/2026 11:53:39,Vedika Pardeshi,TE,Shawarma Shop,5,Service is really good,uploaded,Positive,0.9039862155914307,,,
2/26/2026 11:53:39,Vedika Pardeshi,TE,Amar Frankie,5,Nice,uploaded,Positive,0.8867282271385193,,,
2/26/2026 11:53:39,Vedika Pardeshi,TE,Juice Center,5,Fresh fruits,uploaded,Positive,0.9070714116096497,,,
2/26/2026 11:53:39,Vedika Pardeshi,TE,Cluckins,5,Very nice presentation and taste,uploaded,Positive,0.9288529753684998,,,
2/26/2026 11:53:39,Vedika Pardeshi,TE,College Canteen Ground Floor,4,Okay service,uploaded,Positive,0.6445388197898865,,,
2/26/2026 11:53:39,Vedika Pardeshi,TE,College Canteen 3rd Floor,3,May be some fresh food can be provided,uploaded,Positive,0.6620991826057434,,,
2/26/2026 11:53:39,Vedika Pardeshi,TE,SPJIMR Mess,5,Best experience,uploaded,Positive,0.8741474151611328,,,
2/26/2026 11:53:39,Vedika Pardeshi,TE,Vrindavan,4,Yes good!,uploaded,Positive,0.8728463053703308,,,
2/26/2026 12:31:38,Shreya Mahajan,TE,Manchurian Shop,5,"Very tasty, nostalgic almost",uploaded,Positive,0.8543432950973511,,,
2/26/2026 12:31:38,Shreya Mahajan,TE,Shawarma Shop,5,Shawarma is my life,uploaded,Positive,0.8312510251998901,,,
2/26/2026 12:31:38,Shreya Mahajan,TE,Amar Frankie,3,Nice one just that it has too much food color,uploaded,Negative,0.4153416156768799,,,
2/26/2026 12:31:38,Shreya Mahajan,TE,Juice Center,5,Love the Ganga Jamuna Saraswati drink and cold coffee,uploaded,Positive,0.9302276968955994,,,
2/26/2026 12:31:38,Shreya Mahajan,TE,Cluckins,3,Never tried it,uploaded,Negative,0.4681280851364136,,,
2/26/2026 12:31:38,Shreya Mahajan,TE,College Canteen Ground Floor,3,Too much waiting food quality bad,uploaded,Negative,0.4665686786174774,,,
2/26/2026 12:31:38,Shreya Mahajan,TE,College Canteen 3rd Floor,5,Good food homely good very good,uploaded,Positive,0.9245838522911072,,,
2/26/2026 12:31:38,Shreya Mahajan,TE,SPJIMR Mess,1,Unhygienic,uploaded,Negative,0.5221124291419983,,,
2/26/2026 12:31:38,Shreya Mahajan,TE,Vrindavan,5,Always my last resort,uploaded,Positive,0.5114394426345825,,,
2/26/2026 13:24:02,Riya More,TE,Manchurian Shop,2,hygiene issues,uploaded,Negative,0.4382323622703552,,,
2/26/2026 13:24:02,Riya More,TE,Shawarma Shop,3,its nice but still is not clean enough,uploaded,Negative,0.43130025267601013,,,
2/26/2026 13:24:02,Riya More,TE,Amar Frankie,4,nice menu,uploaded,Positive,0.9253909587860107,,,
2/26/2026 13:24:02,Riya More,TE,Juice Center,5,very nice,uploaded,Positive,0.896900475025177,,,
2/26/2026 13:24:02,Riya More,TE,Cluckins,4,service is very slow,uploaded,Negative,0.43180692195892334,,,
2/26/2026 13:24:02,Riya More,TE,College Canteen Ground Floor,4,good,uploaded,Positive,0.9122200608253479,,,
2/26/2026 13:24:02,Riya More,TE,College Canteen 3rd Floor,4,good,uploaded,Positive,0.9122200608253479,,,
2/26/2026 13:24:02,Riya More,TE,SPJIMR Mess,5,its nice,uploaded,Positive,0.8205552101135254,,,
2/26/2026 13:24:02,Riya More,TE,Vrindavan,4,good,uploaded,Positive,0.9122200608253479,,,
2/26/2026 13:26:45,Naman,TE,Manchurian Shop,3,Not so hygienic,uploaded,Negative,0.45810920000076294,,,
2/26/2026 13:26:45,Naman,TE,Shawarma Shop,1,Never tried,uploaded,Negative,0.44854333996772766,,,
2/26/2026 13:26:45,Naman,TE,Amar Frankie,4,Nice place,uploaded,Positive,0.9211046695709229,,,
2/26/2026 13:26:45,Naman,TE,Juice Center,5,Cold coffee supremacy,uploaded,Positive,0.6766345500946045,,,
2/26/2026 13:26:45,Naman,TE,Cluckins,1,Never tried,uploaded,Negative,0.44854333996772766,,,
2/26/2026 13:26:45,Naman,TE,College Canteen Ground Floor,3,Too crowded,uploaded,Negative,0.45427343249320984,,,
2/26/2026 13:26:45,Naman,TE,College Canteen 3rd Floor,5,Sandwich are best,uploaded,Positive,0.8589613437652588,,,
2/26/2026 13:26:45,Naman,TE,SPJIMR Mess,4,Nice place,uploaded,Positive,0.9211046695709229,,,
2/26/2026 13:26:45,Naman,TE,Vrindavan,4,Worth it,uploaded,Positive,0.8145033121109009,,,
2/26/2026 16:24:12,Parth Gujarkar,TE,Manchurian Shop,3,Unhygienic,uploaded,Negative,0.5221124291419983,,,
2/26/2026 16:24:12,Parth Gujarkar,TE,Shawarma Shop,4,Taste is good but sourcing of ingredients a bit dubious,uploaded,Neutral,0.3678678870201111,,,
2/26/2026 16:24:12,Parth Gujarkar,TE,Amar Frankie,4,"Good taste and hygiene, but unhealthy ingredients used",uploaded,Negative,0.4609883725643158,,,
2/26/2026 16:24:12,Parth Gujarkar,TE,Juice Center,4,"Healthy and fresh, but quality of ingredients a concern",uploaded,Positive,0.39609113335609436,,,
2/26/2026 16:24:12,Parth Gujarkar,TE,Cluckins,3,Sourcing of ingredients not trustworthy,uploaded,Negative,0.49482104182243347,,,
2/26/2026 16:24:12,Parth Gujarkar,TE,College Canteen Ground Floor,3,Most of the items aren't healthy and energetic,uploaded,Negative,0.4031475782394409,,,
2/26/2026 16:24:12,Parth Gujarkar,TE,College Canteen 3rd Floor,3,saa,uploaded,Negative,0.3927684426307678,,,
2/26/2026 16:24:12,Parth Gujarkar,TE,SPJIMR Mess,5,Good food quality and quantity,uploaded,Positive,0.9190284609794617,,,
2/26/2026 16:24:12,Parth Gujarkar,TE,Vrindavan,3,Good taste but slightly expensive,uploaded,Positive,0.39331647753715515,,,
2/26/2026 18:35:04,Apurva A Khangal,TE,Manchurian Shop,4,The Manchurian Shop is good overall. The food tastes nice and the bhaji pav is especially good. The quality is consistent and the pricing is reasonable for students.,uploaded,Positive,0.928006112575531,,,
2/26/2026 18:35:04,Apurva A Khangal,TE,Shawarma Shop,3,"I have not personally tried the shawarma yet, so I cannot comment much on the taste or quality. However, it seems popular among students and usually has decent crowd.",uploaded,Positive,0.7387434840202332,,,
2/26/2026 18:35:04,Apurva A Khangal,TE,Amar Frankie,3,"The Frankie is okayish. The taste is decent and portion size is average. It is a quick and convenient snack option, but there is scope for improvement in overall flavor and presentation.",uploaded,Positive,0.5826151967048645,,,
2/26/2026 18:35:04,Apurva A Khangal,TE,Juice Center,4,The Juice Center is nice and refreshing. The juices are fresh and taste good. It is a good spot for healthy drink options. Pricing is fair and service is quick.,uploaded,Positive,0.9245602488517761,,,
2/26/2026 18:35:04,Apurva A Khangal,TE,Cluckins,3,"I have not tried Cluckins yet, so I cannot provide detailed feedback. However, it seems to have a good variety of options and looks appealing.",uploaded,Positive,0.6696423888206482,,,
2/26/2026 18:35:04,Apurva A Khangal,TE,College Canteen Ground Floor,4,"The ground floor canteen is nice. The food quality is good and pricing is student-friendly. Service is generally smooth, though it can get crowded during peak hours.",uploaded,Positive,0.9086289405822754,,,
2/26/2026 18:35:04,Apurva A Khangal,TE,College Canteen 3rd Floor,4,The 3rd floor canteen is also nice. The seating area is comfortable and the food is decent. Overall experience is good and suitable for regular meals.,uploaded,Positive,0.9136710166931152,,,
2/26/2026 18:35:04,Apurva A Khangal,TE,SPJIMR Mess,4,SPJIMR Mess is also nice. The food is hygienic and meals are well-balanced. The quality is consistent and suitable for daily eating.,uploaded,Positive,0.9268510341644287,,,
2/26/2026 18:35:04,Apurva A Khangal,TE,Vrindavan,5,"Vrindavan is the best among all. The food quality is excellent and the taste is very good. Cleanliness and service are impressive, and overall experience is very satisfying.",uploaded,Positive,0.9260344505310059,,,
2/26/2026 20:43:38,Yug Bhanushali,TE,Manchurian Shop,4,Very good,uploaded,Positive,0.8968396782875061,,,
2/26/2026 20:43:38,Yug Bhanushali,TE,Shawarma Shop,5,Shawarma can never go wrong,uploaded,Positive,0.7532798647880554,,,
2/26/2026 20:43:38,Yug Bhanushali,TE,Amar Frankie,4,Mid food but affordable,uploaded,Positive,0.6544787287712097,,,
2/26/2026 20:43:38,Yug Bhanushali,TE,Juice Center,4,Tasty but expensive,uploaded,Positive,0.7088711857795715,,,
2/26/2026 20:43:38,Yug Bhanushali,TE,Cluckins,5,Good food and easy in the pocket,uploaded,Positive,0.917654275894165,,,
2/26/2026 20:43:38,Yug Bhanushali,TE,College Canteen Ground Floor,4,Decent,uploaded,Positive,0.4708666503429413,,,
2/26/2026 20:43:38,Yug Bhanushali,TE,College Canteen 3rd Floor,3,Sometimes good sometimes bad,uploaded,Negative,0.387134850025177,,,
2/26/2026 20:43:38,Yug Bhanushali,TE,SPJIMR Mess,4,Good for daily meals,uploaded,Positive,0.9154180288314819,,,
2/26/2026 20:43:38,Yug Bhanushali,TE,Vrindavan,5,"Really good, pocket friendly and really good food",uploaded,Positive,0.922464907169342,,,
2/27/2026 8:32:29,Siddh Jain,TE,Manchurian Shop,3,"They maintain the bare minimum when it comes to hygiene, taste is good but its a gamble for disease.",uploaded,Negative,0.3719651401042938,,,
2/27/2026 8:32:29,Siddh Jain,TE,Shawarma Shop,1,"Can't rate, never eaten",uploaded,Negative,0.5072555541992188,,,
2/27/2026 8:32:29,Siddh Jain,TE,Amar Frankie,4,"top 2 frankie shops, uses gloves, nice quantity, taste is above par",uploaded,Positive,0.7702603340148926,,,
2/27/2026 8:32:29,Siddh Jain,TE,Juice Center,5,"Choco, Oreo, chocolate strawberry, lotus biscoff, really change the trajectory of a bad day. 10/10 would recommend!",uploaded,Positive,0.9317231178283691,,,
2/27/2026 8:32:29,Siddh Jain,TE,Cluckins,1,Never eaten.,uploaded,Negative,0.4851856231689453,,,
2/27/2026 8:32:29,Siddh Jain,TE,College Canteen Ground Floor,2,"If SPCE mess didn't exist, this would be the worst canteen in all campus. They got spjain staff but forgot the pocket-friendly and quality of the food in spjain mess.",uploaded,Negative,0.4097535312175751,,,
2/27/2026 8:32:29,Siddh Jain,TE,College Canteen 3rd Floor,4,"Sandwich dude is pretty nice, ice creams are not in stock usually, regardless, nice canteen.",uploaded,Positive,0.7979367971420288,,,
2/27/2026 8:32:29,Siddh Jain,TE,SPJIMR Mess,5,"Best canteen to ever exist, raises your standards when you walk into it, the fees of SPJain is justified by their mess.",uploaded,Positive,0.9095391035079956,,,
2/27/2026 8:32:29,Siddh Jain,TE,Vrindavan,4,"Most trustable place in terms of quality, great taste, dependable when with large groups, service is a bit slow though.",uploaded,Positive,0.6568199992179871,,,
3/1/2026 12:35:33,Vatsal Jain,TE,Manchurian Shop,3,Can be better,uploaded,Negative,0.3817496597766876,,,
3/1/2026 12:35:33,Vatsal Jain,TE,Shawarma Shop,1,Im veg,uploaded,Negative,0.42070335149765015,,,
3/1/2026 12:35:33,Vatsal Jain,TE,Amar Frankie,3,Good,uploaded,Positive,0.9122200608253479,,,
3/1/2026 12:35:33,Vatsal Jain,TE,Juice Center,4,Very good,uploaded,Positive,0.8968396782875061,,,
3/1/2026 12:35:33,Vatsal Jain,TE,Cluckins,1,Im veg,uploaded,Negative,0.42070335149765015,,,
3/1/2026 12:35:33,Vatsal Jain,TE,College Canteen Ground Floor,3,Can have more food items and better icecreams,uploaded,Positive,0.6767950654029846,,,
3/1/2026 12:35:33,Vatsal Jain,TE,College Canteen 3rd Floor,4,Good,uploaded,Positive,0.9122200608253479,,,
3/1/2026 12:35:33,Vatsal Jain,TE,SPJIMR Mess,4,Great,uploaded,Positive,0.8883891105651855,,,
3/1/2026 12:35:33,Vatsal Jain,TE,Vrindavan,5,Perfect,uploaded,Positive,0.8563752174377441,,,
3/1/2026 12:36:15,Rachel,TE,Manchurian Shop,2,cheap manchurian and cheap quality as well. im utterly disappointed. it was well priced but i have a negative experience,uploaded,Negative,0.44165849685668945,,,
3/1/2026 12:36:15,Rachel,TE,Shawarma Shop,4,"Good Shawarma, delicious flavours, but it didnt seem so hygienic, could improve on cleanliness",uploaded,Positive,0.7352339029312134,,,
3/1/2026 12:36:15,Rachel,TE,Amar Frankie,5,"loved the frankie, mesmerising taste",uploaded,Positive,0.882131814956665,,,
3/1/2026 12:36:15,Rachel,TE,Juice Center,3,"it tastes like water, theyre pricing us so much for bland juice",uploaded,Negative,0.4676326513290405,,,
3/1/2026 12:36:15,Rachel,TE,Cluckins,3,"the place smells a little too strong, chicken is good and fresh though but theres no environment to sit and enjoy your meal",uploaded,Positive,0.3699449598789215,,,
3/1/2026 12:36:15,Rachel,TE,College Canteen Ground Floor,1,cockroaches were in the coffee and its so sweet. never going there again,uploaded,Negative,0.4501449167728424,,,
3/1/2026 12:36:15,Rachel,TE,College Canteen 3rd Floor,2,slightly more decent because they have more packaged snacks,uploaded,Positive,0.48121798038482666,,,
3/1/2026 12:36:15,Rachel,TE,SPJIMR Mess,4,"cockroaches in the kitchen, not clean at all, they dont even wear gloves so its very unhygienic",uploaded,Negative,0.520500659942627,,,
3/1/2026 12:36:15,Rachel,TE,Vrindavan,4,"vegetarian food only, no better options for nonvegetarian customers, thats bad",uploaded,Negative,0.42527443170547485,,,
3/1/2026 12:37:30,Hitesh Ghanchi,TE,Manchurian Shop,4,"The place is clean. The food tastes okayish, and their prices are affordable.",uploaded,Positive,0.849890947341919,,,
3/1/2026 12:37:30,Hitesh Ghanchi,TE,Shawarma Shop,3,"As the name suggests there is no food for vegetarians, so can't comment much. But the place is always packed, so the food is ought to be tasty.",uploaded,Positive,0.5456202626228333,,,
3/1/2026 12:37:30,Hitesh Ghanchi,TE,Amar Frankie,5,"The go to place for delicious frankie. They provide a lot of different frankie options. The food is delicious and affordable, but they can try to increase the hygiene.",uploaded,Positive,0.9088901281356812,,,
3/1/2026 12:37:30,Hitesh Ghanchi,TE,Juice Center,5,"The variety of juice and shake options. The prices are good, the fruits used are fresh. Strongly recommended.",uploaded,Positive,0.9293802976608276,,,
3/1/2026 12:37:30,Hitesh Ghanchi,TE,Cluckins,1,Never tried. So can't comment much.,uploaded,Negative,0.4980714023113251,,,
3/1/2026 12:37:30,Hitesh Ghanchi,TE,College Canteen Ground Floor,3,"The food is fine, but they can try to improve hygiene. The place is filthy, and the food is eatable, not great.",uploaded,Negative,0.418048620223999,,,
3/1/2026 12:37:30,Hitesh Ghanchi,TE,College Canteen 3rd Floor,4,"Sandwiches are good. Cold coffee, and various go to options available. Better hygiene than the other canteen.",uploaded,Positive,0.9141800999641418,,,
3/1/2026 12:37:30,Hitesh Ghanchi,TE,SPJIMR Mess,4,The food is good. The prices are great and strongly recommended for college people.,uploaded,Positive,0.9266989827156067,,,
3/1/2026 12:37:30,Hitesh Ghanchi,TE,Vrindavan,5,"A really good place for vegetarians. A variety of food options, only place which provides sitting so that is a plus.",uploaded,Positive,0.931575357913971,,,
3/1/2026 12:37:32,Arushi Jain,TE,Manchurian Shop,2,"seems unhygienic, not healthy, roadside dirty",uploaded,Negative,0.49916473031044006,,,
3/1/2026 12:37:32,Arushi Jain,TE,Shawarma Shop,2,"Very small shop, roadside, unhygienic, no veg options",uploaded,Negative,0.46340763568878174,,,
3/1/2026 12:37:32,Arushi Jain,TE,Amar Frankie,4,"Yummy, tastier and healthier option, very freshly made hot frankies",uploaded,Positive,0.9388297200202942,,,
3/1/2026 12:37:32,Arushi Jain,TE,Juice Center,5,"Warm and sweet staff, seasonal menu upgrades the uniqueness, have softies mangoes and strawberry in summers. Healthiest and bestest juice place.",uploaded,Positive,0.9291892647743225,,,
3/1/2026 12:37:32,Arushi Jain,TE,Cluckins,3,"Proper shop not a stall, have student offers are good",uploaded,Positive,0.885684072971344,,,
3/1/2026 12:37:32,Arushi Jain,TE,College Canteen Ground Floor,3,"Limited menu, monotonous and boring, coffee is too sweet, very affordable, no space to sit",uploaded,Negative,0.49527329206466675,,,
3/1/2026 12:37:32,Arushi Jain,TE,College Canteen 3rd Floor,4,"Peaceful, quite and airy space to sit, thali and lunch option available along with pani puri which is a usp",uploaded,Positive,0.9300896525382996,,,
3/1/2026 12:37:32,Arushi Jain,TE,SPJIMR Mess,4,"Different from other canteens, mini pizza and brownie are too yum, nice crowd",uploaded,Positive,0.8833742737770081,,,
3/1/2026 12:37:32,Arushi Jain,TE,Vrindavan,5,"Go to place, sizzling brownie has my heart, pav bhaji aloo paratha is my comfort-food, just the water glasses arent clean",uploaded,Positive,0.8305037617683411,,,
3/1/2026 12:42:41,Rasika Tukaram Mane,TE,Manchurian Shop,4,Hygienic conditions still lack,uploaded,Negative,0.4720291793346405,,,
3/1/2026 12:42:41,Rasika Tukaram Mane,TE,Shawarma Shop,3,Chicken quality I doubt,uploaded,Negative,0.3582018315792084,,,
3/1/2026 12:42:41,Rasika Tukaram Mane,TE,Amar Frankie,5,But still again hygiene should have been maintained more,uploaded,Negative,0.3831295967102051,,,
3/1/2026 12:42:41,Rasika Tukaram Mane,TE,Juice Center,5,Good cleanliness and quality,uploaded,Positive,0.9226559400558472,,,
3/1/2026 12:42:41,Rasika Tukaram Mane,TE,Cluckins,4,Good,uploaded,Positive,0.9122200608253479,,,
3/1/2026 12:42:41,Rasika Tukaram Mane,TE,College Canteen Ground Floor,2,Needs cleanliness maintenance food quality not so good also price is ok but smells really awful of the area and gloves needed for staff,uploaded,Negative,0.3920768201351166,,,
3/1/2026 12:42:41,Rasika Tukaram Mane,TE,College Canteen 3rd Floor,5,Good,uploaded,Positive,0.9122200608253479,,,
3/1/2026 12:42:41,Rasika Tukaram Mane,TE,SPJIMR Mess,4,Good but food quality can be improved better,uploaded,Neutral,0.3423944413661957,,,
3/1/2026 12:42:41,Rasika Tukaram Mane,TE,Vrindavan,5,I love their service and food quality,uploaded,Positive,0.9139546155929565,,,
3/1/2026 12:45:09,Nidhi Patel,TE,Manchurian Shop,2,"The taste of the Manchurian is decent and flavorful, but there are noticeable hygiene issues. The food quality is average, and the pricing is reasonable. However, cleanliness and proper food handling practices need improvement to enhance the overall experience.",uploaded,Positive,0.5613084435462952,,,
3/1/2026 12:45:09,Nidhi Patel,TE,Shawarma Shop,3,"The shawarma tastes good and is moderately satisfying. The flavors are balanced, and the portion size is fair for the price. However, the hygiene standards and service efficiency could be improved to make the experience more pleasant and reliable.",uploaded,Positive,0.7715991735458374,,,
3/1/2026 12:45:09,Nidhi Patel,TE,Amar Frankie,4,"Amar Frankie offers delicious, well-stuffed, and flavorful frankies. The ingredients taste fresh, and the service is quick and efficient. Pricing is reasonable, making it a great value-for-money option. Overall, a satisfying and enjoyable experience.",uploaded,Positive,0.9227524995803833,,,
3/1/2026 12:45:09,Nidhi Patel,TE,Juice Center,5,"The juice quality is fresh, refreshing, and well-prepared. There are multiple healthy options available, and the taste is consistently good. Pricing is affordable, and service is fairly quick. Overall, a pleasant and refreshing experience.",uploaded,Positive,0.9274636507034302,,,
3/1/2026 12:45:09,Nidhi Patel,TE,Cluckins,4,"Cluckins serves crispy, flavorful, and well-cooked food items. The quality and taste are impressive, and the ambiance is decent. However, the pricing feels slightly expensive compared to portion size. Despite that, the overall experience is good.",uploaded,Positive,0.8764649033546448,,,
3/1/2026 12:45:09,Nidhi Patel,TE,College Canteen Ground Floor,3,"The food variety is decent, and pricing is affordable for students. However, hygiene standards need improvement. Staff should maintain better cleanliness practices, including wearing gloves while serving food. With improved hygiene, the experience could be much better.",uploaded,Positive,0.6703969836235046,,,
3/1/2026 12:45:09,Nidhi Patel,TE,College Canteen 3rd Floor,3,"The food quality is average, and pricing is student-friendly. Similar to the ground floor canteen, hygiene standards require improvement. Better cleanliness and proper food handling practices would significantly enhance the overall experience.",uploaded,Positive,0.5036307573318481,,,
3/1/2026 12:45:09,Nidhi Patel,TE,SPJIMR Mess,4,"The mess provides nutritious, well-balanced, and homely food. The quality is consistent, and the meals are filling and satisfying. Cleanliness is maintained properly, and the overall experience is reliable and comfortable.",uploaded,Positive,0.9219321608543396,,,
3/1/2026 12:45:09,Nidhi Patel,TE,Vrindavan,5,"Vrindavan offers excellent, high-quality, and flavorful food with a pleasant dining environment. The service is efficient, and cleanliness standards are well maintained. The pricing is justified by the taste and portion size. Overall, an outstanding and highly satisfying experience.",uploaded,Positive,0.927155077457428,,,
3/1/2026 12:49:03,Rehan Ansari,TE,Manchurian Shop,3,Most of the outlet are bad,uploaded,Negative,0.4144342839717865,,,
3/1/2026 12:49:03,Rehan Ansari,TE,Shawarma Shop,1,Non of them works on authentic arab taste,uploaded,Negative,0.3883249759674072,,,
3/1/2026 12:49:03,Rehan Ansari,TE,Amar Frankie,3,"Gives hot food in plastic, like bro want to kill me",uploaded,Negative,0.4001757800579071,,,
3/1/2026 12:49:03,Rehan Ansari,TE,Juice Center,4,Looks much more professional,uploaded,Positive,0.47031351923942566,,,
3/1/2026 12:49:03,Rehan Ansari,TE,Cluckins,4,Na,uploaded,Negative,0.4121248722076416,,,
3/1/2026 12:49:03,Rehan Ansari,TE,College Canteen Ground Floor,2,Too expensive,uploaded,Negative,0.4663134515285492,,,
3/1/2026 12:49:03,Rehan Ansari,TE,College Canteen 3rd Floor,2,Too expensive,uploaded,Negative,0.4663134515285492,,,
3/1/2026 12:49:03,Rehan Ansari,TE,SPJIMR Mess,3,Expensive but good quality food,uploaded,Positive,0.5180366635322571,,,
3/1/2026 12:49:03,Rehan Ansari,TE,Vrindavan,1,Na,uploaded,Negative,0.4121248722076416,,,
3/1/2026 13:35:58,Asmiya Sayyad,TE,Manchurian Shop,1,"Not clean, can see flies hovering",uploaded,Negative,0.467193603515625,,,
3/1/2026 13:35:58,Asmiya Sayyad,TE,Shawarma Shop,1,Smells near their shop,uploaded,Negative,0.3992575407028198,,,
3/1/2026 13:35:58,Asmiya Sayyad,TE,Amar Frankie,2,Cant see any employees wearing gloves,uploaded,Negative,0.4719250798225403,,,
3/1/2026 13:35:58,Asmiya Sayyad,TE,Juice Center,4,Good hygiene,uploaded,Positive,0.9026088118553162,,,
3/1/2026 13:35:58,Asmiya Sayyad,TE,Cluckins,4,Good hygiene,uploaded,Positive,0.9026088118553162,,,
3/1/2026 13:35:58,Asmiya Sayyad,TE,College Canteen Ground Floor,2,It smells,uploaded,Positive,0.42428481578826904,,,
3/1/2026 13:35:58,Asmiya Sayyad,TE,College Canteen 3rd Floor,4,Good management,uploaded,Positive,0.8935333490371704,,,
3/1/2026 13:35:58,Asmiya Sayyad,TE,SPJIMR Mess,4,Food quality good,uploaded,Positive,0.8973953723907471,,,
3/1/2026 13:35:58,Asmiya Sayyad,TE,Vrindavan,4,Good food quality,uploaded,Positive,0.9258604049682617,,,
3/1/2026 13:37:04,Sneha Kapte,TE,Manchurian Shop,1,Cleanliness standards did not meet Expectations.,uploaded,Negative,0.47662192583084106,,,
3/1/2026 13:37:04,Sneha Kapte,TE,Shawarma Shop,1,The dining area needed better upkeep.,uploaded,Negative,0.3950505554676056,,,
3/1/2026 13:37:04,Sneha Kapte,TE,Amar Frankie,2,Improve order accuracy would strengthen the overall service experience.,uploaded,Positive,0.7997526526451111,,,
3/1/2026 13:37:04,Sneha Kapte,TE,Juice Center,2,Flavor was too diluted.,uploaded,Negative,0.4987223744392395,,,
3/1/2026 13:37:04,Sneha Kapte,TE,Cluckins,1,Overall good,uploaded,Positive,0.9133015275001526,,,
3/1/2026 13:37:04,Sneha Kapte,TE,College Canteen Ground Floor,2,It lacked flavour and freshness,uploaded,Negative,0.46091222763061523,,,
3/1/2026 13:37:04,Sneha Kapte,TE,College Canteen 3rd Floor,4,Fresh ingredients and great flavors.,uploaded,Positive,0.9221928119659424,,,
3/1/2026 13:37:04,Sneha Kapte,TE,SPJIMR Mess,3,Quality did not meet Expectations.,uploaded,Negative,0.48513853549957275,,,
3/1/2026 13:37:04,Sneha Kapte,TE,Vrindavan,5,Amazing food and great service.,uploaded,Positive,0.9239946007728577,,,
3/1/2026 13:43:44,Aniruddh Iyer,TE,Manchurian Shop,4,good,uploaded,Positive,0.9122200608253479,,,
3/1/2026 13:43:44,Aniruddh Iyer,TE,Shawarma Shop,2,unhygenic,uploaded,Negative,0.4956214427947998,,,
3/1/2026 13:43:44,Aniruddh Iyer,TE,Amar Frankie,3,decent,uploaded,Positive,0.4708666503429413,,,
3/1/2026 13:43:44,Aniruddh Iyer,TE,Juice Center,5,tasty,uploaded,Positive,0.9083779454231262,,,
3/1/2026 13:43:44,Aniruddh Iyer,TE,Cluckins,2,average,uploaded,Negative,0.38880664110183716,,,
3/1/2026 13:43:44,Aniruddh Iyer,TE,College Canteen Ground Floor,4,cost-effective,uploaded,Positive,0.87197345495224,,,
3/1/2026 13:43:44,Aniruddh Iyer,TE,College Canteen 3rd Floor,3,nice,uploaded,Positive,0.8867282271385193,,,
3/1/2026 13:43:44,Aniruddh Iyer,TE,SPJIMR Mess,5,outstanding,uploaded,Positive,0.7970902323722839,,,
3/1/2026 13:43:44,Aniruddh Iyer,TE,Vrindavan,4,expensive,uploaded,Negative,0.3990049660205841,,,
3/1/2026 15:21:54,Lalita Dhavale,TE,Manchurian Shop,2,Okayish Not a big fan tbh,uploaded,Negative,0.42194509506225586,,,
3/1/2026 15:21:54,Lalita Dhavale,TE,Shawarma Shop,1,never tried i am veg,uploaded,Negative,0.4309505820274353,,,
3/1/2026 15:21:54,Lalita Dhavale,TE,Amar Frankie,3,"hygiene wise its very bad, that guy literally has his mouth filled with tobacco",uploaded,Negative,0.4052274525165558,,,
3/1/2026 15:21:54,Lalita Dhavale,TE,Juice Center,5,best so far! even the packaging is solid. They have a lot of variety as well. A really great option for days when u dont know what to have,uploaded,Positive,0.9113725423812866,,,
3/1/2026 15:21:54,Lalita Dhavale,TE,Cluckins,3,never been there but my friends have enjoyed it altho the menu is very limited,uploaded,Negative,0.35054153203964233,,,
3/1/2026 15:21:54,Lalita Dhavale,TE,College Canteen Ground Floor,3,the go-to place the menu is limited but taste wise not a bad option,uploaded,Positive,0.5217099785804749,,,
3/1/2026 15:21:54,Lalita Dhavale,TE,College Canteen 3rd Floor,3,sandwiches are nice,uploaded,Positive,0.9051259756088257,,,
3/1/2026 15:21:54,Lalita Dhavale,TE,SPJIMR Mess,4,quite a lot of variety wholesome meals with reasonable prices.,uploaded,Positive,0.933943510055542,,,
3/1/2026 15:21:54,Lalita Dhavale,TE,Vrindavan,4,AWESOME! you can have literally anything there. Although i feel the pricing isnt too reasonable for students.,uploaded,Positive,0.5405497550964355,,,
3/1/2026 16:09:16,Krishika Jalali,TE,Manchurian Shop,4,Gloves needed,uploaded,Negative,0.43150973320007324,,,
3/1/2026 16:09:16,Krishika Jalali,TE,Shawarma Shop,4,Dust from road,uploaded,Negative,0.46568742394447327,,,
3/1/2026 16:09:16,Krishika Jalali,TE,Amar Frankie,5,Tasty but spicy,uploaded,Positive,0.8181458115577698,,,
3/1/2026 16:09:16,Krishika Jalali,TE,Juice Center,4,Overpriced,uploaded,Negative,0.5402304530143738,,,
3/1/2026 16:09:16,Krishika Jalali,TE,Cluckins,5,Nice,uploaded,Positive,0.8867282271385193,,,
3/1/2026 16:09:16,Krishika Jalali,TE,College Canteen Ground Floor,3,"Unhygienic, saw cockroaches",uploaded,Negative,0.5016966462135315,,,
3/1/2026 16:09:16,Krishika Jalali,TE,College Canteen 3rd Floor,4,Needs more cleanliness,uploaded,Negative,0.42603036761283875,,,
3/1/2026 16:09:16,Krishika Jalali,TE,SPJIMR Mess,4,"Food quality can be improved, add more green vegetables",uploaded,Positive,0.7382451295852661,,,
3/1/2026 16:09:16,Krishika Jalali,TE,Vrindavan,5,Pricy but worth it.,uploaded,Positive,0.7035829424858093,,,
3/1/2026 22:54:26,Harsh Malpani,TE,Manchurian Shop,2,Very unhygienic,uploaded,Negative,0.49826759099960327,,,
3/1/2026 22:54:26,Harsh Malpani,TE,Shawarma Shop,2,Only non veg options,uploaded,Negative,0.41811808943748474,,,
3/1/2026 22:54:26,Harsh Malpani,TE,Amar Frankie,5,Fast tasty frankie and reasonable,uploaded,Positive,0.9281732439994812,,,
3/1/2026 22:54:26,Harsh Malpani,TE,Juice Center,4,Different varieties of juices,uploaded,Positive,0.91302490234375,,,
3/1/2026 22:54:26,Harsh Malpani,TE,Cluckins,2,Common kitchen for veg and non veg,uploaded,Positive,0.4190113842487335,,,
3/1/2026 22:54:26,Harsh Malpani,TE,College Canteen Ground Floor,3,Chat centre is very good,uploaded,Positive,0.9154235124588013,,,
3/1/2026 22:54:26,Harsh Malpani,TE,College Canteen 3rd Floor,3,Misal pav is good and fulfilling,uploaded,Positive,0.9006362557411194,,,
3/1/2026 22:54:26,Harsh Malpani,TE,SPJIMR Mess,4,Unlimited healthy nutritious food,uploaded,Positive,0.9314841628074646,,,
3/1/2026 22:54:26,Harsh Malpani,TE,Vrindavan,5,Best of all but priced higher since its a restaurant,uploaded,Positive,0.4645600914955139,,,
3/21/2026 0:14:27,Prachi Barhate,TE,Manchurian Shop,3,Good,uploaded,Positive,0.9122200608253479,,,
3/21/2026 0:14:27,Prachi Barhate,TE,Shawarma Shop,3,tasty,uploaded,Positive,0.9083779454231262,,,
3/21/2026 0:14:27,Prachi Barhate,TE,Amar Frankie,3,yummy,uploaded,Positive,0.8483255505561829,,,
3/21/2026 0:14:27,Prachi Barhate,TE,Juice Center,3,fresh juice,uploaded,Positive,0.8871064186096191,,,
3/21/2026 0:14:27,Prachi Barhate,TE,Cluckins,3,too oily,uploaded,Negative,0.4738200008869171,,,
3/21/2026 0:14:27,Prachi Barhate,TE,College Canteen Ground Floor,4,too crowded,uploaded,Negative,0.45427343249320984,,,
3/21/2026 0:14:27,Prachi Barhate,TE,College Canteen 3rd Floor,4,nice,uploaded,Positive,0.8867282271385193,,,
3/21/2026 0:14:27,Prachi Barhate,TE,SPJIMR Mess,4,best option,uploaded,Positive,0.8873460292816162,,,
3/21/2026 0:14:27,Prachi Barhate,TE,Vrindavan,5,expensive,uploaded,Negative,0.3990049660205841,,,
